2026-09-07T17:08:00.777+0900 [DEBUG] [org.gradle.launcher.daemon.bootstrap.DaemonMain] Assuming the daemon was started with following jvm opts: [-XX:MaxMetaspaceSize=384m, -XX:+HeapDumpOnOutOfMemoryError, -Xms256m, -Xmx512m, -Dfile.encoding=UTF-8, -Duser.country=KR, -Duser.language=ko, -Duser.variant]
2026-09-07T17:08:00.844+0900 [DEBUG] [org.gradle.internal.remote.internal.inet.InetAddresses] Adding IP addresses for network interface Hyper-V Virtual Switch Extension Adapter-Hyper-V Virtual Switch Extension Filter-0000
2026-09-07T17:08:00.845+0900 [DEBUG] [org.gradle.internal.remote.internal.inet.InetAddresses] Is this a loopback interface? false
2026-09-07T17:08:00.848+0900 [DEBUG] [org.gradle.internal.remote.internal.inet.InetAddresses] Adding IP addresses for network interface Hyper-V Virtual Ethernet Adapter-WFP Native MAC Layer LightWeight Filter-0000
2026-09-07T17:08:00.848+0900 [DEBUG] [org.gradle.internal.remote.internal.inet.InetAddresses] Is this a loopback interface? false
2026-09-07T17:08:00.848+0900 [DEBUG] [org.gradle.internal.remote.internal.inet.InetAddresses] Adding IP addresses for network interface Hyper-V Virtual Ethernet Adapter-QoS Packet Scheduler-0000
2026-09-07T17:08:00.848+0900 [DEBUG] [org.gradle.internal.remote.internal.inet.InetAddresses] Is this a loopback interface? false
2026-09-07T17:08:00.849+0900 [DEBUG] [org.gradle.internal.remote.internal.inet.InetAddresses] Adding IP addresses for network interface Hyper-V Virtual Ethernet Adapter-WFP 802.3 MAC Layer LightWeight Filter-0000
2026-09-07T17:08:00.849+0900 [DEBUG] [org.gradle.internal.remote.internal.inet.InetAddresses] Is this a loopback interface? false
2026-09-07T17:08:00.849+0900 [DEBUG] [org.gradle.internal.remote.internal.inet.InetAddresses] Adding IP addresses for network interface WAN Miniport (IP)-WFP Native MAC Layer LightWeight Filter-0000
2026-09-07T17:08:00.849+0900 [DEBUG] [org.gradle.internal.remote.internal.inet.InetAddresses] Is this a loopback interface? false
2026-09-07T17:08:00.849+0900 [DEBUG] [org.gradle.internal.remote.internal.inet.InetAddresses] Adding IP addresses for network interface WAN Miniport (IP)-QoS Packet Scheduler-0000
2026-09-07T17:08:00.850+0900 [DEBUG] [org.gradle.internal.remote.internal.inet.InetAddresses] Is this a loopback interface? false
2026-09-07T17:08:00.850+0900 [DEBUG] [org.gradle.internal.remote.internal.inet.InetAddresses] Adding IP addresses for network interface WAN Miniport (IPv6)-WFP Native MAC Layer LightWeight Filter-0000
2026-09-07T17:08:00.850+0900 [DEBUG] [org.gradle.internal.remote.internal.inet.InetAddresses] Is this a loopback interface? false
2026-09-07T17:08:00.850+0900 [DEBUG] [org.gradle.internal.remote.internal.inet.InetAddresses] Adding IP addresses for network interface WAN Miniport (IPv6)-QoS Packet Scheduler-0000
2026-09-07T17:08:00.850+0900 [DEBUG] [org.gradle.internal.remote.internal.inet.InetAddresses] Is this a loopback interface? false
2026-09-07T17:08:00.851+0900 [DEBUG] [org.gradle.internal.remote.internal.inet.InetAddresses] Adding IP addresses for network interface WAN Miniport (Network Monitor)-WFP Native MAC Layer LightWeight Filter-0000
2026-09-07T17:08:00.851+0900 [DEBUG] [org.gradle.internal.remote.internal.inet.InetAddresses] Is this a loopback interface? false
2026-09-07T17:08:00.851+0900 [DEBUG] [org.gradle.internal.remote.internal.inet.InetAddresses] Adding IP addresses for network interface Realtek PCIe GbE Family Controller-WFP Native MAC Layer LightWeight Filter-0000
2026-09-07T17:08:00.851+0900 [DEBUG] [org.gradle.internal.remote.internal.inet.InetAddresses] Is this a loopback interface? false
2026-09-07T17:08:00.851+0900 [DEBUG] [org.gradle.internal.remote.internal.inet.InetAddresses] Adding IP addresses for network interface Realtek PCIe GbE Family Controller-QoS Packet Scheduler-0000
2026-09-07T17:08:00.851+0900 [DEBUG] [org.gradle.internal.remote.internal.inet.InetAddresses] Is this a loopback interface? false
2026-09-07T17:08:00.852+0900 [DEBUG] [org.gradle.internal.remote.internal.inet.InetAddresses] Adding IP addresses for network interface Realtek PCIe GbE Family Controller-WFP 802.3 MAC Layer LightWeight Filter-0000
2026-09-07T17:08:00.852+0900 [DEBUG] [org.gradle.internal.remote.internal.inet.InetAddresses] Is this a loopback interface? false
2026-09-07T17:08:00.852+0900 [DEBUG] [org.gradle.internal.remote.internal.inet.InetAddresses] Adding IP addresses for network interface WAN Miniport (Network Monitor)-QoS Packet Scheduler-0000
2026-09-07T17:08:00.852+0900 [DEBUG] [org.gradle.internal.remote.internal.inet.InetAddresses] Is this a loopback interface? false
2026-09-07T17:08:00.852+0900 [DEBUG] [org.gradle.internal.remote.internal.inet.InetAddresses] Adding IP addresses for network interface Hyper-V Virtual Switch Extension Adapter #2-Hyper-V Virtual Switch Extension Filter-0000
2026-09-07T17:08:00.853+0900 [DEBUG] [org.gradle.internal.remote.internal.inet.InetAddresses] Is this a loopback interface? false
2026-09-07T17:08:00.853+0900 [DEBUG] [org.gradle.internal.remote.internal.inet.InetAddresses] Adding IP addresses for network interface Hyper-V Virtual Switch Extension Adapter #2-Virtual Filtering Platform VMSwitch Extension-0000
2026-09-07T17:08:00.853+0900 [DEBUG] [org.gradle.internal.remote.internal.inet.InetAddresses] Is this a loopback interface? false
2026-09-07T17:08:00.853+0900 [DEBUG] [org.gradle.internal.remote.internal.inet.InetAddresses] Adding IP addresses for network interface Hyper-V Virtual Ethernet Adapter #2-WFP Native MAC Layer LightWeight Filter-0000
2026-09-07T17:08:00.853+0900 [DEBUG] [org.gradle.internal.remote.internal.inet.InetAddresses] Is this a loopback interface? false
2026-09-07T17:08:00.854+0900 [DEBUG] [org.gradle.internal.remote.internal.inet.InetAddresses] Adding IP addresses for network interface Hyper-V Virtual Ethernet Adapter #2-QoS Packet Scheduler-0000
2026-09-07T17:08:00.854+0900 [DEBUG] [org.gradle.internal.remote.internal.inet.InetAddresses] Is this a loopback interface? false
2026-09-07T17:08:00.854+0900 [DEBUG] [org.gradle.internal.remote.internal.inet.InetAddresses] Adding IP addresses for network interface Hyper-V Virtual Ethernet Adapter #2-WFP 802.3 MAC Layer LightWeight Filter-0000
2026-09-07T17:08:00.854+0900 [DEBUG] [org.gradle.internal.remote.internal.inet.InetAddresses] Is this a loopback interface? false
2026-09-07T17:08:00.855+0900 [DEBUG] [org.gradle.internal.remote.internal.inet.InetAddresses] Adding IP addresses for network interface Realtek PCIe GbE Family Controller
2026-09-07T17:08:00.855+0900 [DEBUG] [org.gradle.internal.remote.internal.inet.InetAddresses] Is this a loopback interface? false
2026-09-07T17:08:00.855+0900 [DEBUG] [org.gradle.internal.remote.internal.inet.InetAddresses] Adding remote address /fe80:0:0:0:23f8:820:ed99:5313%ethernet_32768
2026-09-07T17:08:00.855+0900 [DEBUG] [org.gradle.internal.remote.internal.inet.InetAddresses] Adding remote address /70.12.50.124
2026-09-07T17:08:00.855+0900 [DEBUG] [org.gradle.internal.remote.internal.inet.InetAddresses] Adding IP addresses for network interface Microsoft Kernel Debug Network Adapter
2026-09-07T17:08:00.856+0900 [DEBUG] [org.gradle.internal.remote.internal.inet.InetAddresses] Is this a loopback interface? false
2026-09-07T17:08:00.856+0900 [DEBUG] [org.gradle.internal.remote.internal.inet.InetAddresses] Adding IP addresses for network interface WAN Miniport (IP)
2026-09-07T17:08:00.856+0900 [DEBUG] [org.gradle.internal.remote.internal.inet.InetAddresses] Is this a loopback interface? false
2026-09-07T17:08:00.856+0900 [DEBUG] [org.gradle.internal.remote.internal.inet.InetAddresses] Adding IP addresses for network interface WAN Miniport (IPv6)
2026-09-07T17:08:00.856+0900 [DEBUG] [org.gradle.internal.remote.internal.inet.InetAddresses] Is this a loopback interface? false
2026-09-07T17:08:00.856+0900 [DEBUG] [org.gradle.internal.remote.internal.inet.InetAddresses] Adding IP addresses for network interface WAN Miniport (Network Monitor)
2026-09-07T17:08:00.856+0900 [DEBUG] [org.gradle.internal.remote.internal.inet.InetAddresses] Is this a loopback interface? false
2026-09-07T17:08:00.857+0900 [DEBUG] [org.gradle.internal.remote.internal.inet.InetAddresses] Adding IP addresses for network interface Bluetooth Device (Personal Area Network)
2026-09-07T17:08:00.857+0900 [DEBUG] [org.gradle.internal.remote.internal.inet.InetAddresses] Is this a loopback interface? false
2026-09-07T17:08:00.857+0900 [DEBUG] [org.gradle.internal.remote.internal.inet.InetAddresses] Adding IP addresses for network interface Hyper-V Virtual Switch Extension Adapter
2026-09-07T17:08:00.857+0900 [DEBUG] [org.gradle.internal.remote.internal.inet.InetAddresses] Is this a loopback interface? false
2026-09-07T17:08:00.857+0900 [DEBUG] [org.gradle.internal.remote.internal.inet.InetAddresses] Adding IP addresses for network interface Hyper-V Virtual Ethernet Adapter
2026-09-07T17:08:00.857+0900 [DEBUG] [org.gradle.internal.remote.internal.inet.InetAddresses] Is this a loopback interface? false
2026-09-07T17:08:00.858+0900 [DEBUG] [org.gradle.internal.remote.internal.inet.InetAddresses] Adding remote address /fe80:0:0:0:43a2:ab46:3e8f:b1b3%ethernet_32775
2026-09-07T17:08:00.858+0900 [DEBUG] [org.gradle.internal.remote.internal.inet.InetAddresses] Adding remote address /172.18.16.1
2026-09-07T17:08:00.858+0900 [DEBUG] [org.gradle.internal.remote.internal.inet.InetAddresses] Adding IP addresses for network interface Hyper-V Virtual Switch Extension Adapter #2
2026-09-07T17:08:00.858+0900 [DEBUG] [org.gradle.internal.remote.internal.inet.InetAddresses] Is this a loopback interface? false
2026-09-07T17:08:00.858+0900 [DEBUG] [org.gradle.internal.remote.internal.inet.InetAddresses] Adding IP addresses for network interface Hyper-V Virtual Ethernet Adapter #2
2026-09-07T17:08:00.858+0900 [DEBUG] [org.gradle.internal.remote.internal.inet.InetAddresses] Is this a loopback interface? false
2026-09-07T17:08:00.858+0900 [DEBUG] [org.gradle.internal.remote.internal.inet.InetAddresses] Adding remote address /fe80:0:0:0:f316:1018:87fe:ab13%ethernet_32777
2026-09-07T17:08:00.859+0900 [DEBUG] [org.gradle.internal.remote.internal.inet.InetAddresses] Adding remote address /172.28.80.1
2026-09-07T17:08:00.859+0900 [DEBUG] [org.gradle.internal.remote.internal.inet.InetAddresses] Adding IP addresses for network interface WAN Miniport (PPPOE)
2026-09-07T17:08:00.859+0900 [DEBUG] [org.gradle.internal.remote.internal.inet.InetAddresses] Is this a loopback interface? false
2026-09-07T17:08:00.860+0900 [DEBUG] [org.gradle.internal.remote.internal.inet.InetAddresses] Adding IP addresses for network interface Software Loopback Interface 1
2026-09-07T17:08:00.860+0900 [DEBUG] [org.gradle.internal.remote.internal.inet.InetAddresses] Is this a loopback interface? true
2026-09-07T17:08:00.860+0900 [DEBUG] [org.gradle.internal.remote.internal.inet.InetAddresses] Adding loopback address /0:0:0:0:0:0:0:1
2026-09-07T17:08:00.860+0900 [DEBUG] [org.gradle.internal.remote.internal.inet.InetAddresses] Adding loopback address /127.0.0.1
2026-09-07T17:08:00.860+0900 [DEBUG] [org.gradle.internal.remote.internal.inet.InetAddresses] Adding IP addresses for network interface Intel(R) Wi-Fi 6 AX201 160MHz
2026-09-07T17:08:00.860+0900 [DEBUG] [org.gradle.internal.remote.internal.inet.InetAddresses] Is this a loopback interface? false
2026-09-07T17:08:00.860+0900 [DEBUG] [org.gradle.internal.remote.internal.inet.InetAddresses] Adding IP addresses for network interface Microsoft Teredo Tunneling Adapter
2026-09-07T17:08:00.861+0900 [DEBUG] [org.gradle.internal.remote.internal.inet.InetAddresses] Is this a loopback interface? false
2026-09-07T17:08:00.861+0900 [DEBUG] [org.gradle.internal.remote.internal.inet.InetAddresses] Adding IP addresses for network interface Microsoft IP-HTTPS Platform Adapter
2026-09-07T17:08:00.861+0900 [DEBUG] [org.gradle.internal.remote.internal.inet.InetAddresses] Is this a loopback interface? false
2026-09-07T17:08:00.861+0900 [DEBUG] [org.gradle.internal.remote.internal.inet.InetAddresses] Adding IP addresses for network interface Microsoft 6to4 Adapter
2026-09-07T17:08:00.861+0900 [DEBUG] [org.gradle.internal.remote.internal.inet.InetAddresses] Is this a loopback interface? false
2026-09-07T17:08:00.861+0900 [DEBUG] [org.gradle.internal.remote.internal.inet.InetAddresses] Adding IP addresses for network interface WAN Miniport (SSTP)
2026-09-07T17:08:00.861+0900 [DEBUG] [org.gradle.internal.remote.internal.inet.InetAddresses] Is this a loopback interface? false
2026-09-07T17:08:00.861+0900 [DEBUG] [org.gradle.internal.remote.internal.inet.InetAddresses] Adding IP addresses for network interface WAN Miniport (IKEv2)
2026-09-07T17:08:00.861+0900 [DEBUG] [org.gradle.internal.remote.internal.inet.InetAddresses] Is this a loopback interface? false
2026-09-07T17:08:00.861+0900 [DEBUG] [org.gradle.internal.remote.internal.inet.InetAddresses] Adding IP addresses for network interface WAN Miniport (L2TP)
2026-09-07T17:08:00.861+0900 [DEBUG] [org.gradle.internal.remote.internal.inet.InetAddresses] Is this a loopback interface? false
2026-09-07T17:08:00.862+0900 [DEBUG] [org.gradle.internal.remote.internal.inet.InetAddresses] Adding IP addresses for network interface WAN Miniport (PPTP)
2026-09-07T17:08:00.862+0900 [DEBUG] [org.gradle.internal.remote.internal.inet.InetAddresses] Is this a loopback interface? false
2026-09-07T17:08:00.883+0900 [INFO] [org.gradle.launcher.daemon.server.Daemon] start() called on daemon - DefaultDaemonContext[uid=8a07ae1f-4c8c-440a-9732-f36dc3bc5f9b,javaHome=C:\Users\SSAFY\.jdks\temurin-21.0.12.1,javaVersion=21,javaVendor=Eclipse Adoptium,daemonRegistryDir=C:\Users\SSAFY\Desktop\스터디\travel\.gradle-user\daemon,pid=26436,idleTimeout=10800000,priority=NORMAL,applyInstrumentationAgent=true,nativeServicesMode=ENABLED,daemonOpts=-XX:MaxMetaspaceSize=384m,-XX:+HeapDumpOnOutOfMemoryError,-Xms256m,-Xmx512m,-Dfile.encoding=UTF-8,-Duser.country=KR,-Duser.language=ko,-Duser.variant]
2026-09-07T17:08:08.905+0900 [DEBUG] [org.gradle.internal.remote.internal.inet.TcpIncomingConnector] Listening on [5094c520-8571-4bb8-800e-a8e7b8aea0e8 port:64058, addresses:[localhost/127.0.0.1]].
2026-09-07T17:08:08.914+0900 [DEBUG] [org.gradle.launcher.daemon.server.Daemon] Daemon starting at: Mon Sep 07 17:08:08 KST 2026, with address: [5094c520-8571-4bb8-800e-a8e7b8aea0e8 port:64058, addresses:[localhost/127.0.0.1]]
2026-09-07T17:08:08.914+0900 [INFO] [org.gradle.launcher.daemon.server.DaemonRegistryUpdater] Advertising the daemon address to the clients: [5094c520-8571-4bb8-800e-a8e7b8aea0e8 port:64058, addresses:[localhost/127.0.0.1]]
2026-09-07T17:08:08.914+0900 [DEBUG] [org.gradle.launcher.daemon.server.DaemonRegistryUpdater] Advertised daemon context: DefaultDaemonContext[uid=8a07ae1f-4c8c-440a-9732-f36dc3bc5f9b,javaHome=C:\Users\SSAFY\.jdks\temurin-21.0.12.1,javaVersion=21,javaVendor=Eclipse Adoptium,daemonRegistryDir=C:\Users\SSAFY\Desktop\스터디\travel\.gradle-user\daemon,pid=26436,idleTimeout=10800000,priority=NORMAL,applyInstrumentationAgent=true,nativeServicesMode=ENABLED,daemonOpts=-XX:MaxMetaspaceSize=384m,-XX:+HeapDumpOnOutOfMemoryError,-Xms256m,-Xmx512m,-Dfile.encoding=UTF-8,-Duser.country=KR,-Duser.language=ko,-Duser.variant]
2026-09-07T17:08:08.914+0900 [DEBUG] [org.gradle.launcher.daemon.registry.PersistentDaemonRegistry] Storing daemon address: [5094c520-8571-4bb8-800e-a8e7b8aea0e8 port:64058, addresses:[localhost/127.0.0.1]], context: DefaultDaemonContext[uid=8a07ae1f-4c8c-440a-9732-f36dc3bc5f9b,javaHome=C:\Users\SSAFY\.jdks\temurin-21.0.12.1,javaVersion=21,javaVendor=Eclipse Adoptium,daemonRegistryDir=C:\Users\SSAFY\Desktop\스터디\travel\.gradle-user\daemon,pid=26436,idleTimeout=10800000,priority=NORMAL,applyInstrumentationAgent=true,nativeServicesMode=ENABLED,daemonOpts=-XX:MaxMetaspaceSize=384m,-XX:+HeapDumpOnOutOfMemoryError,-Xms256m,-Xmx512m,-Dfile.encoding=UTF-8,-Duser.country=KR,-Duser.language=ko,-Duser.variant]
2026-09-07T17:08:08.924+0900 [DEBUG] [org.gradle.cache.internal.DefaultFileLockManager] Waiting to acquire exclusive lock on daemon addresses registry.
2026-09-07T17:08:08.926+0900 [DEBUG] [org.gradle.cache.internal.DefaultFileLockManager] Lock acquired on daemon addresses registry.
2026-09-07T17:08:08.928+0900 [DEBUG] [org.gradle.cache.internal.DefaultFileLockManager] Releasing lock on daemon addresses registry.
2026-09-07T17:08:08.929+0900 [LIFECYCLE] [org.gradle.launcher.daemon.server.Daemon] Daemon server started.
2026-09-07T17:08:08.929+0900 [DEBUG] [org.gradle.launcher.daemon.bootstrap.DaemonStartupCommunication] Completed writing the daemon greeting. Closing streams...
2026-09-07T17:08:08.935+0900 [DEBUG] [org.gradle.launcher.daemon.server.Daemon] stopOnExpiration() called on daemon
2026-09-07T17:08:08.936+0900 [DEBUG] [org.gradle.launcher.daemon.server.Daemon] awaitExpiration() called on daemon
2026-09-07T17:08:08.936+0900 [DEBUG] [org.gradle.launcher.daemon.server.DaemonStateCoordinator] daemon is running. Sleeping until state changes.
2026-09-07T17:08:08.939+0900 [DEBUG] [org.gradle.internal.remote.internal.inet.TcpIncomingConnector] Accepted connection from /127.0.0.1:64059 to /127.0.0.1:64058.
2026-09-07T17:08:08.970+0900 [DEBUG] [org.gradle.launcher.daemon.server.SynchronizedDispatchConnection] thread 75: received class org.gradle.launcher.daemon.protocol.Build
2026-09-07T17:08:08.971+0900 [DEBUG] [org.gradle.launcher.daemon.server.DefaultDaemonConnection] thread 75: Received non-IO message from client: Build{id=1bb6b29c-7e09-42af-a1e4-a6f47a9398dd, currentDir=C:\Users\SSAFY\Desktop\스터디\travel}
2026-09-07T17:08:08.971+0900 [INFO] [org.gradle.launcher.daemon.server.DefaultIncomingConnectionHandler] Received command: Build{id=1bb6b29c-7e09-42af-a1e4-a6f47a9398dd, currentDir=C:\Users\SSAFY\Desktop\스터디\travel}.
2026-09-07T17:08:08.971+0900 [DEBUG] [org.gradle.launcher.daemon.server.DefaultIncomingConnectionHandler] Starting executing command: Build{id=1bb6b29c-7e09-42af-a1e4-a6f47a9398dd, currentDir=C:\Users\SSAFY\Desktop\스터디\travel} with connection: socket connection from /127.0.0.1:64058 to /127.0.0.1:64059.
2026-09-07T17:08:08.972+0900 [DEBUG] [org.gradle.launcher.daemon.server.DaemonStateCoordinator] Command execution: started DaemonCommandExecution[command = Build{id=1bb6b29c-7e09-42af-a1e4-a6f47a9398dd, currentDir=C:\Users\SSAFY\Desktop\스터디\travel}, connection = DefaultDaemonConnection: socket connection from /127.0.0.1:64058 to /127.0.0.1:64059] after 0.0011333333333333334 minutes of idle
2026-09-07T17:08:08.972+0900 [INFO] [org.gradle.launcher.daemon.server.DaemonRegistryUpdater] Marking the daemon as busy, address: [5094c520-8571-4bb8-800e-a8e7b8aea0e8 port:64058, addresses:[localhost/127.0.0.1]]
2026-09-07T17:08:08.972+0900 [DEBUG] [org.gradle.launcher.daemon.registry.PersistentDaemonRegistry] Marking busy by address: [5094c520-8571-4bb8-800e-a8e7b8aea0e8 port:64058, addresses:[localhost/127.0.0.1]]
2026-09-07T17:08:08.973+0900 [DEBUG] [org.gradle.cache.internal.DefaultFileLockManager] Waiting to acquire exclusive lock on daemon addresses registry.
2026-09-07T17:08:08.973+0900 [DEBUG] [org.gradle.cache.internal.DefaultFileLockManager] Lock acquired on daemon addresses registry.
2026-09-07T17:08:08.974+0900 [DEBUG] [org.gradle.cache.internal.DefaultFileLockManager] Releasing lock on daemon addresses registry.
2026-09-07T17:08:08.974+0900 [DEBUG] [org.gradle.launcher.daemon.server.DaemonStateCoordinator] resetting idle timer
2026-09-07T17:08:08.974+0900 [DEBUG] [org.gradle.launcher.daemon.server.DaemonStateCoordinator] daemon is running. Sleeping until state changes.
2026-09-07T17:08:08.974+0900 [INFO] [org.gradle.launcher.daemon.server.exec.StartBuildOrRespondWithBusy] Daemon is about to start building Build{id=1bb6b29c-7e09-42af-a1e4-a6f47a9398dd, currentDir=C:\Users\SSAFY\Desktop\스터디\travel}. Dispatching build started information...
2026-09-07T17:08:08.975+0900 [DEBUG] [org.gradle.launcher.daemon.server.SynchronizedDispatchConnection] thread 77: dispatching org.gradle.launcher.daemon.protocol.BuildStarted@212f0ddd
2026-09-07T17:08:08.975+0900 [DEBUG] [org.gradle.launcher.daemon.server.exec.LogToClient] About to start relaying all logs to the client via the connection.
2026-09-07T17:08:08.976+0900 [INFO] [org.gradle.launcher.daemon.server.exec.LogToClient] The client will now receive all logging from the daemon (pid: 26436). The daemon log file: C:\Users\SSAFY\Desktop\스터디\travel\.gradle-user\daemon\9.7.1\daemon-26436.out.log
2026-09-07T17:08:08.976+0900 [DEBUG] [org.gradle.launcher.daemon.server.exec.ApplyClientEnvironmentVariables] Configuring env variables: [PATH, USERDOMAIN_ROAMINGPROFILE, PROCESSOR_LEVEL, INTELLIJ_TERMINAL_COMMAND_BLOCKS_REWORKED, GIT_PAGER, SESSIONNAME, ALLUSERSPROFILE, GIT_CONFIG_COUNT, PROCESSOR_ARCHITECTURE, EFC_9668_1262719628, PSModulePath, SystemDrive, EFC_9668_4126798990, GH_PAGER, COLORTERM, USERNAME, GIT_CONFIG_VALUE_0, GIT_CONFIG_VALUE_1, ProgramFiles(x86), CODEX_MANAGED_BY_NPM, FPS_BROWSER_USER_PROFILE_STRING, CODEX_SANDBOX_NETWORK_DISABLED, PATHEXT, DriverData, FIG_TERM, PAGER, EFC_9668_3789132940, CODEX_PERMISSION_PROFILE, ProgramData, ProgramW6432, PROCESS_LAUNCHED_BY_CW, HOMEPATH, LC_ALL, PROCESSOR_IDENTIFIER, ProgramFiles, PUBLIC, LESS, windir, LC_CTYPE, CODEX_SESSION_ID, CODEX_MANAGED_PACKAGE_ROOT, LOCALAPPDATA, IntelliJ IDEA, USERDOMAIN, FPS_BROWSER_APP_PROFILE_STRING, LOGONSERVER, JAVA_HOME, PROMPT, TERM, LANG, OneDrive, =C:, APPDATA, GRADLE_USER_HOME, CODEX_THREAD_ID, NO_COLOR, CODEX_CI, CommonProgramFiles, GIT_CONFIG_KEY_1, Path, GIT_CONFIG_KEY_0, EFC_9668_2775293581, OS, COMPUTERNAME, EFC_9668_2283032206, PROCESSOR_REVISION, PROCESS_LAUNCHED_BY_Q, CommonProgramW6432, ComSpec, TERMINAL_EMULATOR, PSExecutionPolicyPreference, EFC_9668_1592913036, SystemRoot, TEMP, HOMEDRIVE, USERPROFILE, TMP, CommonProgramFiles(x86), NUMBER_OF_PROCESSORS]
2026-09-07T17:08:08.980+0900 [INFO] [org.gradle.launcher.daemon.server.exec.LogAndCheckHealth] Starting build in new daemon [memory: 512 MiB]
2026-09-07T17:08:08.982+0900 [DEBUG] [org.gradle.launcher.daemon.server.exec.ExecuteBuild] The daemon has started executing the build.
2026-09-07T17:08:08.982+0900 [DEBUG] [org.gradle.launcher.daemon.server.exec.ExecuteBuild] Executing build with daemon context: DefaultDaemonContext[uid=8a07ae1f-4c8c-440a-9732-f36dc3bc5f9b,javaHome=C:\Users\SSAFY\.jdks\temurin-21.0.12.1,javaVersion=21,javaVendor=Eclipse Adoptium,daemonRegistryDir=C:\Users\SSAFY\Desktop\스터디\travel\.gradle-user\daemon,pid=26436,idleTimeout=10800000,priority=NORMAL,applyInstrumentationAgent=true,nativeServicesMode=ENABLED,daemonOpts=-XX:MaxMetaspaceSize=384m,-XX:+HeapDumpOnOutOfMemoryError,-Xms256m,-Xmx512m,-Dfile.encoding=UTF-8,-Duser.country=KR,-Duser.language=ko,-Duser.variant]

FAILURE: Build failed with an exception.

* What went wrong:
Execution failed for task ':compileTestJava' (registered by plugin class 'org.gradle.api.plugins.JavaBasePlugin').
> Could not resolve all files for configuration ':testCompileClasspath'.
   > Could not resolve org.springframework.boot:spring-boot-starter-validation-test:4.1.1.
     Required by:
         root project 'travel'
      > Repository MavenRepo is disabled due to earlier error below:
         > Could not resolve org.junit.platform:junit-platform-launcher:6.0.3.
            > Could not get resource 'https://repo.maven.apache.org/maven2/org/junit/platform/junit-platform-launcher/6.0.3/junit-platform-launcher-6.0.3.pom'.
               > Could not GET 'https://repo.maven.apache.org/maven2/org/junit/platform/junit-platform-launcher/6.0.3/junit-platform-launcher-6.0.3.pom'.
                  > Got socket exception during request. It might be caused by SSL misconfiguration
                     > Permission denied: getsockopt
> There is 1 more failure with an identical cause.

* Try:
> Run with --stacktrace option to get the stack trace.
> Run with --info or --debug option to get more log output.
> Run with --scan to get full insights from a Build Scan (powered by Develocity).
> Get more help at https://help.gradle.org.

BUILD FAILED in 24s
3 actionable tasks: 2 executed, 1 up-to-date
2026-09-07T17:08:16.316+0900 [DEBUG] [org.gradle.launcher.daemon.server.exec.ExecuteBuild] The daemon has finished executing the build.
2026-09-07T17:08:16.332+0900 [DEBUG] [org.gradle.launcher.daemon.server.DaemonStateCoordinator] daemon is running. Sleeping until state changes.
2026-09-07T17:08:16.332+0900 [DEBUG] [org.gradle.launcher.daemon.server.DaemonStateCoordinator] Command execution: finished waiting for DaemonCommandExecution[command = Build{id=1bb6b29c-7e09-42af-a1e4-a6f47a9398dd, currentDir=C:\Users\SSAFY\Desktop\스터디\travel}, connection = DefaultDaemonConnection: socket connection from /127.0.0.1:64058 to /127.0.0.1:64059]. Result org.gradle.launcher.daemon.server.DaemonStateCoordinator@574f0c04 with state Busy
2026-09-07T17:08:16.332+0900 [DEBUG] [org.gradle.launcher.daemon.server.DaemonStateCoordinator] Command execution: completed DaemonCommandExecution[command = Build{id=1bb6b29c-7e09-42af-a1e4-a6f47a9398dd, currentDir=C:\Users\SSAFY\Desktop\스터디\travel}, connection = DefaultDaemonConnection: socket connection from /127.0.0.1:64058 to /127.0.0.1:64059]
2026-09-07T17:08:16.332+0900 [DEBUG] [org.gradle.launcher.daemon.server.DaemonStateCoordinator] resetting idle timer
2026-09-07T17:08:16.333+0900 [INFO] [org.gradle.launcher.daemon.server.DaemonRegistryUpdater] Marking the daemon as idle, address: [5094c520-8571-4bb8-800e-a8e7b8aea0e8 port:64058, addresses:[localhost/127.0.0.1]]
2026-09-07T17:08:16.333+0900 [DEBUG] [org.gradle.launcher.daemon.registry.PersistentDaemonRegistry] Marking busy by address: [5094c520-8571-4bb8-800e-a8e7b8aea0e8 port:64058, addresses:[localhost/127.0.0.1]]
2026-09-07T17:08:16.333+0900 [DEBUG] [org.gradle.cache.internal.DefaultFileLockManager] Waiting to acquire exclusive lock on daemon addresses registry.
2026-09-07T17:08:16.333+0900 [DEBUG] [org.gradle.cache.internal.DefaultFileLockManager] Lock acquired on daemon addresses registry.
2026-09-07T17:08:16.334+0900 [DEBUG] [org.gradle.cache.internal.DefaultFileLockManager] Releasing lock on daemon addresses registry.
2026-09-07T17:08:16.334+0900 [DEBUG] [org.gradle.launcher.daemon.server.exec.ReturnResult] Daemon is dispatching the build result: Success[value=org.gradle.launcher.exec.BuildActionResult@598a7ba8]
2026-09-07T17:08:16.334+0900 [DEBUG] [org.gradle.launcher.daemon.server.DaemonStateCoordinator] daemon is running. Sleeping until state changes.
2026-09-07T17:08:16.334+0900 [DEBUG] [org.gradle.launcher.daemon.server.SynchronizedDispatchConnection] thread 74: dispatching Success[value=org.gradle.launcher.exec.BuildActionResult@598a7ba8]
2026-09-07T17:08:16.341+0900 [DEBUG] [org.gradle.launcher.daemon.server.exec.CleanUpVirtualFileSystemAfterBuild] Cleaning virtual file system after build finished
2026-09-07T17:08:16.341+0900 [DEBUG] [org.gradle.launcher.daemon.server.DefaultIncomingConnectionHandler] Finishing executing command: Build{id=1bb6b29c-7e09-42af-a1e4-a6f47a9398dd, currentDir=C:\Users\SSAFY\Desktop\스터디\travel}
2026-09-07T17:08:16.359+0900 [DEBUG] [org.gradle.launcher.daemon.server.SynchronizedDispatchConnection] thread 75: received class org.gradle.launcher.daemon.protocol.CloseInput
2026-09-07T17:08:16.359+0900 [DEBUG] [org.gradle.launcher.daemon.server.DefaultDaemonConnection] thread 75: Received IO message from client: org.gradle.launcher.daemon.protocol.CloseInput@3191d898
2026-09-07T17:08:16.359+0900 [DEBUG] [org.gradle.launcher.daemon.server.SynchronizedDispatchConnection] thread 75: received class org.gradle.launcher.daemon.protocol.Finished
2026-09-07T17:08:16.359+0900 [DEBUG] [org.gradle.launcher.daemon.server.DefaultDaemonConnection] thread 75: Received non-IO message from client: org.gradle.launcher.daemon.protocol.Finished@682900a7
2026-09-07T17:08:16.359+0900 [DEBUG] [org.gradle.launcher.daemon.server.DefaultIncomingConnectionHandler] Received finished message: org.gradle.launcher.daemon.protocol.Finished@682900a7
2026-09-07T17:08:16.360+0900 [DEBUG] [org.gradle.launcher.daemon.server.SynchronizedDispatchConnection] thread 74: stopping connection
2026-09-07T17:08:16.360+0900 [DEBUG] [org.gradle.internal.remote.internal.inet.SocketConnection] Discarding EOFException: java.io.EOFException
2026-09-07T17:08:16.360+0900 [DEBUG] [org.gradle.launcher.daemon.server.SynchronizedDispatchConnection] thread 75: received null
2026-09-07T17:08:16.360+0900 [DEBUG] [org.gradle.launcher.daemon.server.DefaultDaemonConnection] thread 75: Received end-of-input from client.
2026-09-07T17:08:16.360+0900 [DEBUG] [org.gradle.launcher.daemon.server.SynchronizedDispatchConnection] thread 74: stopping connection
2026-09-07T17:08:18.946+0900 [DEBUG] [org.gradle.launcher.daemon.server.Daemon] Starting periodic daemon health check.
2026-09-07T17:08:18.948+0900 [DEBUG] [org.gradle.cache.internal.DefaultFileLockManager] Waiting to acquire shared lock on daemon addresses registry.
2026-09-07T17:08:18.948+0900 [DEBUG] [org.gradle.cache.internal.DefaultFileLockManager] Lock acquired on daemon addresses registry.
2026-09-07T17:08:18.949+0900 [DEBUG] [org.gradle.cache.internal.DefaultFileLockManager] Releasing lock on daemon addresses registry.
2026-09-07T17:08:18.950+0900 [DEBUG] [org.gradle.cache.internal.DefaultFileLockManager] Waiting to acquire shared lock on daemon addresses registry.
2026-09-07T17:08:18.950+0900 [DEBUG] [org.gradle.cache.internal.DefaultFileLockManager] Lock acquired on daemon addresses registry.
2026-09-07T17:08:18.950+0900 [DEBUG] [org.gradle.cache.internal.DefaultFileLockManager] Releasing lock on daemon addresses registry.
2026-09-07T17:08:18.953+0900 [DEBUG] [org.gradle.launcher.daemon.server.Daemon] Finished periodic daemon health check.
2026-09-07T17:08:28.945+0900 [DEBUG] [org.gradle.launcher.daemon.server.Daemon] Starting periodic daemon health check.
2026-09-07T17:08:28.946+0900 [DEBUG] [org.gradle.cache.internal.DefaultFileLockManager] Waiting to acquire shared lock on daemon addresses registry.
2026-09-07T17:08:28.946+0900 [DEBUG] [org.gradle.cache.internal.DefaultFileLockManager] Lock acquired on daemon addresses registry.
2026-09-07T17:08:28.946+0900 [DEBUG] [org.gradle.cache.internal.DefaultFileLockManager] Releasing lock on daemon addresses registry.
2026-09-07T17:08:28.947+0900 [DEBUG] [org.gradle.cache.internal.DefaultFileLockManager] Waiting to acquire shared lock on daemon addresses registry.
2026-09-07T17:08:28.947+0900 [DEBUG] [org.gradle.cache.internal.DefaultFileLockManager] Lock acquired on daemon addresses registry.
2026-09-07T17:08:28.947+0900 [DEBUG] [org.gradle.cache.internal.DefaultFileLockManager] Releasing lock on daemon addresses registry.
2026-09-07T17:08:28.947+0900 [DEBUG] [org.gradle.launcher.daemon.server.Daemon] Finished periodic daemon health check.
2026-09-07T17:08:29.425+0900 [DEBUG] [org.gradle.internal.remote.internal.inet.TcpIncomingConnector] Accepted connection from /127.0.0.1:64098 to /127.0.0.1:64058.
2026-09-07T17:08:29.451+0900 [DEBUG] [org.gradle.launcher.daemon.server.SynchronizedDispatchConnection] thread 204: received class org.gradle.launcher.daemon.protocol.Build
2026-09-07T17:08:29.451+0900 [DEBUG] [org.gradle.launcher.daemon.server.DefaultDaemonConnection] thread 204: Received non-IO message from client: Build{id=1cd5930c-7dc6-4e64-9ab0-6f82916e1d17, currentDir=C:\Users\SSAFY\Desktop\스터디\travel}
2026-09-07T17:08:29.451+0900 [INFO] [org.gradle.launcher.daemon.server.DefaultIncomingConnectionHandler] Received command: Build{id=1cd5930c-7dc6-4e64-9ab0-6f82916e1d17, currentDir=C:\Users\SSAFY\Desktop\스터디\travel}.
2026-09-07T17:08:29.451+0900 [DEBUG] [org.gradle.launcher.daemon.server.DefaultIncomingConnectionHandler] Starting executing command: Build{id=1cd5930c-7dc6-4e64-9ab0-6f82916e1d17, currentDir=C:\Users\SSAFY\Desktop\스터디\travel} with connection: socket connection from /127.0.0.1:64058 to /127.0.0.1:64098.
2026-09-07T17:08:29.452+0900 [DEBUG] [org.gradle.launcher.daemon.server.DaemonStateCoordinator] Command execution: started DaemonCommandExecution[command = Build{id=1cd5930c-7dc6-4e64-9ab0-6f82916e1d17, currentDir=C:\Users\SSAFY\Desktop\스터디\travel}, connection = DefaultDaemonConnection: socket connection from /127.0.0.1:64058 to /127.0.0.1:64098] after 0.21864999999999998 minutes of idle
2026-09-07T17:08:29.452+0900 [INFO] [org.gradle.launcher.daemon.server.DaemonRegistryUpdater] Marking the daemon as busy, address: [5094c520-8571-4bb8-800e-a8e7b8aea0e8 port:64058, addresses:[localhost/127.0.0.1]]
2026-09-07T17:08:29.452+0900 [DEBUG] [org.gradle.launcher.daemon.registry.PersistentDaemonRegistry] Marking busy by address: [5094c520-8571-4bb8-800e-a8e7b8aea0e8 port:64058, addresses:[localhost/127.0.0.1]]
2026-09-07T17:08:29.452+0900 [DEBUG] [org.gradle.cache.internal.DefaultFileLockManager] Waiting to acquire exclusive lock on daemon addresses registry.
2026-09-07T17:08:29.452+0900 [DEBUG] [org.gradle.cache.internal.DefaultFileLockManager] Lock acquired on daemon addresses registry.
2026-09-07T17:08:29.453+0900 [DEBUG] [org.gradle.cache.internal.DefaultFileLockManager] Releasing lock on daemon addresses registry.
2026-09-07T17:08:29.453+0900 [DEBUG] [org.gradle.launcher.daemon.server.DaemonStateCoordinator] resetting idle timer
2026-09-07T17:08:29.453+0900 [DEBUG] [org.gradle.launcher.daemon.server.DaemonStateCoordinator] daemon is running. Sleeping until state changes.
2026-09-07T17:08:29.453+0900 [INFO] [org.gradle.launcher.daemon.server.exec.StartBuildOrRespondWithBusy] Daemon is about to start building Build{id=1cd5930c-7dc6-4e64-9ab0-6f82916e1d17, currentDir=C:\Users\SSAFY\Desktop\스터디\travel}. Dispatching build started information...
2026-09-07T17:08:29.453+0900 [DEBUG] [org.gradle.launcher.daemon.server.SynchronizedDispatchConnection] thread 77: dispatching org.gradle.launcher.daemon.protocol.BuildStarted@1e554d13
2026-09-07T17:08:29.454+0900 [DEBUG] [org.gradle.launcher.daemon.server.exec.LogToClient] About to start relaying all logs to the client via the connection.
2026-09-07T17:08:29.454+0900 [INFO] [org.gradle.launcher.daemon.server.exec.LogToClient] The client will now receive all logging from the daemon (pid: 26436). The daemon log file: C:\Users\SSAFY\Desktop\스터디\travel\.gradle-user\daemon\9.7.1\daemon-26436.out.log
2026-09-07T17:08:29.454+0900 [DEBUG] [org.gradle.launcher.daemon.server.exec.ApplyClientEnvironmentVariables] Configuring env variables: [USERDOMAIN_ROAMINGPROFILE, PROCESSOR_LEVEL, INTELLIJ_TERMINAL_COMMAND_BLOCKS_REWORKED, GIT_PAGER, SESSIONNAME, ALLUSERSPROFILE, PROCESSOR_ARCHITECTURE, EFC_9668_1262719628, PSModulePath, SystemDrive, EFC_9668_4126798990, GH_PAGER, COLORTERM, USERNAME, ProgramFiles(x86), CODEX_MANAGED_BY_NPM, FPS_BROWSER_USER_PROFILE_STRING, CODEX_SANDBOX_NETWORK_DISABLED, PATHEXT, DriverData, FIG_TERM, PAGER, EFC_9668_3789132940, CODEX_PERMISSION_PROFILE, ProgramData, ProgramW6432, PROCESS_LAUNCHED_BY_CW, HOMEPATH, LC_ALL, PROCESSOR_IDENTIFIER, ProgramFiles, PUBLIC, windir, LC_CTYPE, CODEX_SESSION_ID, CODEX_MANAGED_PACKAGE_ROOT, LOCALAPPDATA, IntelliJ IDEA, USERDOMAIN, FPS_BROWSER_APP_PROFILE_STRING, LOGONSERVER, JAVA_HOME, PROMPT, TERM, LANG, OneDrive, =C:, APPDATA, GRADLE_USER_HOME, CODEX_THREAD_ID, NO_COLOR, CODEX_CI, CommonProgramFiles, Path, EFC_9668_2775293581, OS, COMPUTERNAME, EFC_9668_2283032206, PROCESSOR_REVISION, PROCESS_LAUNCHED_BY_Q, CommonProgramW6432, ComSpec, TERMINAL_EMULATOR, PSExecutionPolicyPreference, EFC_9668_1592913036, SystemRoot, TEMP, HOMEDRIVE, USERPROFILE, TMP, CommonProgramFiles(x86), NUMBER_OF_PROCESSORS]
2026-09-07T17:08:29.456+0900 [INFO] [org.gradle.launcher.daemon.server.exec.LogAndCheckHealth] Starting 2nd build in daemon [uptime: 28.645 secs, performance: 100%, GC rate: 0.00/s, heap usage: 0% of 512 MiB, non-heap usage: 16% of 384 MiB]
2026-09-07T17:08:29.457+0900 [DEBUG] [org.gradle.launcher.daemon.server.exec.ExecuteBuild] The daemon has started executing the build.
2026-09-07T17:08:29.457+0900 [DEBUG] [org.gradle.launcher.daemon.server.exec.ExecuteBuild] Executing build with daemon context: DefaultDaemonContext[uid=8a07ae1f-4c8c-440a-9732-f36dc3bc5f9b,javaHome=C:\Users\SSAFY\.jdks\temurin-21.0.12.1,javaVersion=21,javaVendor=Eclipse Adoptium,daemonRegistryDir=C:\Users\SSAFY\Desktop\스터디\travel\.gradle-user\daemon,pid=26436,idleTimeout=10800000,priority=NORMAL,applyInstrumentationAgent=true,nativeServicesMode=ENABLED,daemonOpts=-XX:MaxMetaspaceSize=384m,-XX:+HeapDumpOnOutOfMemoryError,-Xms256m,-Xmx512m,-Dfile.encoding=UTF-8,-Duser.country=KR,-Duser.language=ko,-Duser.variant]

FAILURE: Build failed with an exception.

* What went wrong:
Execution failed for task ':compileTestJava' (registered by plugin class 'org.gradle.api.plugins.JavaBasePlugin').
> Could not resolve all files for configuration ':testCompileClasspath'.
   > Could not resolve org.springframework.boot:spring-boot-starter-validation-test:4.1.1.
     Required by:
         root project 'travel'
      > Repository MavenRepo is disabled due to earlier error below:
         > Could not resolve org.springframework.boot:spring-boot-starter-webmvc-test:4.1.1.
            > Could not get resource 'https://repo.maven.apache.org/maven2/org/springframework/boot/spring-boot-starter-webmvc-test/4.1.1/spring-boot-starter-webmvc-test-4.1.1.pom'.
               > Could not GET 'https://repo.maven.apache.org/maven2/org/springframework/boot/spring-boot-starter-webmvc-test/4.1.1/spring-boot-starter-webmvc-test-4.1.1.pom'.
                  > Got socket exception during request. It might be caused by SSL misconfiguration
                     > Permission denied: getsockopt
> There is 1 more failure with an identical cause.

* Try:
> Run with --stacktrace option to get the stack trace.
> Run with --info or --debug option to get more log output.
> Run with --scan to get full insights from a Build Scan (powered by Develocity).
> Get more help at https://help.gradle.org.

BUILD FAILED in 3s
3 actionable tasks: 1 executed, 2 up-to-date
2026-09-07T17:08:32.981+0900 [DEBUG] [org.gradle.launcher.daemon.server.exec.ExecuteBuild] The daemon has finished executing the build.
2026-09-07T17:08:32.998+0900 [DEBUG] [org.gradle.launcher.daemon.server.DaemonStateCoordinator] daemon is running. Sleeping until state changes.
2026-09-07T17:08:32.998+0900 [DEBUG] [org.gradle.launcher.daemon.server.DaemonStateCoordinator] Command execution: finished waiting for DaemonCommandExecution[command = Build{id=1cd5930c-7dc6-4e64-9ab0-6f82916e1d17, currentDir=C:\Users\SSAFY\Desktop\스터디\travel}, connection = DefaultDaemonConnection: socket connection from /127.0.0.1:64058 to /127.0.0.1:64098]. Result org.gradle.launcher.daemon.server.DaemonStateCoordinator@574f0c04 with state Busy
2026-09-07T17:08:32.998+0900 [DEBUG] [org.gradle.launcher.daemon.server.DaemonStateCoordinator] Command execution: completed DaemonCommandExecution[command = Build{id=1cd5930c-7dc6-4e64-9ab0-6f82916e1d17, currentDir=C:\Users\SSAFY\Desktop\스터디\travel}, connection = DefaultDaemonConnection: socket connection from /127.0.0.1:64058 to /127.0.0.1:64098]
2026-09-07T17:08:32.998+0900 [DEBUG] [org.gradle.launcher.daemon.server.DaemonStateCoordinator] resetting idle timer
2026-09-07T17:08:32.998+0900 [INFO] [org.gradle.launcher.daemon.server.DaemonRegistryUpdater] Marking the daemon as idle, address: [5094c520-8571-4bb8-800e-a8e7b8aea0e8 port:64058, addresses:[localhost/127.0.0.1]]
2026-09-07T17:08:32.998+0900 [DEBUG] [org.gradle.launcher.daemon.registry.PersistentDaemonRegistry] Marking busy by address: [5094c520-8571-4bb8-800e-a8e7b8aea0e8 port:64058, addresses:[localhost/127.0.0.1]]
2026-09-07T17:08:32.999+0900 [DEBUG] [org.gradle.cache.internal.DefaultFileLockManager] Waiting to acquire exclusive lock on daemon addresses registry.
2026-09-07T17:08:32.999+0900 [DEBUG] [org.gradle.cache.internal.DefaultFileLockManager] Lock acquired on daemon addresses registry.
2026-09-07T17:08:33.000+0900 [DEBUG] [org.gradle.cache.internal.DefaultFileLockManager] Releasing lock on daemon addresses registry.
2026-09-07T17:08:33.000+0900 [DEBUG] [org.gradle.launcher.daemon.server.DaemonStateCoordinator] daemon is running. Sleeping until state changes.
2026-09-07T17:08:33.000+0900 [DEBUG] [org.gradle.launcher.daemon.server.exec.ReturnResult] Daemon is dispatching the build result: Success[value=org.gradle.launcher.exec.BuildActionResult@70888328]
2026-09-07T17:08:33.000+0900 [DEBUG] [org.gradle.launcher.daemon.server.SynchronizedDispatchConnection] thread 74: dispatching Success[value=org.gradle.launcher.exec.BuildActionResult@70888328]
2026-09-07T17:08:33.002+0900 [DEBUG] [org.gradle.launcher.daemon.server.exec.CleanUpVirtualFileSystemAfterBuild] Cleaning virtual file system after build finished
2026-09-07T17:08:33.002+0900 [DEBUG] [org.gradle.launcher.daemon.server.DefaultIncomingConnectionHandler] Finishing executing command: Build{id=1cd5930c-7dc6-4e64-9ab0-6f82916e1d17, currentDir=C:\Users\SSAFY\Desktop\스터디\travel}
2026-09-07T17:08:33.023+0900 [DEBUG] [org.gradle.launcher.daemon.server.SynchronizedDispatchConnection] thread 204: received class org.gradle.launcher.daemon.protocol.CloseInput
2026-09-07T17:08:33.023+0900 [DEBUG] [org.gradle.launcher.daemon.server.DefaultDaemonConnection] thread 204: Received IO message from client: org.gradle.launcher.daemon.protocol.CloseInput@5f6d1a5a
2026-09-07T17:08:33.023+0900 [DEBUG] [org.gradle.launcher.daemon.server.SynchronizedDispatchConnection] thread 204: received class org.gradle.launcher.daemon.protocol.Finished
2026-09-07T17:08:33.024+0900 [DEBUG] [org.gradle.launcher.daemon.server.DefaultDaemonConnection] thread 204: Received non-IO message from client: org.gradle.launcher.daemon.protocol.Finished@51aaefc7
2026-09-07T17:08:33.024+0900 [DEBUG] [org.gradle.launcher.daemon.server.DefaultIncomingConnectionHandler] Received finished message: org.gradle.launcher.daemon.protocol.Finished@51aaefc7
2026-09-07T17:08:33.024+0900 [DEBUG] [org.gradle.launcher.daemon.server.SynchronizedDispatchConnection] thread 74: stopping connection
2026-09-07T17:08:33.024+0900 [DEBUG] [org.gradle.internal.remote.internal.inet.SocketConnection] Discarding EOFException: java.io.EOFException
2026-09-07T17:08:33.024+0900 [DEBUG] [org.gradle.launcher.daemon.server.SynchronizedDispatchConnection] thread 204: received null
2026-09-07T17:08:33.024+0900 [DEBUG] [org.gradle.launcher.daemon.server.DefaultDaemonConnection] thread 204: Received end-of-input from client.
2026-09-07T17:08:33.024+0900 [DEBUG] [org.gradle.launcher.daemon.server.SynchronizedDispatchConnection] thread 74: stopping connection
2026-09-07T17:08:38.941+0900 [DEBUG] [org.gradle.launcher.daemon.server.Daemon] Starting periodic daemon health check.
2026-09-07T17:08:38.942+0900 [DEBUG] [org.gradle.cache.internal.DefaultFileLockManager] Waiting to acquire shared lock on daemon addresses registry.
2026-09-07T17:08:38.942+0900 [DEBUG] [org.gradle.cache.internal.DefaultFileLockManager] Lock acquired on daemon addresses registry.
2026-09-07T17:08:38.943+0900 [DEBUG] [org.gradle.cache.internal.DefaultFileLockManager] Releasing lock on daemon addresses registry.
2026-09-07T17:08:38.944+0900 [DEBUG] [org.gradle.cache.internal.DefaultFileLockManager] Waiting to acquire shared lock on daemon addresses registry.
2026-09-07T17:08:38.944+0900 [DEBUG] [org.gradle.cache.internal.DefaultFileLockManager] Lock acquired on daemon addresses registry.
2026-09-07T17:08:38.944+0900 [DEBUG] [org.gradle.cache.internal.DefaultFileLockManager] Releasing lock on daemon addresses registry.
2026-09-07T17:08:38.944+0900 [DEBUG] [org.gradle.launcher.daemon.server.Daemon] Finished periodic daemon health check.
2026-09-07T17:08:48.946+0900 [DEBUG] [org.gradle.launcher.daemon.server.Daemon] Starting periodic daemon health check.
2026-09-07T17:08:48.947+0900 [DEBUG] [org.gradle.cache.internal.DefaultFileLockManager] Waiting to acquire shared lock on daemon addresses registry.
2026-09-07T17:08:48.948+0900 [DEBUG] [org.gradle.cache.internal.DefaultFileLockManager] Lock acquired on daemon addresses registry.
2026-09-07T17:08:48.948+0900 [DEBUG] [org.gradle.cache.internal.DefaultFileLockManager] Releasing lock on daemon addresses registry.
2026-09-07T17:08:48.948+0900 [DEBUG] [org.gradle.cache.internal.DefaultFileLockManager] Waiting to acquire shared lock on daemon addresses registry.
2026-09-07T17:08:48.949+0900 [DEBUG] [org.gradle.cache.internal.DefaultFileLockManager] Lock acquired on daemon addresses registry.
2026-09-07T17:08:48.949+0900 [DEBUG] [org.gradle.cache.internal.DefaultFileLockManager] Releasing lock on daemon addresses registry.
2026-09-07T17:08:48.949+0900 [DEBUG] [org.gradle.launcher.daemon.server.Daemon] Finished periodic daemon health check.
2026-09-07T17:08:58.947+0900 [DEBUG] [org.gradle.launcher.daemon.server.Daemon] Starting periodic daemon health check.
2026-09-07T17:08:58.949+0900 [DEBUG] [org.gradle.cache.internal.DefaultFileLockManager] Waiting to acquire shared lock on daemon addresses registry.
2026-09-07T17:08:58.949+0900 [DEBUG] [org.gradle.cache.internal.DefaultFileLockManager] Lock acquired on daemon addresses registry.
2026-09-07T17:08:58.949+0900 [DEBUG] [org.gradle.cache.internal.DefaultFileLockManager] Releasing lock on daemon addresses registry.
2026-09-07T17:08:58.950+0900 [DEBUG] [org.gradle.cache.internal.DefaultFileLockManager] Waiting to acquire shared lock on daemon addresses registry.
2026-09-07T17:08:58.950+0900 [DEBUG] [org.gradle.cache.internal.DefaultFileLockManager] Lock acquired on daemon addresses registry.
2026-09-07T17:08:58.951+0900 [DEBUG] [org.gradle.cache.internal.DefaultFileLockManager] Releasing lock on daemon addresses registry.
2026-09-07T17:08:58.951+0900 [DEBUG] [org.gradle.launcher.daemon.server.Daemon] Finished periodic daemon health check.
2026-09-07T17:09:08.936+0900 [DEBUG] [org.gradle.launcher.daemon.server.Daemon] Starting periodic daemon health check.
2026-09-07T17:09:08.938+0900 [DEBUG] [org.gradle.cache.internal.DefaultFileLockManager] Waiting to acquire shared lock on daemon addresses registry.
2026-09-07T17:09:08.938+0900 [DEBUG] [org.gradle.cache.internal.DefaultFileLockManager] Lock acquired on daemon addresses registry.
2026-09-07T17:09:08.938+0900 [DEBUG] [org.gradle.cache.internal.DefaultFileLockManager] Releasing lock on daemon addresses registry.
2026-09-07T17:09:08.939+0900 [DEBUG] [org.gradle.cache.internal.DefaultFileLockManager] Waiting to acquire shared lock on daemon addresses registry.
2026-09-07T17:09:08.940+0900 [DEBUG] [org.gradle.cache.internal.DefaultFileLockManager] Lock acquired on daemon addresses registry.
2026-09-07T17:09:08.940+0900 [DEBUG] [org.gradle.cache.internal.DefaultFileLockManager] Releasing lock on daemon addresses registry.
2026-09-07T17:09:08.940+0900 [DEBUG] [org.gradle.launcher.daemon.server.Daemon] Finished periodic daemon health check.
2026-09-07T17:09:18.939+0900 [DEBUG] [org.gradle.launcher.daemon.server.Daemon] Starting periodic daemon health check.
2026-09-07T17:09:18.940+0900 [DEBUG] [org.gradle.cache.internal.DefaultFileLockManager] Waiting to acquire shared lock on daemon addresses registry.
2026-09-07T17:09:18.940+0900 [DEBUG] [org.gradle.cache.internal.DefaultFileLockManager] Lock acquired on daemon addresses registry.
2026-09-07T17:09:18.941+0900 [DEBUG] [org.gradle.cache.internal.DefaultFileLockManager] Releasing lock on daemon addresses registry.
2026-09-07T17:09:18.942+0900 [DEBUG] [org.gradle.cache.internal.DefaultFileLockManager] Waiting to acquire shared lock on daemon addresses registry.
2026-09-07T17:09:18.942+0900 [DEBUG] [org.gradle.cache.internal.DefaultFileLockManager] Lock acquired on daemon addresses registry.
2026-09-07T17:09:18.942+0900 [DEBUG] [org.gradle.cache.internal.DefaultFileLockManager] Releasing lock on daemon addresses registry.
2026-09-07T17:09:18.942+0900 [DEBUG] [org.gradle.launcher.daemon.server.Daemon] Finished periodic daemon health check.
2026-09-07T17:09:28.952+0900 [DEBUG] [org.gradle.launcher.daemon.server.Daemon] Starting periodic daemon health check.
2026-09-07T17:09:28.953+0900 [DEBUG] [org.gradle.cache.internal.DefaultFileLockManager] Waiting to acquire shared lock on daemon addresses registry.
2026-09-07T17:09:28.953+0900 [DEBUG] [org.gradle.cache.internal.DefaultFileLockManager] Lock acquired on daemon addresses registry.
2026-09-07T17:09:28.954+0900 [DEBUG] [org.gradle.cache.internal.DefaultFileLockManager] Releasing lock on daemon addresses registry.
2026-09-07T17:09:28.955+0900 [DEBUG] [org.gradle.cache.internal.DefaultFileLockManager] Waiting to acquire shared lock on daemon addresses registry.
2026-09-07T17:09:28.955+0900 [DEBUG] [org.gradle.cache.internal.DefaultFileLockManager] Lock acquired on daemon addresses registry.
2026-09-07T17:09:28.955+0900 [DEBUG] [org.gradle.cache.internal.DefaultFileLockManager] Releasing lock on daemon addresses registry.
2026-09-07T17:09:28.956+0900 [DEBUG] [org.gradle.launcher.daemon.server.Daemon] Finished periodic daemon health check.
2026-09-07T17:09:38.946+0900 [DEBUG] [org.gradle.launcher.daemon.server.Daemon] Starting periodic daemon health check.
2026-09-07T17:09:38.947+0900 [DEBUG] [org.gradle.cache.internal.DefaultFileLockManager] Waiting to acquire shared lock on daemon addresses registry.
2026-09-07T17:09:38.947+0900 [DEBUG] [org.gradle.cache.internal.DefaultFileLockManager] Lock acquired on daemon addresses registry.
2026-09-07T17:09:38.948+0900 [DEBUG] [org.gradle.cache.internal.DefaultFileLockManager] Releasing lock on daemon addresses registry.
2026-09-07T17:09:38.948+0900 [DEBUG] [org.gradle.cache.internal.DefaultFileLockManager] Waiting to acquire shared lock on daemon addresses registry.
2026-09-07T17:09:38.949+0900 [DEBUG] [org.gradle.cache.internal.DefaultFileLockManager] Lock acquired on daemon addresses registry.
2026-09-07T17:09:38.949+0900 [DEBUG] [org.gradle.cache.internal.DefaultFileLockManager] Releasing lock on daemon addresses registry.
2026-09-07T17:09:38.949+0900 [DEBUG] [org.gradle.launcher.daemon.server.Daemon] Finished periodic daemon health check.
2026-09-07T17:09:48.949+0900 [DEBUG] [org.gradle.launcher.daemon.server.Daemon] Starting periodic daemon health check.
2026-09-07T17:09:48.950+0900 [DEBUG] [org.gradle.cache.internal.DefaultFileLockManager] Waiting to acquire shared lock on daemon addresses registry.
2026-09-07T17:09:48.950+0900 [DEBUG] [org.gradle.cache.internal.DefaultFileLockManager] Lock acquired on daemon addresses registry.
2026-09-07T17:09:48.950+0900 [DEBUG] [org.gradle.cache.internal.DefaultFileLockManager] Releasing lock on daemon addresses registry.
2026-09-07T17:09:48.951+0900 [DEBUG] [org.gradle.cache.internal.DefaultFileLockManager] Waiting to acquire shared lock on daemon addresses registry.
2026-09-07T17:09:48.951+0900 [DEBUG] [org.gradle.cache.internal.DefaultFileLockManager] Lock acquired on daemon addresses registry.
2026-09-07T17:09:48.951+0900 [DEBUG] [org.gradle.cache.internal.DefaultFileLockManager] Releasing lock on daemon addresses registry.
2026-09-07T17:09:48.951+0900 [DEBUG] [org.gradle.launcher.daemon.server.Daemon] Finished periodic daemon health check.
2026-09-07T17:09:58.939+0900 [DEBUG] [org.gradle.launcher.daemon.server.Daemon] Starting periodic daemon health check.
2026-09-07T17:09:58.940+0900 [DEBUG] [org.gradle.cache.internal.DefaultFileLockManager] Waiting to acquire shared lock on daemon addresses registry.
2026-09-07T17:09:58.940+0900 [DEBUG] [org.gradle.cache.internal.DefaultFileLockManager] Lock acquired on daemon addresses registry.
2026-09-07T17:09:58.940+0900 [DEBUG] [org.gradle.cache.internal.DefaultFileLockManager] Releasing lock on daemon addresses registry.
2026-09-07T17:09:58.940+0900 [DEBUG] [org.gradle.cache.internal.DefaultFileLockManager] Waiting to acquire shared lock on daemon addresses registry.
2026-09-07T17:09:58.940+0900 [DEBUG] [org.gradle.cache.internal.DefaultFileLockManager] Lock acquired on daemon addresses registry.
2026-09-07T17:09:58.941+0900 [DEBUG] [org.gradle.cache.internal.DefaultFileLockManager] Releasing lock on daemon addresses registry.
2026-09-07T17:09:58.941+0900 [DEBUG] [org.gradle.launcher.daemon.server.Daemon] Finished periodic daemon health check.
2026-09-07T17:10:08.949+0900 [DEBUG] [org.gradle.launcher.daemon.server.Daemon] Starting periodic daemon health check.
2026-09-07T17:10:08.950+0900 [DEBUG] [org.gradle.cache.internal.DefaultFileLockManager] Waiting to acquire shared lock on daemon addresses registry.
2026-09-07T17:10:08.950+0900 [DEBUG] [org.gradle.cache.internal.DefaultFileLockManager] Lock acquired on daemon addresses registry.
2026-09-07T17:10:08.951+0900 [DEBUG] [org.gradle.cache.internal.DefaultFileLockManager] Releasing lock on daemon addresses registry.
2026-09-07T17:10:08.951+0900 [DEBUG] [org.gradle.cache.internal.DefaultFileLockManager] Waiting to acquire shared lock on daemon addresses registry.
2026-09-07T17:10:08.951+0900 [DEBUG] [org.gradle.cache.internal.DefaultFileLockManager] Lock acquired on daemon addresses registry.
2026-09-07T17:10:08.951+0900 [DEBUG] [org.gradle.cache.internal.DefaultFileLockManager] Releasing lock on daemon addresses registry.
2026-09-07T17:10:08.952+0900 [DEBUG] [org.gradle.launcher.daemon.server.Daemon] Finished periodic daemon health check.
2026-09-07T17:10:18.946+0900 [DEBUG] [org.gradle.launcher.daemon.server.Daemon] Starting periodic daemon health check.
2026-09-07T17:10:18.947+0900 [DEBUG] [org.gradle.cache.internal.DefaultFileLockManager] Waiting to acquire shared lock on daemon addresses registry.
2026-09-07T17:10:18.947+0900 [DEBUG] [org.gradle.cache.internal.DefaultFileLockManager] Lock acquired on daemon addresses registry.
2026-09-07T17:10:18.947+0900 [DEBUG] [org.gradle.cache.internal.DefaultFileLockManager] Releasing lock on daemon addresses registry.
2026-09-07T17:10:18.947+0900 [DEBUG] [org.gradle.cache.internal.DefaultFileLockManager] Waiting to acquire shared lock on daemon addresses registry.
2026-09-07T17:10:18.948+0900 [DEBUG] [org.gradle.cache.internal.DefaultFileLockManager] Lock acquired on daemon addresses registry.
2026-09-07T17:10:18.948+0900 [DEBUG] [org.gradle.cache.internal.DefaultFileLockManager] Releasing lock on daemon addresses registry.
2026-09-07T17:10:18.948+0900 [DEBUG] [org.gradle.launcher.daemon.server.Daemon] Finished periodic daemon health check.
2026-09-07T17:10:28.940+0900 [DEBUG] [org.gradle.launcher.daemon.server.Daemon] Starting periodic daemon health check.
2026-09-07T17:10:28.941+0900 [DEBUG] [org.gradle.cache.internal.DefaultFileLockManager] Waiting to acquire shared lock on daemon addresses registry.
2026-09-07T17:10:28.941+0900 [DEBUG] [org.gradle.cache.internal.DefaultFileLockManager] Lock acquired on daemon addresses registry.
2026-09-07T17:10:28.942+0900 [DEBUG] [org.gradle.cache.internal.DefaultFileLockManager] Releasing lock on daemon addresses registry.
2026-09-07T17:10:28.943+0900 [DEBUG] [org.gradle.cache.internal.DefaultFileLockManager] Waiting to acquire shared lock on daemon addresses registry.
2026-09-07T17:10:28.943+0900 [DEBUG] [org.gradle.cache.internal.DefaultFileLockManager] Lock acquired on daemon addresses registry.
2026-09-07T17:10:28.943+0900 [DEBUG] [org.gradle.cache.internal.DefaultFileLockManager] Releasing lock on daemon addresses registry.
2026-09-07T17:10:28.944+0900 [DEBUG] [org.gradle.launcher.daemon.server.Daemon] Finished periodic daemon health check.
2026-09-07T17:10:38.938+0900 [DEBUG] [org.gradle.launcher.daemon.server.Daemon] Starting periodic daemon health check.
2026-09-07T17:10:38.939+0900 [DEBUG] [org.gradle.cache.internal.DefaultFileLockManager] Waiting to acquire shared lock on daemon addresses registry.
2026-09-07T17:10:38.939+0900 [DEBUG] [org.gradle.cache.internal.DefaultFileLockManager] Lock acquired on daemon addresses registry.
2026-09-07T17:10:38.939+0900 [DEBUG] [org.gradle.cache.internal.DefaultFileLockManager] Releasing lock on daemon addresses registry.
2026-09-07T17:10:38.940+0900 [DEBUG] [org.gradle.cache.internal.DefaultFileLockManager] Waiting to acquire shared lock on daemon addresses registry.
2026-09-07T17:10:38.940+0900 [DEBUG] [org.gradle.cache.internal.DefaultFileLockManager] Lock acquired on daemon addresses registry.
2026-09-07T17:10:38.941+0900 [DEBUG] [org.gradle.cache.internal.DefaultFileLockManager] Releasing lock on daemon addresses registry.
2026-09-07T17:10:38.941+0900 [DEBUG] [org.gradle.launcher.daemon.server.Daemon] Finished periodic daemon health check.
2026-09-07T17:10:48.943+0900 [DEBUG] [org.gradle.launcher.daemon.server.Daemon] Starting periodic daemon health check.
2026-09-07T17:10:48.944+0900 [DEBUG] [org.gradle.cache.internal.DefaultFileLockManager] Waiting to acquire shared lock on daemon addresses registry.
2026-09-07T17:10:48.944+0900 [DEBUG] [org.gradle.cache.internal.DefaultFileLockManager] Lock acquired on daemon addresses registry.
2026-09-07T17:10:48.945+0900 [DEBUG] [org.gradle.cache.internal.DefaultFileLockManager] Releasing lock on daemon addresses registry.
2026-09-07T17:10:48.946+0900 [DEBUG] [org.gradle.cache.internal.DefaultFileLockManager] Waiting to acquire shared lock on daemon addresses registry.
2026-09-07T17:10:48.946+0900 [DEBUG] [org.gradle.cache.internal.DefaultFileLockManager] Lock acquired on daemon addresses registry.
2026-09-07T17:10:48.946+0900 [DEBUG] [org.gradle.cache.internal.DefaultFileLockManager] Releasing lock on daemon addresses registry.
2026-09-07T17:10:48.946+0900 [DEBUG] [org.gradle.launcher.daemon.server.Daemon] Finished periodic daemon health check.
2026-09-07T17:10:58.936+0900 [DEBUG] [org.gradle.launcher.daemon.server.Daemon] Starting periodic daemon health check.
2026-09-07T17:10:58.937+0900 [DEBUG] [org.gradle.cache.internal.DefaultFileLockManager] Waiting to acquire shared lock on daemon addresses registry.
2026-09-07T17:10:58.937+0900 [DEBUG] [org.gradle.cache.internal.DefaultFileLockManager] Lock acquired on daemon addresses registry.
2026-09-07T17:10:58.937+0900 [DEBUG] [org.gradle.cache.internal.DefaultFileLockManager] Releasing lock on daemon addresses registry.
2026-09-07T17:10:58.938+0900 [DEBUG] [org.gradle.cache.internal.DefaultFileLockManager] Waiting to acquire shared lock on daemon addresses registry.
2026-09-07T17:10:58.938+0900 [DEBUG] [org.gradle.cache.internal.DefaultFileLockManager] Lock acquired on daemon addresses registry.
2026-09-07T17:10:58.938+0900 [DEBUG] [org.gradle.cache.internal.DefaultFileLockManager] Releasing lock on daemon addresses registry.
2026-09-07T17:10:58.938+0900 [DEBUG] [org.gradle.launcher.daemon.server.Daemon] Finished periodic daemon health check.
2026-09-07T17:11:08.942+0900 [DEBUG] [org.gradle.launcher.daemon.server.Daemon] Starting periodic daemon health check.
2026-09-07T17:11:08.943+0900 [DEBUG] [org.gradle.cache.internal.DefaultFileLockManager] Waiting to acquire shared lock on daemon addresses registry.
2026-09-07T17:11:08.944+0900 [DEBUG] [org.gradle.cache.internal.DefaultFileLockManager] Lock acquired on daemon addresses registry.
2026-09-07T17:11:08.944+0900 [DEBUG] [org.gradle.cache.internal.DefaultFileLockManager] Releasing lock on daemon addresses registry.
2026-09-07T17:11:08.945+0900 [DEBUG] [org.gradle.cache.internal.DefaultFileLockManager] Waiting to acquire shared lock on daemon addresses registry.
2026-09-07T17:11:08.945+0900 [DEBUG] [org.gradle.cache.internal.DefaultFileLockManager] Lock acquired on daemon addresses registry.
2026-09-07T17:11:08.945+0900 [DEBUG] [org.gradle.cache.internal.DefaultFileLockManager] Releasing lock on daemon addresses registry.
2026-09-07T17:11:08.945+0900 [DEBUG] [org.gradle.launcher.daemon.server.Daemon] Finished periodic daemon health check.
2026-09-07T17:11:18.942+0900 [DEBUG] [org.gradle.launcher.daemon.server.Daemon] Starting periodic daemon health check.
2026-09-07T17:11:18.944+0900 [DEBUG] [org.gradle.cache.internal.DefaultFileLockManager] Waiting to acquire shared lock on daemon addresses registry.
2026-09-07T17:11:18.944+0900 [DEBUG] [org.gradle.cache.internal.DefaultFileLockManager] Lock acquired on daemon addresses registry.
2026-09-07T17:11:18.944+0900 [DEBUG] [org.gradle.cache.internal.DefaultFileLockManager] Releasing lock on daemon addresses registry.
2026-09-07T17:11:18.945+0900 [DEBUG] [org.gradle.cache.internal.DefaultFileLockManager] Waiting to acquire shared lock on daemon addresses registry.
2026-09-07T17:11:18.946+0900 [DEBUG] [org.gradle.cache.internal.DefaultFileLockManager] Lock acquired on daemon addresses registry.
2026-09-07T17:11:18.946+0900 [DEBUG] [org.gradle.cache.internal.DefaultFileLockManager] Releasing lock on daemon addresses registry.
2026-09-07T17:11:18.946+0900 [DEBUG] [org.gradle.launcher.daemon.server.Daemon] Finished periodic daemon health check.
2026-09-07T17:11:28.939+0900 [DEBUG] [org.gradle.launcher.daemon.server.Daemon] Starting periodic daemon health check.
2026-09-07T17:11:28.940+0900 [DEBUG] [org.gradle.cache.internal.DefaultFileLockManager] Waiting to acquire shared lock on daemon addresses registry.
2026-09-07T17:11:28.940+0900 [DEBUG] [org.gradle.cache.internal.DefaultFileLockManager] Lock acquired on daemon addresses registry.
2026-09-07T17:11:28.940+0900 [DEBUG] [org.gradle.cache.internal.DefaultFileLockManager] Releasing lock on daemon addresses registry.
2026-09-07T17:11:28.941+0900 [DEBUG] [org.gradle.cache.internal.DefaultFileLockManager] Waiting to acquire shared lock on daemon addresses registry.
2026-09-07T17:11:28.941+0900 [DEBUG] [org.gradle.cache.internal.DefaultFileLockManager] Lock acquired on daemon addresses registry.
2026-09-07T17:11:28.941+0900 [DEBUG] [org.gradle.cache.internal.DefaultFileLockManager] Releasing lock on daemon addresses registry.
2026-09-07T17:11:28.941+0900 [DEBUG] [org.gradle.launcher.daemon.server.Daemon] Finished periodic daemon health check.
2026-09-07T17:11:38.939+0900 [DEBUG] [org.gradle.launcher.daemon.server.Daemon] Starting periodic daemon health check.
2026-09-07T17:11:38.940+0900 [DEBUG] [org.gradle.cache.internal.DefaultFileLockManager] Waiting to acquire shared lock on daemon addresses registry.
2026-09-07T17:11:38.941+0900 [DEBUG] [org.gradle.cache.internal.DefaultFileLockManager] Lock acquired on daemon addresses registry.
2026-09-07T17:11:38.941+0900 [DEBUG] [org.gradle.cache.internal.DefaultFileLockManager] Releasing lock on daemon addresses registry.
2026-09-07T17:11:38.943+0900 [DEBUG] [org.gradle.cache.internal.DefaultFileLockManager] Waiting to acquire shared lock on daemon addresses registry.
2026-09-07T17:11:38.943+0900 [DEBUG] [org.gradle.cache.internal.DefaultFileLockManager] Lock acquired on daemon addresses registry.
2026-09-07T17:11:38.943+0900 [DEBUG] [org.gradle.cache.internal.DefaultFileLockManager] Releasing lock on daemon addresses registry.
2026-09-07T17:11:38.943+0900 [DEBUG] [org.gradle.launcher.daemon.server.Daemon] Finished periodic daemon health check.
2026-09-07T17:11:48.950+0900 [DEBUG] [org.gradle.launcher.daemon.server.Daemon] Starting periodic daemon health check.
2026-09-07T17:11:48.951+0900 [DEBUG] [org.gradle.cache.internal.DefaultFileLockManager] Waiting to acquire shared lock on daemon addresses registry.
2026-09-07T17:11:48.951+0900 [DEBUG] [org.gradle.cache.internal.DefaultFileLockManager] Lock acquired on daemon addresses registry.
2026-09-07T17:11:48.951+0900 [DEBUG] [org.gradle.cache.internal.DefaultFileLockManager] Releasing lock on daemon addresses registry.
2026-09-07T17:11:48.953+0900 [DEBUG] [org.gradle.cache.internal.DefaultFileLockManager] Waiting to acquire shared lock on daemon addresses registry.
2026-09-07T17:11:48.953+0900 [DEBUG] [org.gradle.cache.internal.DefaultFileLockManager] Lock acquired on daemon addresses registry.
2026-09-07T17:11:48.953+0900 [DEBUG] [org.gradle.cache.internal.DefaultFileLockManager] Releasing lock on daemon addresses registry.
2026-09-07T17:11:48.953+0900 [DEBUG] [org.gradle.launcher.daemon.server.Daemon] Finished periodic daemon health check.
2026-09-07T17:11:58.944+0900 [DEBUG] [org.gradle.launcher.daemon.server.Daemon] Starting periodic daemon health check.
2026-09-07T17:11:58.945+0900 [DEBUG] [org.gradle.cache.internal.DefaultFileLockManager] Waiting to acquire shared lock on daemon addresses registry.
2026-09-07T17:11:58.946+0900 [DEBUG] [org.gradle.cache.internal.DefaultFileLockManager] Lock acquired on daemon addresses registry.
2026-09-07T17:11:58.946+0900 [DEBUG] [org.gradle.cache.internal.DefaultFileLockManager] Releasing lock on daemon addresses registry.
2026-09-07T17:11:58.947+0900 [DEBUG] [org.gradle.cache.internal.DefaultFileLockManager] Waiting to acquire shared lock on daemon addresses registry.
2026-09-07T17:11:58.947+0900 [DEBUG] [org.gradle.cache.internal.DefaultFileLockManager] Lock acquired on daemon addresses registry.
2026-09-07T17:11:58.948+0900 [DEBUG] [org.gradle.cache.internal.DefaultFileLockManager] Releasing lock on daemon addresses registry.
2026-09-07T17:11:58.948+0900 [DEBUG] [org.gradle.launcher.daemon.server.Daemon] Finished periodic daemon health check.
2026-09-07T17:12:08.940+0900 [DEBUG] [org.gradle.launcher.daemon.server.Daemon] Starting periodic daemon health check.
2026-09-07T17:12:08.942+0900 [DEBUG] [org.gradle.cache.internal.DefaultFileLockManager] Waiting to acquire shared lock on daemon addresses registry.
2026-09-07T17:12:08.942+0900 [DEBUG] [org.gradle.cache.internal.DefaultFileLockManager] Lock acquired on daemon addresses registry.
2026-09-07T17:12:08.942+0900 [DEBUG] [org.gradle.cache.internal.DefaultFileLockManager] Releasing lock on daemon addresses registry.
2026-09-07T17:12:08.943+0900 [DEBUG] [org.gradle.cache.internal.DefaultFileLockManager] Waiting to acquire shared lock on daemon addresses registry.
2026-09-07T17:12:08.943+0900 [DEBUG] [org.gradle.cache.internal.DefaultFileLockManager] Lock acquired on daemon addresses registry.
2026-09-07T17:12:08.943+0900 [DEBUG] [org.gradle.cache.internal.DefaultFileLockManager] Releasing lock on daemon addresses registry.
2026-09-07T17:12:08.943+0900 [DEBUG] [org.gradle.launcher.daemon.server.Daemon] Finished periodic daemon health check.
2026-09-07T17:12:18.943+0900 [DEBUG] [org.gradle.launcher.daemon.server.Daemon] Starting periodic daemon health check.
2026-09-07T17:12:18.944+0900 [DEBUG] [org.gradle.cache.internal.DefaultFileLockManager] Waiting to acquire shared lock on daemon addresses registry.
2026-09-07T17:12:18.944+0900 [DEBUG] [org.gradle.cache.internal.DefaultFileLockManager] Lock acquired on daemon addresses registry.
2026-09-07T17:12:18.944+0900 [DEBUG] [org.gradle.cache.internal.DefaultFileLockManager] Releasing lock on daemon addresses registry.
2026-09-07T17:12:18.945+0900 [DEBUG] [org.gradle.cache.internal.DefaultFileLockManager] Waiting to acquire shared lock on daemon addresses registry.
2026-09-07T17:12:18.945+0900 [DEBUG] [org.gradle.cache.internal.DefaultFileLockManager] Lock acquired on daemon addresses registry.
2026-09-07T17:12:18.945+0900 [DEBUG] [org.gradle.cache.internal.DefaultFileLockManager] Releasing lock on daemon addresses registry.
2026-09-07T17:12:18.945+0900 [DEBUG] [org.gradle.launcher.daemon.server.Daemon] Finished periodic daemon health check.
2026-09-07T17:12:28.949+0900 [DEBUG] [org.gradle.launcher.daemon.server.Daemon] Starting periodic daemon health check.
2026-09-07T17:12:28.950+0900 [DEBUG] [org.gradle.cache.internal.DefaultFileLockManager] Waiting to acquire shared lock on daemon addresses registry.
2026-09-07T17:12:28.951+0900 [DEBUG] [org.gradle.cache.internal.DefaultFileLockManager] Lock acquired on daemon addresses registry.
2026-09-07T17:12:28.951+0900 [DEBUG] [org.gradle.cache.internal.DefaultFileLockManager] Releasing lock on daemon addresses registry.
2026-09-07T17:12:28.952+0900 [DEBUG] [org.gradle.cache.internal.DefaultFileLockManager] Waiting to acquire shared lock on daemon addresses registry.
2026-09-07T17:12:28.952+0900 [DEBUG] [org.gradle.cache.internal.DefaultFileLockManager] Lock acquired on daemon addresses registry.
2026-09-07T17:12:28.952+0900 [DEBUG] [org.gradle.cache.internal.DefaultFileLockManager] Releasing lock on daemon addresses registry.
2026-09-07T17:12:28.953+0900 [DEBUG] [org.gradle.launcher.daemon.server.Daemon] Finished periodic daemon health check.
2026-09-07T17:12:33.351+0900 [DEBUG] [org.gradle.internal.watch.vfs.impl.WatchingVirtualFileSystem] Handling VFS change MODIFIED C:\Users\SSAFY\Desktop\스터디\travel\src\main\resources\static\Routy\js\main.js
2026-09-07T17:12:38.940+0900 [DEBUG] [org.gradle.launcher.daemon.server.Daemon] Starting periodic daemon health check.
2026-09-07T17:12:38.941+0900 [DEBUG] [org.gradle.cache.internal.DefaultFileLockManager] Waiting to acquire shared lock on daemon addresses registry.
2026-09-07T17:12:38.941+0900 [DEBUG] [org.gradle.cache.internal.DefaultFileLockManager] Lock acquired on daemon addresses registry.
2026-09-07T17:12:38.941+0900 [DEBUG] [org.gradle.cache.internal.DefaultFileLockManager] Releasing lock on daemon addresses registry.
2026-09-07T17:12:38.943+0900 [DEBUG] [org.gradle.cache.internal.DefaultFileLockManager] Waiting to acquire shared lock on daemon addresses registry.
2026-09-07T17:12:38.943+0900 [DEBUG] [org.gradle.cache.internal.DefaultFileLockManager] Lock acquired on daemon addresses registry.
2026-09-07T17:12:38.943+0900 [DEBUG] [org.gradle.cache.internal.DefaultFileLockManager] Releasing lock on daemon addresses registry.
2026-09-07T17:12:38.944+0900 [DEBUG] [org.gradle.launcher.daemon.server.Daemon] Finished periodic daemon health check.
2026-09-07T17:12:48.942+0900 [DEBUG] [org.gradle.launcher.daemon.server.Daemon] Starting periodic daemon health check.
2026-09-07T17:12:48.943+0900 [DEBUG] [org.gradle.cache.internal.DefaultFileLockManager] Waiting to acquire shared lock on daemon addresses registry.
2026-09-07T17:12:48.943+0900 [DEBUG] [org.gradle.cache.internal.DefaultFileLockManager] Lock acquired on daemon addresses registry.
2026-09-07T17:12:48.943+0900 [DEBUG] [org.gradle.cache.internal.DefaultFileLockManager] Releasing lock on daemon addresses registry.
2026-09-07T17:12:48.944+0900 [DEBUG] [org.gradle.cache.internal.DefaultFileLockManager] Waiting to acquire shared lock on daemon addresses registry.
2026-09-07T17:12:48.944+0900 [DEBUG] [org.gradle.cache.internal.DefaultFileLockManager] Lock acquired on daemon addresses registry.
2026-09-07T17:12:48.944+0900 [DEBUG] [org.gradle.cache.internal.DefaultFileLockManager] Releasing lock on daemon addresses registry.
2026-09-07T17:12:48.944+0900 [DEBUG] [org.gradle.launcher.daemon.server.Daemon] Finished periodic daemon health check.
2026-09-07T17:12:58.938+0900 [DEBUG] [org.gradle.launcher.daemon.server.Daemon] Starting periodic daemon health check.
2026-09-07T17:12:58.938+0900 [DEBUG] [org.gradle.cache.internal.DefaultFileLockManager] Waiting to acquire shared lock on daemon addresses registry.
2026-09-07T17:12:58.939+0900 [DEBUG] [org.gradle.cache.internal.DefaultFileLockManager] Lock acquired on daemon addresses registry.
2026-09-07T17:12:58.939+0900 [DEBUG] [org.gradle.cache.internal.DefaultFileLockManager] Releasing lock on daemon addresses registry.
2026-09-07T17:12:58.939+0900 [DEBUG] [org.gradle.cache.internal.DefaultFileLockManager] Waiting to acquire shared lock on daemon addresses registry.
2026-09-07T17:12:58.939+0900 [DEBUG] [org.gradle.cache.internal.DefaultFileLockManager] Lock acquired on daemon addresses registry.
2026-09-07T17:12:58.940+0900 [DEBUG] [org.gradle.cache.internal.DefaultFileLockManager] Releasing lock on daemon addresses registry.
2026-09-07T17:12:58.940+0900 [DEBUG] [org.gradle.launcher.daemon.server.Daemon] Finished periodic daemon health check.
2026-09-07T17:13:08.936+0900 [DEBUG] [org.gradle.launcher.daemon.server.Daemon] Starting periodic daemon health check.
2026-09-07T17:13:08.938+0900 [DEBUG] [org.gradle.cache.internal.DefaultFileLockManager] Waiting to acquire shared lock on daemon addresses registry.
2026-09-07T17:13:08.938+0900 [DEBUG] [org.gradle.cache.internal.DefaultFileLockManager] Lock acquired on daemon addresses registry.
2026-09-07T17:13:08.938+0900 [DEBUG] [org.gradle.cache.internal.DefaultFileLockManager] Releasing lock on daemon addresses registry.
2026-09-07T17:13:08.939+0900 [DEBUG] [org.gradle.cache.internal.DefaultFileLockManager] Waiting to acquire shared lock on daemon addresses registry.
2026-09-07T17:13:08.940+0900 [DEBUG] [org.gradle.cache.internal.DefaultFileLockManager] Lock acquired on daemon addresses registry.
2026-09-07T17:13:08.940+0900 [DEBUG] [org.gradle.cache.internal.DefaultFileLockManager] Releasing lock on daemon addresses registry.
2026-09-07T17:13:08.940+0900 [DEBUG] [org.gradle.launcher.daemon.server.Daemon] Finished periodic daemon health check.
2026-09-07T17:13:18.947+0900 [DEBUG] [org.gradle.launcher.daemon.server.Daemon] Starting periodic daemon health check.
2026-09-07T17:13:18.948+0900 [DEBUG] [org.gradle.cache.internal.DefaultFileLockManager] Waiting to acquire shared lock on daemon addresses registry.
2026-09-07T17:13:18.948+0900 [DEBUG] [org.gradle.cache.internal.DefaultFileLockManager] Lock acquired on daemon addresses registry.
2026-09-07T17:13:18.949+0900 [DEBUG] [org.gradle.cache.internal.DefaultFileLockManager] Releasing lock on daemon addresses registry.
2026-09-07T17:13:18.950+0900 [DEBUG] [org.gradle.cache.internal.DefaultFileLockManager] Waiting to acquire shared lock on daemon addresses registry.
2026-09-07T17:13:18.950+0900 [DEBUG] [org.gradle.cache.internal.DefaultFileLockManager] Lock acquired on daemon addresses registry.
2026-09-07T17:13:18.950+0900 [DEBUG] [org.gradle.cache.internal.DefaultFileLockManager] Releasing lock on daemon addresses registry.
2026-09-07T17:13:18.951+0900 [DEBUG] [org.gradle.launcher.daemon.server.Daemon] Finished periodic daemon health check.
2026-09-07T17:13:28.943+0900 [DEBUG] [org.gradle.launcher.daemon.server.Daemon] Starting periodic daemon health check.
2026-09-07T17:13:28.944+0900 [DEBUG] [org.gradle.cache.internal.DefaultFileLockManager] Waiting to acquire shared lock on daemon addresses registry.
2026-09-07T17:13:28.944+0900 [DEBUG] [org.gradle.cache.internal.DefaultFileLockManager] Lock acquired on daemon addresses registry.
2026-09-07T17:13:28.944+0900 [DEBUG] [org.gradle.cache.internal.DefaultFileLockManager] Releasing lock on daemon addresses registry.
2026-09-07T17:13:28.945+0900 [DEBUG] [org.gradle.cache.internal.DefaultFileLockManager] Waiting to acquire shared lock on daemon addresses registry.
2026-09-07T17:13:28.946+0900 [DEBUG] [org.gradle.cache.internal.DefaultFileLockManager] Lock acquired on daemon addresses registry.
2026-09-07T17:13:28.946+0900 [DEBUG] [org.gradle.cache.internal.DefaultFileLockManager] Releasing lock on daemon addresses registry.
2026-09-07T17:13:28.946+0900 [DEBUG] [org.gradle.launcher.daemon.server.Daemon] Finished periodic daemon health check.
2026-09-07T17:13:38.408+0900 [DEBUG] [org.gradle.cache.internal.locklistener.DefaultFileLockCommunicator] Confirming unlock request to process at port 51419 for lock with id 8524713661058152418.
2026-09-07T17:13:38.409+0900 [DEBUG] [org.gradle.cache.internal.LockOnDemandCrossProcessCacheAccess] Lock on artifact cache (C:\Users\SSAFY\Desktop\스터디\travel\.gradle-user\caches\modules-2) requested by another process - releasing lock.
2026-09-07T17:13:38.409+0900 [DEBUG] [org.gradle.cache.internal.LockOnDemandCrossProcessCacheAccess] Releasing file lock for artifact cache (C:\Users\SSAFY\Desktop\스터디\travel\.gradle-user\caches\modules-2)
2026-09-07T17:13:38.409+0900 [DEBUG] [org.gradle.cache.internal.btree.BTreePersistentIndexedCache] Closing cache module-artifact.bin (C:\Users\SSAFY\Desktop\스터디\travel\.gradle-user\caches\modules-2\metadata-2.107\module-artifact.bin)
2026-09-07T17:13:38.410+0900 [DEBUG] [org.gradle.cache.internal.btree.BTreePersistentIndexedCache] Closing cache module-metadata.bin (C:\Users\SSAFY\Desktop\스터디\travel\.gradle-user\caches\modules-2\metadata-2.107\module-metadata.bin)
2026-09-07T17:13:38.410+0900 [DEBUG] [org.gradle.cache.internal.btree.BTreePersistentIndexedCache] Closing cache resource-at-url.bin (C:\Users\SSAFY\Desktop\스터디\travel\.gradle-user\caches\modules-2\metadata-2.107\resource-at-url.bin)
2026-09-07T17:13:38.410+0900 [DEBUG] [org.gradle.cache.internal.DefaultFileLockManager] Releasing lock on artifact cache (C:\Users\SSAFY\Desktop\스터디\travel\.gradle-user\caches\modules-2).
2026-09-07T17:13:38.410+0900 [DEBUG] [org.gradle.cache.internal.locklistener.DefaultFileLockCommunicator] Confirming lock release to process at port 51419 for lock with id 8524713661058152418.
2026-09-07T17:13:38.947+0900 [DEBUG] [org.gradle.launcher.daemon.server.Daemon] Starting periodic daemon health check.
2026-09-07T17:13:38.948+0900 [DEBUG] [org.gradle.cache.internal.DefaultFileLockManager] Waiting to acquire shared lock on daemon addresses registry.
2026-09-07T17:13:38.949+0900 [DEBUG] [org.gradle.cache.internal.DefaultFileLockManager] Lock acquired on daemon addresses registry.
2026-09-07T17:13:38.949+0900 [DEBUG] [org.gradle.cache.internal.DefaultFileLockManager] Releasing lock on daemon addresses registry.
2026-09-07T17:13:38.950+0900 [DEBUG] [org.gradle.cache.internal.DefaultFileLockManager] Waiting to acquire shared lock on daemon addresses registry.
2026-09-07T17:13:38.951+0900 [DEBUG] [org.gradle.cache.internal.DefaultFileLockManager] Lock acquired on daemon addresses registry.
2026-09-07T17:13:38.951+0900 [DEBUG] [org.gradle.cache.internal.DefaultFileLockManager] Releasing lock on daemon addresses registry.
2026-09-07T17:13:38.951+0900 [DEBUG] [org.gradle.cache.internal.DefaultFileLockManager] Waiting to acquire shared lock on daemon addresses registry.
2026-09-07T17:13:38.952+0900 [DEBUG] [org.gradle.cache.internal.DefaultFileLockManager] Lock acquired on daemon addresses registry.
2026-09-07T17:13:38.952+0900 [DEBUG] [org.gradle.cache.internal.DefaultFileLockManager] Releasing lock on daemon addresses registry.
2026-09-07T17:13:38.952+0900 [DEBUG] [org.gradle.cache.internal.DefaultFileLockManager] Waiting to acquire shared lock on daemon addresses registry.
2026-09-07T17:13:38.952+0900 [DEBUG] [org.gradle.cache.internal.DefaultFileLockManager] Lock acquired on daemon addresses registry.
2026-09-07T17:13:38.952+0900 [DEBUG] [org.gradle.cache.internal.DefaultFileLockManager] Releasing lock on daemon addresses registry.
2026-09-07T17:13:38.952+0900 [DEBUG] [org.gradle.launcher.daemon.server.Daemon] Finished periodic daemon health check.
2026-09-07T17:13:44.787+0900 [DEBUG] [org.gradle.internal.watch.registry.impl.DefaultFileWatcherProbeRegistry] Triggering watch probe for C:\Users\SSAFY\Desktop\스터디\travel
2026-09-07T17:13:44.788+0900 [DEBUG] [org.gradle.internal.watch.registry.impl.DefaultFileWatcherProbeRegistry] Triggering watch probe for C:\Users\SSAFY\Desktop\스터디\travel
2026-09-07T17:13:44.907+0900 [DEBUG] [org.gradle.internal.watch.vfs.impl.WatchingVirtualFileSystem] Handling VFS change REMOVED C:\Users\SSAFY\Desktop\스터디\travel\build\resources\main\static\Routy\css\style.css
2026-09-07T17:13:44.907+0900 [DEBUG] [org.gradle.internal.watch.vfs.impl.WatchingVirtualFileSystem] Handling VFS change REMOVED C:\Users\SSAFY\Desktop\스터디\travel\build\resources\main\travela-1.0.0\blog.html
2026-09-07T17:13:44.907+0900 [DEBUG] [org.gradle.internal.watch.vfs.impl.WatchingVirtualFileSystem] Handling VFS change REMOVED C:\Users\SSAFY\Desktop\스터디\travel\build\resources\main\travela-1.0.0\lib\lightbox\images\loading.gif
2026-09-07T17:13:44.908+0900 [DEBUG] [org.gradle.internal.watch.vfs.impl.WatchingVirtualFileSystem] Handling VFS change REMOVED C:\Users\SSAFY\Desktop\스터디\travel\build\resources\main\static\Routy\img\destination-7.jpg
2026-09-07T17:13:44.908+0900 [DEBUG] [org.gradle.internal.watch.vfs.impl.WatchingVirtualFileSystem] Handling VFS change REMOVED C:\Users\SSAFY\Desktop\스터디\travel\build\resources\main\travela-1.0.0\scss\bootstrap\scss\mixins\_color-scheme.scss
2026-09-07T17:13:44.909+0900 [DEBUG] [org.gradle.internal.watch.vfs.impl.WatchingVirtualFileSystem] Handling VFS change REMOVED C:\Users\SSAFY\Desktop\스터디\travel\build\resources\main\travela-1.0.0\scss\bootstrap\scss\forms\_form-text.scss
2026-09-07T17:13:44.909+0900 [DEBUG] [org.gradle.internal.watch.vfs.impl.WatchingVirtualFileSystem] Handling VFS change REMOVED C:\Users\SSAFY\Desktop\스터디\travel\build\resources\main\travela-1.0.0\guides.html
2026-09-07T17:13:44.909+0900 [DEBUG] [org.gradle.internal.watch.vfs.impl.WatchingVirtualFileSystem] Handling VFS change REMOVED C:\Users\SSAFY\Desktop\스터디\travel\build\resources\main\application.properties
2026-09-07T17:13:44.909+0900 [DEBUG] [org.gradle.internal.watch.vfs.impl.WatchingVirtualFileSystem] Handling VFS change REMOVED C:\Users\SSAFY\Desktop\스터디\travel\build\resources\main\travela-1.0.0\scss\bootstrap\scss\_helpers.scss
2026-09-07T17:13:44.910+0900 [DEBUG] [org.gradle.internal.watch.vfs.impl.WatchingVirtualFileSystem] Handling VFS change REMOVED C:\Users\SSAFY\Desktop\스터디\travel\build\resources\main\travela-1.0.0\img\gallery-2.jpg
2026-09-07T17:13:44.910+0900 [DEBUG] [org.gradle.internal.watch.vfs.impl.WatchingVirtualFileSystem] Handling VFS change REMOVED C:\Users\SSAFY\Desktop\스터디\travel\build\resources\main\travela-1.0.0\scss\bootstrap\scss\helpers\_ratio.scss
2026-09-07T17:13:44.910+0900 [DEBUG] [org.gradle.internal.watch.vfs.impl.WatchingVirtualFileSystem] Handling VFS change REMOVED C:\Users\SSAFY\Desktop\스터디\travel\build\resources\main\travela-1.0.0\img\about-img-1.png
2026-09-07T17:13:44.910+0900 [DEBUG] [org.gradle.internal.watch.vfs.impl.WatchingVirtualFileSystem] Handling VFS change REMOVED C:\Users\SSAFY\Desktop\스터디\travel\build\resources\main\travela-1.0.0\scss\bootstrap\scss\forms\_validation.scss
2026-09-07T17:13:44.911+0900 [DEBUG] [org.gradle.internal.watch.vfs.impl.WatchingVirtualFileSystem] Handling VFS change REMOVED C:\Users\SSAFY\Desktop\스터디\travel\build\resources\main\travela-1.0.0\lib\owlcarousel\assets\owl.theme.default.css
2026-09-07T17:13:44.911+0900 [DEBUG] [org.gradle.internal.watch.vfs.impl.WatchingVirtualFileSystem] Handling VFS change REMOVED C:\Users\SSAFY\Desktop\스터디\travel\build\resources\main\travela-1.0.0\scss\bootstrap\scss\_popover.scss
2026-09-07T17:13:44.911+0900 [DEBUG] [org.gradle.internal.watch.vfs.impl.WatchingVirtualFileSystem] Handling VFS change REMOVED C:\Users\SSAFY\Desktop\스터디\travel\build\resources\main\travela-1.0.0\lib\owlcarousel\owl.carousel.min.js
2026-09-07T17:13:44.911+0900 [DEBUG] [org.gradle.internal.watch.vfs.impl.WatchingVirtualFileSystem] Handling VFS change REMOVED C:\Users\SSAFY\Desktop\스터디\travel\build\resources\main\static\Routy\img\packages-3.jpg
2026-09-07T17:13:44.912+0900 [DEBUG] [org.gradle.internal.watch.vfs.impl.WatchingVirtualFileSystem] Handling VFS change REMOVED C:\Users\SSAFY\Desktop\스터디\travel\build\resources\main\travela-1.0.0\img\carousel-1.jpg
2026-09-07T17:13:44.912+0900 [DEBUG] [org.gradle.internal.watch.vfs.impl.WatchingVirtualFileSystem] Handling VFS change REMOVED C:\Users\SSAFY\Desktop\스터디\travel\build\resources\main\travela-1.0.0\lib\owlcarousel\LICENSE
2026-09-07T17:13:44.912+0900 [DEBUG] [org.gradle.internal.watch.vfs.impl.WatchingVirtualFileSystem] Handling VFS change REMOVED C:\Users\SSAFY\Desktop\스터디\travel\build\resources\main\travela-1.0.0\scss\bootstrap\scss\_mixins.scss
2026-09-07T17:13:44.912+0900 [DEBUG] [org.gradle.internal.watch.vfs.impl.WatchingVirtualFileSystem] Handling VFS change REMOVED C:\Users\SSAFY\Desktop\스터디\travel\build\resources\main\static\Routy\booking.html
2026-09-07T17:13:44.913+0900 [DEBUG] [org.gradle.internal.watch.vfs.impl.WatchingVirtualFileSystem] Handling VFS change REMOVED C:\Users\SSAFY\Desktop\스터디\travel\build\resources\main\travela-1.0.0\scss\bootstrap\scss\mixins\_utilities.scss
2026-09-07T17:13:44.913+0900 [DEBUG] [org.gradle.internal.watch.vfs.impl.WatchingVirtualFileSystem] Handling VFS change REMOVED C:\Users\SSAFY\Desktop\스터디\travel\build\resources\main\static\Routy\img\carousel-1.jpg
2026-09-07T17:13:44.913+0900 [DEBUG] [org.gradle.internal.watch.vfs.impl.WatchingVirtualFileSystem] Handling VFS change REMOVED C:\Users\SSAFY\Desktop\스터디\travel\build\resources\main\travela-1.0.0\img\testimonial-2.jpg
2026-09-07T17:13:44.913+0900 [DEBUG] [org.gradle.internal.watch.vfs.impl.WatchingVirtualFileSystem] Handling VFS change REMOVED C:\Users\SSAFY\Desktop\스터디\travel\build\resources\main\travela-1.0.0\img\packages-3.jpg
2026-09-07T17:13:44.914+0900 [DEBUG] [org.gradle.internal.watch.vfs.impl.WatchingVirtualFileSystem] Handling VFS change REMOVED C:\Users\SSAFY\Desktop\스터디\travel\build\resources\main\travela-1.0.0\lib\owlcarousel\owl.carousel.js
2026-09-07T17:13:44.914+0900 [DEBUG] [org.gradle.internal.watch.vfs.impl.WatchingVirtualFileSystem] Handling VFS change REMOVED C:\Users\SSAFY\Desktop\스터디\travel\build\resources\main\travela-1.0.0\img\gallery-12.jpg
2026-09-07T17:13:44.914+0900 [DEBUG] [org.gradle.internal.watch.vfs.impl.WatchingVirtualFileSystem] Handling VFS change REMOVED C:\Users\SSAFY\Desktop\스터디\travel\build\resources\main\travela-1.0.0\scss\bootstrap\scss\_images.scss
2026-09-07T17:13:44.914+0900 [DEBUG] [org.gradle.internal.watch.vfs.impl.WatchingVirtualFileSystem] Handling VFS change REMOVED C:\Users\SSAFY\Desktop\스터디\travel\build\resources\main\travela-1.0.0\img\destination-1.jpg
2026-09-07T17:13:44.915+0900 [DEBUG] [org.gradle.internal.watch.vfs.impl.WatchingVirtualFileSystem] Handling VFS change REMOVED C:\Users\SSAFY\Desktop\스터디\travel\build\resources\main\travela-1.0.0\img\gallery-9.jpg
2026-09-07T17:13:44.915+0900 [DEBUG] [org.gradle.internal.watch.vfs.impl.WatchingVirtualFileSystem] Handling VFS change REMOVED C:\Users\SSAFY\Desktop\스터디\travel\build\resources\main\travela-1.0.0\lib\owlcarousel\assets\owl.theme.green.css
2026-09-07T17:13:44.915+0900 [DEBUG] [org.gradle.internal.watch.vfs.impl.WatchingVirtualFileSystem] Handling VFS change REMOVED C:\Users\SSAFY\Desktop\스터디\travel\build\resources\main\travela-1.0.0\img\destination-8.jpg
2026-09-07T17:13:44.916+0900 [DEBUG] [org.gradle.internal.watch.vfs.impl.WatchingVirtualFileSystem] Handling VFS change REMOVED C:\Users\SSAFY\Desktop\스터디\travel\build\resources\main\travela-1.0.0\img\guide-1.jpg
2026-09-07T17:13:44.916+0900 [DEBUG] [org.gradle.internal.watch.vfs.impl.WatchingVirtualFileSystem] Handling VFS change REMOVED C:\Users\SSAFY\Desktop\스터디\travel\build\resources\main\application.yml
2026-09-07T17:13:44.916+0900 [DEBUG] [org.gradle.internal.watch.vfs.impl.WatchingVirtualFileSystem] Handling VFS change REMOVED C:\Users\SSAFY\Desktop\스터디\travel\build\resources\main\travela-1.0.0\lib\owlcarousel\assets\owl.carousel.css
2026-09-07T17:13:44.916+0900 [DEBUG] [org.gradle.internal.watch.vfs.impl.WatchingVirtualFileSystem] Handling VFS change REMOVED C:\Users\SSAFY\Desktop\스터디\travel\build\resources\main\travela-1.0.0\scss\bootstrap\scss\helpers\_stretched-link.scss
2026-09-07T17:13:44.917+0900 [DEBUG] [org.gradle.internal.watch.vfs.impl.WatchingVirtualFileSystem] Handling VFS change REMOVED C:\Users\SSAFY\Desktop\스터디\travel\build\resources\main\travela-1.0.0\LICENSE.txt
2026-09-07T17:13:44.917+0900 [DEBUG] [org.gradle.internal.watch.vfs.impl.WatchingVirtualFileSystem] Handling VFS change REMOVED C:\Users\SSAFY\Desktop\스터디\travel\build\resources\main\travela-1.0.0\scss\bootstrap\scss\forms\_form-check.scss
2026-09-07T17:13:44.917+0900 [DEBUG] [org.gradle.internal.watch.vfs.impl.WatchingVirtualFileSystem] Handling VFS change REMOVED C:\Users\SSAFY\Desktop\스터디\travel\build\resources\main\travela-1.0.0\lib\lightbox\css\lightbox.min.css
2026-09-07T17:13:44.917+0900 [DEBUG] [org.gradle.internal.watch.vfs.impl.WatchingVirtualFileSystem] Handling VFS change REMOVED C:\Users\SSAFY\Desktop\스터디\travel\build\resources\main\travela-1.0.0\lib\lightbox\js\lightbox.min.js
2026-09-07T17:13:44.917+0900 [DEBUG] [org.gradle.internal.watch.vfs.impl.WatchingVirtualFileSystem] Handling VFS change REMOVED C:\Users\SSAFY\Desktop\스터디\travel\build\resources\main\travela-1.0.0\img\explore-tour-4.jpg
2026-09-07T17:13:44.918+0900 [DEBUG] [org.gradle.internal.watch.vfs.impl.WatchingVirtualFileSystem] Handling VFS change REMOVED C:\Users\SSAFY\Desktop\스터디\travel\build\resources\main\travela-1.0.0\scss\bootstrap\scss\mixins\_deprecate.scss
2026-09-07T17:13:44.918+0900 [DEBUG] [org.gradle.internal.watch.vfs.impl.WatchingVirtualFileSystem] Handling VFS change REMOVED C:\Users\SSAFY\Desktop\스터디\travel\build\resources\main\travela-1.0.0\img\gallery-6.jpg
2026-09-07T17:13:44.918+0900 [DEBUG] [org.gradle.internal.watch.vfs.impl.WatchingVirtualFileSystem] Handling VFS change REMOVED C:\Users\SSAFY\Desktop\스터디\travel\build\resources\main\travela-1.0.0\lib\easing\easing.js
2026-09-07T17:13:44.918+0900 [DEBUG] [org.gradle.internal.watch.vfs.impl.WatchingVirtualFileSystem] Handling VFS change REMOVED C:\Users\SSAFY\Desktop\스터디\travel\build\resources\main\travela-1.0.0\scss\bootstrap\scss\mixins\_image.scss
2026-09-07T17:13:44.919+0900 [DEBUG] [org.gradle.internal.watch.vfs.impl.WatchingVirtualFileSystem] Handling VFS change REMOVED C:\Users\SSAFY\Desktop\스터디\travel\build\resources\main\travela-1.0.0\scss\bootstrap\scss\mixins\_transition.scss
2026-09-07T17:13:44.919+0900 [DEBUG] [org.gradle.internal.watch.vfs.impl.WatchingVirtualFileSystem] Handling VFS change REMOVED C:\Users\SSAFY\Desktop\스터디\travel\build\resources\main\travela-1.0.0\css\bootstrap.min.css
2026-09-07T17:13:44.919+0900 [DEBUG] [org.gradle.internal.watch.vfs.impl.WatchingVirtualFileSystem] Handling VFS change REMOVED C:\Users\SSAFY\Desktop\스터디\travel\build\resources\main\travela-1.0.0\contact.html
2026-09-07T17:13:44.919+0900 [DEBUG] [org.gradle.internal.watch.vfs.impl.WatchingVirtualFileSystem] Handling VFS change REMOVED C:\Users\SSAFY\Desktop\스터디\travel\build\resources\main\static\Routy\js\main.js
2026-09-07T17:13:44.920+0900 [DEBUG] [org.gradle.internal.watch.vfs.impl.WatchingVirtualFileSystem] Handling VFS change REMOVED C:\Users\SSAFY\Desktop\스터디\travel\build\resources\main\travela-1.0.0\lib\waypoints\links.php
2026-09-07T17:13:44.920+0900 [DEBUG] [org.gradle.internal.watch.vfs.impl.WatchingVirtualFileSystem] Handling VFS change REMOVED C:\Users\SSAFY\Desktop\스터디\travel\build\resources\main\travela-1.0.0\scss\bootstrap\scss\_spinners.scss
2026-09-07T17:13:44.920+0900 [DEBUG] [org.gradle.internal.watch.vfs.impl.WatchingVirtualFileSystem] Handling VFS change REMOVED C:\Users\SSAFY\Desktop\스터디\travel\build\resources\main\travela-1.0.0\lib\owlcarousel\assets\owl.video.play.png
2026-09-07T17:13:44.920+0900 [DEBUG] [org.gradle.internal.watch.vfs.impl.WatchingVirtualFileSystem] Handling VFS change REMOVED C:\Users\SSAFY\Desktop\스터디\travel\build\resources\main\travela-1.0.0\scss\bootstrap\scss\_buttons.scss
2026-09-07T17:13:44.921+0900 [DEBUG] [org.gradle.internal.watch.vfs.impl.WatchingVirtualFileSystem] Handling VFS change REMOVED C:\Users\SSAFY\Desktop\스터디\travel\build\resources\main\travela-1.0.0\img\blog-3.jpg
2026-09-07T17:13:44.921+0900 [DEBUG] [org.gradle.internal.watch.vfs.impl.WatchingVirtualFileSystem] Handling VFS change REMOVED C:\Users\SSAFY\Desktop\스터디\travel\build\resources\main\travela-1.0.0\scss\bootstrap\scss\mixins\_text-truncate.scss
2026-09-07T17:13:44.921+0900 [DEBUG] [org.gradle.internal.watch.vfs.impl.WatchingVirtualFileSystem] Handling VFS change REMOVED C:\Users\SSAFY\Desktop\스터디\travel\build\resources\main\travela-1.0.0\scss\bootstrap\scss\_nav.scss
2026-09-07T17:13:44.921+0900 [DEBUG] [org.gradle.internal.watch.vfs.impl.WatchingVirtualFileSystem] Handling VFS change REMOVED C:\Users\SSAFY\Desktop\스터디\travel\build\resources\main\travela-1.0.0\scss\bootstrap\scss\mixins\_alert.scss
2026-09-07T17:13:44.922+0900 [DEBUG] [org.gradle.internal.watch.vfs.impl.WatchingVirtualFileSystem] Handling VFS change REMOVED C:\Users\SSAFY\Desktop\스터디\travel\build\resources\main\travela-1.0.0\scss\bootstrap\scss\mixins\_breakpoints.scss
2026-09-07T17:13:44.922+0900 [DEBUG] [org.gradle.internal.watch.vfs.impl.WatchingVirtualFileSystem] Handling VFS change REMOVED C:\Users\SSAFY\Desktop\스터디\travel\build\resources\main\travela-1.0.0\scss\bootstrap\scss\_variables.scss
2026-09-07T17:13:44.922+0900 [DEBUG] [org.gradle.internal.watch.vfs.impl.WatchingVirtualFileSystem] Handling VFS change REMOVED C:\Users\SSAFY\Desktop\스터디\travel\build\resources\main\travela-1.0.0\img\gallery-1.jpg
2026-09-07T17:13:44.922+0900 [DEBUG] [org.gradle.internal.watch.vfs.impl.WatchingVirtualFileSystem] Handling VFS change REMOVED C:\Users\SSAFY\Desktop\스터디\travel\build\resources\main\travela-1.0.0\scss\bootstrap\scss\helpers\_visually-hidden.scss
2026-09-07T17:13:44.923+0900 [DEBUG] [org.gradle.internal.watch.vfs.impl.WatchingVirtualFileSystem] Handling VFS change REMOVED C:\Users\SSAFY\Desktop\스터디\travel\build\resources\main\travela-1.0.0\img\gallery-11.jpg
2026-09-07T17:13:44.923+0900 [DEBUG] [org.gradle.internal.watch.vfs.impl.WatchingVirtualFileSystem] Handling VFS change REMOVED C:\Users\SSAFY\Desktop\스터디\travel\build\resources\main\travela-1.0.0\scss\bootstrap\scss\mixins\_caret.scss
2026-09-07T17:13:44.923+0900 [DEBUG] [org.gradle.internal.watch.vfs.impl.WatchingVirtualFileSystem] Handling VFS change REMOVED C:\Users\SSAFY\Desktop\스터디\travel\build\resources\main\travela-1.0.0\img\packages-4.jpg
2026-09-07T17:13:44.923+0900 [DEBUG] [org.gradle.internal.watch.vfs.impl.WatchingVirtualFileSystem] Handling VFS change REMOVED C:\Users\SSAFY\Desktop\스터디\travel\build\resources\main\travela-1.0.0\lib\owlcarousel\assets\owl.carousel.min.css
2026-09-07T17:13:44.924+0900 [DEBUG] [org.gradle.internal.watch.vfs.impl.WatchingVirtualFileSystem] Handling VFS change REMOVED C:\Users\SSAFY\Desktop\스터디\travel\build\resources\main\travela-1.0.0\img\destination-2.jpg
2026-09-07T17:13:44.924+0900 [DEBUG] [org.gradle.internal.watch.vfs.impl.WatchingVirtualFileSystem] Handling VFS change REMOVED C:\Users\SSAFY\Desktop\스터디\travel\build\resources\main\travela-1.0.0\scss\bootstrap\scss\forms\_form-range.scss
2026-09-07T17:13:44.924+0900 [DEBUG] [org.gradle.internal.watch.vfs.impl.WatchingVirtualFileSystem] Handling VFS change REMOVED C:\Users\SSAFY\Desktop\스터디\travel\build\resources\main\travela-1.0.0\scss\bootstrap\scss\mixins\_gradients.scss
2026-09-07T17:13:44.924+0900 [DEBUG] [org.gradle.internal.watch.vfs.impl.WatchingVirtualFileSystem] Handling VFS change REMOVED C:\Users\SSAFY\Desktop\스터디\travel\build\resources\main\static\Routy\packages.html
2026-09-07T17:13:44.925+0900 [DEBUG] [org.gradle.internal.watch.vfs.impl.WatchingVirtualFileSystem] Handling VFS change REMOVED C:\Users\SSAFY\Desktop\스터디\travel\build\resources\main\travela-1.0.0\img\carousel-2.jpg
2026-09-07T17:13:44.925+0900 [DEBUG] [org.gradle.internal.watch.vfs.impl.WatchingVirtualFileSystem] Handling VFS change REMOVED C:\Users\SSAFY\Desktop\스터디\travel\build\resources\main\travela-1.0.0\scss\bootstrap\scss\_offcanvas.scss
2026-09-07T17:13:44.925+0900 [DEBUG] [org.gradle.internal.watch.vfs.impl.WatchingVirtualFileSystem] Handling VFS change REMOVED C:\Users\SSAFY\Desktop\스터디\travel\build\resources\main\travela-1.0.0\scss\bootstrap\scss\bootstrap-reboot.scss
2026-09-07T17:13:44.926+0900 [DEBUG] [org.gradle.internal.watch.vfs.impl.WatchingVirtualFileSystem] Handling VFS change REMOVED C:\Users\SSAFY\Desktop\스터디\travel\build\resources\main\travela-1.0.0\img\breadcrumb-bg.jpg
2026-09-07T17:13:44.926+0900 [DEBUG] [org.gradle.internal.watch.vfs.impl.WatchingVirtualFileSystem] Handling VFS change REMOVED C:\Users\SSAFY\Desktop\스터디\travel\build\resources\main\travela-1.0.0\scss\bootstrap\scss\mixins\_buttons.scss
2026-09-07T17:13:44.926+0900 [DEBUG] [org.gradle.internal.watch.vfs.impl.WatchingVirtualFileSystem] Handling VFS change REMOVED C:\Users\SSAFY\Desktop\스터디\travel\build\resources\main\travela-1.0.0\scss\bootstrap\scss\_badge.scss
2026-09-07T17:13:44.926+0900 [DEBUG] [org.gradle.internal.watch.vfs.impl.WatchingVirtualFileSystem] Handling VFS change REMOVED C:\Users\SSAFY\Desktop\스터디\travel\build\resources\main\travela-1.0.0\scss\bootstrap\scss\_card.scss
2026-09-07T17:13:44.927+0900 [DEBUG] [org.gradle.internal.watch.vfs.impl.WatchingVirtualFileSystem] Handling VFS change REMOVED C:\Users\SSAFY\Desktop\스터디\travel\build\resources\main\travela-1.0.0\img\subscribe-img.jpg
2026-09-07T17:13:44.927+0900 [DEBUG] [org.gradle.internal.watch.vfs.impl.WatchingVirtualFileSystem] Handling VFS change REMOVED C:\Users\SSAFY\Desktop\스터디\travel\build\resources\main\travela-1.0.0\scss\bootstrap\scss\mixins\_table-variants.scss
2026-09-07T17:13:44.927+0900 [DEBUG] [org.gradle.internal.watch.vfs.impl.WatchingVirtualFileSystem] Handling VFS change REMOVED C:\Users\SSAFY\Desktop\스터디\travel\build\resources\main\travela-1.0.0\img\destination-7.jpg
2026-09-07T17:13:44.927+0900 [DEBUG] [org.gradle.internal.watch.vfs.impl.WatchingVirtualFileSystem] Handling VFS change REMOVED C:\Users\SSAFY\Desktop\스터디\travel\build\resources\main\travela-1.0.0\scss\bootstrap\scss\_type.scss
2026-09-07T17:13:44.928+0900 [DEBUG] [org.gradle.internal.watch.vfs.impl.WatchingVirtualFileSystem] Handling VFS change REMOVED C:\Users\SSAFY\Desktop\스터디\travel\build\resources\main\travela-1.0.0\img\carousel-3.jpg
2026-09-07T17:13:44.928+0900 [DEBUG] [org.gradle.internal.watch.vfs.impl.WatchingVirtualFileSystem] Handling VFS change REMOVED C:\Users\SSAFY\Desktop\스터디\travel\build\resources\main\travela-1.0.0\about.html
2026-09-07T17:13:44.928+0900 [DEBUG] [org.gradle.internal.watch.vfs.impl.WatchingVirtualFileSystem] Handling VFS change REMOVED C:\Users\SSAFY\Desktop\스터디\travel\build\resources\main\travela-1.0.0\scss\bootstrap\scss\mixins\_border-radius.scss
2026-09-07T17:13:44.928+0900 [DEBUG] [org.gradle.internal.watch.vfs.impl.WatchingVirtualFileSystem] Handling VFS change REMOVED C:\Users\SSAFY\Desktop\스터디\travel\build\resources\main\travela-1.0.0\img\testimonial-1.jpg
2026-09-07T17:13:44.929+0900 [DEBUG] [org.gradle.internal.watch.vfs.impl.WatchingVirtualFileSystem] Handling VFS change REMOVED C:\Users\SSAFY\Desktop\스터디\travel\build\resources\main\travela-1.0.0\scss\bootstrap\scss\mixins\_grid.scss
2026-09-07T17:13:44.929+0900 [DEBUG] [org.gradle.internal.watch.vfs.impl.WatchingVirtualFileSystem] Handling VFS change REMOVED C:\Users\SSAFY\Desktop\스터디\travel\build\resources\main\travela-1.0.0\scss\bootstrap\scss\_progress.scss
2026-09-07T17:13:44.929+0900 [DEBUG] [org.gradle.internal.watch.vfs.impl.WatchingVirtualFileSystem] Handling VFS change REMOVED C:\Users\SSAFY\Desktop\스터디\travel\build\resources\main\travela-1.0.0\img\explore-tour-3.jpg
2026-09-07T17:13:44.929+0900 [DEBUG] [org.gradle.internal.watch.vfs.impl.WatchingVirtualFileSystem] Handling VFS change REMOVED C:\Users\SSAFY\Desktop\스터디\travel\build\resources\main\travela-1.0.0\scss\bootstrap\scss\mixins\_reset-text.scss
2026-09-07T17:13:44.930+0900 [DEBUG] [org.gradle.internal.watch.vfs.impl.WatchingVirtualFileSystem] Handling VFS change REMOVED C:\Users\SSAFY\Desktop\스터디\travel\build\resources\main\travela-1.0.0\img\guide-4.jpg
2026-09-07T17:13:44.930+0900 [DEBUG] [org.gradle.internal.watch.vfs.impl.WatchingVirtualFileSystem] Handling VFS change REMOVED C:\Users\SSAFY\Desktop\스터디\travel\build\resources\main\travela-1.0.0\img\blog-2.jpg
2026-09-07T17:13:44.930+0900 [DEBUG] [org.gradle.internal.watch.vfs.impl.WatchingVirtualFileSystem] Handling VFS change REMOVED C:\Users\SSAFY\Desktop\스터디\travel\build\resources\main\travela-1.0.0\scss\bootstrap\scss\_tables.scss
2026-09-07T17:13:44.931+0900 [DEBUG] [org.gradle.internal.watch.vfs.impl.WatchingVirtualFileSystem] Handling VFS change REMOVED C:\Users\SSAFY\Desktop\스터디\travel\build\resources\main\travela-1.0.0\img\gallery-5.jpg
2026-09-07T17:13:44.931+0900 [DEBUG] [org.gradle.internal.watch.vfs.impl.WatchingVirtualFileSystem] Handling VFS change REMOVED C:\Users\SSAFY\Desktop\스터디\travel\build\resources\main\travela-1.0.0\scss\bootstrap\scss\_toasts.scss
2026-09-07T17:13:44.931+0900 [DEBUG] [org.gradle.internal.watch.vfs.impl.WatchingVirtualFileSystem] Handling VFS change REMOVED C:\Users\SSAFY\Desktop\스터디\travel\build\resources\main\travela-1.0.0\scss\bootstrap\scss\helpers\_position.scss
2026-09-07T17:13:44.931+0900 [DEBUG] [org.gradle.internal.watch.vfs.impl.WatchingVirtualFileSystem] Handling VFS change REMOVED C:\Users\SSAFY\Desktop\스터디\travel\build\resources\main\travela-1.0.0\img\explore-tour-6.jpg
2026-09-07T17:13:44.932+0900 [DEBUG] [org.gradle.internal.watch.vfs.impl.WatchingVirtualFileSystem] Handling VFS change REMOVED C:\Users\SSAFY\Desktop\스터디\travel\build\resources\main\travela-1.0.0\services.html
2026-09-07T17:13:44.932+0900 [DEBUG] [org.gradle.internal.watch.vfs.impl.WatchingVirtualFileSystem] Handling VFS change REMOVED C:\Users\SSAFY\Desktop\스터디\travel\build\resources\main\travela-1.0.0\img\gallery-4.jpg
2026-09-07T17:13:44.932+0900 [DEBUG] [org.gradle.internal.watch.vfs.impl.WatchingVirtualFileSystem] Handling VFS change REMOVED C:\Users\SSAFY\Desktop\스터디\travel\build\resources\main\travela-1.0.0\scss\bootstrap\scss\bootstrap.scss
2026-09-07T17:13:44.933+0900 [DEBUG] [org.gradle.internal.watch.vfs.impl.WatchingVirtualFileSystem] Handling VFS change REMOVED C:\Users\SSAFY\Desktop\스터디\travel\build\resources\main\travela-1.0.0\scss\bootstrap\scss\utilities\_api.scss
2026-09-07T17:13:44.933+0900 [DEBUG] [org.gradle.internal.watch.vfs.impl.WatchingVirtualFileSystem] Handling VFS change REMOVED C:\Users\SSAFY\Desktop\스터디\travel\build\resources\main\travela-1.0.0\img\packages-1.jpg
2026-09-07T17:13:44.933+0900 [DEBUG] [org.gradle.internal.watch.vfs.impl.WatchingVirtualFileSystem] Handling VFS change REMOVED C:\Users\SSAFY\Desktop\스터디\travel\build\resources\main\travela-1.0.0\404.html
2026-09-07T17:13:44.934+0900 [DEBUG] [org.gradle.internal.watch.vfs.impl.WatchingVirtualFileSystem] Handling VFS change REMOVED C:\Users\SSAFY\Desktop\스터디\travel\build\resources\main\travela-1.0.0\scss\bootstrap\scss\mixins\_forms.scss
2026-09-07T17:13:44.934+0900 [DEBUG] [org.gradle.internal.watch.vfs.impl.WatchingVirtualFileSystem] Handling VFS change REMOVED C:\Users\SSAFY\Desktop\스터디\travel\build\resources\main\static\Routy\img\carousel-3.jpg
2026-09-07T17:13:44.934+0900 [DEBUG] [org.gradle.internal.watch.vfs.impl.WatchingVirtualFileSystem] Handling VFS change REMOVED C:\Users\SSAFY\Desktop\스터디\travel\build\resources\main\travela-1.0.0\scss\bootstrap\scss\mixins\_container.scss
2026-09-07T17:13:44.935+0900 [DEBUG] [org.gradle.internal.watch.vfs.impl.WatchingVirtualFileSystem] Handling VFS change REMOVED C:\Users\SSAFY\Desktop\스터디\travel\build\resources\main\travela-1.0.0\img\gallery-10.jpg
2026-09-07T17:13:44.935+0900 [DEBUG] [org.gradle.internal.watch.vfs.impl.WatchingVirtualFileSystem] Handling VFS change REMOVED C:\Users\SSAFY\Desktop\스터디\travel\build\resources\main\travela-1.0.0\testimonial.html
2026-09-07T17:13:44.935+0900 [DEBUG] [org.gradle.internal.watch.vfs.impl.WatchingVirtualFileSystem] Handling VFS change REMOVED C:\Users\SSAFY\Desktop\스터디\travel\build\resources\main\travela-1.0.0\img\destination-3.jpg
2026-09-07T17:13:44.935+0900 [DEBUG] [org.gradle.internal.watch.vfs.impl.WatchingVirtualFileSystem] Handling VFS change REMOVED C:\Users\SSAFY\Desktop\스터디\travel\build\resources\main\travela-1.0.0\scss\bootstrap\scss\mixins\_lists.scss
2026-09-07T17:13:44.936+0900 [DEBUG] [org.gradle.internal.watch.vfs.impl.WatchingVirtualFileSystem] Handling VFS change REMOVED C:\Users\SSAFY\Desktop\스터디\travel\build\resources\main\travela-1.0.0\scss\bootstrap\scss\mixins\_box-shadow.scss
2026-09-07T17:13:44.936+0900 [DEBUG] [org.gradle.internal.watch.vfs.impl.WatchingVirtualFileSystem] Handling VFS change REMOVED C:\Users\SSAFY\Desktop\스터디\travel\build\resources\main\travela-1.0.0\scss\bootstrap\scss\mixins\_resize.scss
2026-09-07T17:13:44.936+0900 [DEBUG] [org.gradle.internal.watch.vfs.impl.WatchingVirtualFileSystem] Handling VFS change REMOVED C:\Users\SSAFY\Desktop\스터디\travel\build\resources\main\travela-1.0.0\css\style.css
2026-09-07T17:13:44.936+0900 [DEBUG] [org.gradle.internal.watch.vfs.impl.WatchingVirtualFileSystem] Handling VFS change REMOVED C:\Users\SSAFY\Desktop\스터디\travel\build\resources\main\travela-1.0.0\scss\bootstrap\scss\forms\_input-group.scss
2026-09-07T17:13:44.937+0900 [DEBUG] [org.gradle.internal.watch.vfs.impl.WatchingVirtualFileSystem] Handling VFS change REMOVED C:\Users\SSAFY\Desktop\스터디\travel\build\resources\main\travela-1.0.0\gallery.html
2026-09-07T17:13:44.937+0900 [DEBUG] [org.gradle.internal.watch.vfs.impl.WatchingVirtualFileSystem] Handling VFS change REMOVED C:\Users\SSAFY\Desktop\스터디\travel\build\resources\main\travela-1.0.0\img\about-img.jpg
2026-09-07T17:13:44.937+0900 [DEBUG] [org.gradle.internal.watch.vfs.impl.WatchingVirtualFileSystem] Handling VFS change REMOVED C:\Users\SSAFY\Desktop\스터디\travel\build\resources\main\travela-1.0.0\lib\waypoints\waypoints.min.js
2026-09-07T17:13:44.937+0900 [DEBUG] [org.gradle.internal.watch.vfs.impl.WatchingVirtualFileSystem] Handling VFS change REMOVED C:\Users\SSAFY\Desktop\스터디\travel\build\resources\main\travela-1.0.0\scss\bootstrap\scss\_containers.scss
2026-09-07T17:13:44.938+0900 [DEBUG] [org.gradle.internal.watch.vfs.impl.WatchingVirtualFileSystem] Handling VFS change REMOVED C:\Users\SSAFY\Desktop\스터디\travel\build\resources\main\travela-1.0.0\img\tour-booking-bg.jpg
2026-09-07T17:13:44.938+0900 [DEBUG] [org.gradle.internal.watch.vfs.impl.WatchingVirtualFileSystem] Handling VFS change REMOVED C:\Users\SSAFY\Desktop\스터디\travel\build\resources\main\travela-1.0.0\scss\bootstrap\scss\vendor\_rfs.scss
2026-09-07T17:13:44.938+0900 [DEBUG] [org.gradle.internal.watch.vfs.impl.WatchingVirtualFileSystem] Handling VFS change REMOVED C:\Users\SSAFY\Desktop\스터디\travel\build\resources\main\travela-1.0.0\lib\lightbox\images\prev.png
2026-09-07T17:13:44.938+0900 [DEBUG] [org.gradle.internal.watch.vfs.impl.WatchingVirtualFileSystem] Handling VFS change REMOVED C:\Users\SSAFY\Desktop\스터디\travel\build\resources\main\travela-1.0.0\scss\bootstrap\scss\_alert.scss
2026-09-07T17:13:44.939+0900 [DEBUG] [org.gradle.internal.watch.vfs.impl.WatchingVirtualFileSystem] Handling VFS change REMOVED C:\Users\SSAFY\Desktop\스터디\travel\build\resources\main\travela-1.0.0\scss\bootstrap\scss\forms\_labels.scss
2026-09-07T17:13:44.939+0900 [DEBUG] [org.gradle.internal.watch.vfs.impl.WatchingVirtualFileSystem] Handling VFS change REMOVED C:\Users\SSAFY\Desktop\스터디\travel\build\resources\main\travela-1.0.0\img\blog-1.jpg
2026-09-07T17:13:44.939+0900 [DEBUG] [org.gradle.internal.watch.vfs.impl.WatchingVirtualFileSystem] Handling VFS change REMOVED C:\Users\SSAFY\Desktop\스터디\travel\build\resources\main\static\Routy\img\packages-1.jpg
2026-09-07T17:13:44.940+0900 [DEBUG] [org.gradle.internal.watch.vfs.impl.WatchingVirtualFileSystem] Handling VFS change REMOVED C:\Users\SSAFY\Desktop\스터디\travel\build\resources\main\travela-1.0.0\scss\bootstrap\scss\bootstrap-utilities.scss
2026-09-07T17:13:44.940+0900 [DEBUG] [org.gradle.internal.watch.vfs.impl.WatchingVirtualFileSystem] Handling VFS change REMOVED C:\Users\SSAFY\Desktop\스터디\travel\build\resources\main\travela-1.0.0\js\main.js
2026-09-07T17:13:44.940+0900 [DEBUG] [org.gradle.internal.watch.vfs.impl.WatchingVirtualFileSystem] Handling VFS change REMOVED C:\Users\SSAFY\Desktop\스터디\travel\build\resources\main\travela-1.0.0\scss\bootstrap\scss\_tooltip.scss
2026-09-07T17:13:44.940+0900 [DEBUG] [org.gradle.internal.watch.vfs.impl.WatchingVirtualFileSystem] Handling VFS change REMOVED C:\Users\SSAFY\Desktop\스터디\travel\build\resources\main\travela-1.0.0\img\testimonial-3.jpg
2026-09-07T17:13:44.941+0900 [DEBUG] [org.gradle.internal.watch.vfs.impl.WatchingVirtualFileSystem] Handling VFS change REMOVED C:\Users\SSAFY\Desktop\스터디\travel\build\resources\main\travela-1.0.0\scss\bootstrap\scss\_root.scss
2026-09-07T17:13:44.941+0900 [DEBUG] [org.gradle.internal.watch.vfs.impl.WatchingVirtualFileSystem] Handling VFS change REMOVED C:\Users\SSAFY\Desktop\스터디\travel\build\resources\main\travela-1.0.0\img\explore-tour-2.jpg
2026-09-07T17:13:44.941+0900 [DEBUG] [org.gradle.internal.watch.vfs.impl.WatchingVirtualFileSystem] Handling VFS change REMOVED C:\Users\SSAFY\Desktop\스터디\travel\build\resources\main\travela-1.0.0\img\gallery-8.jpg
2026-09-07T17:13:44.942+0900 [DEBUG] [org.gradle.internal.watch.vfs.impl.WatchingVirtualFileSystem] Handling VFS change REMOVED C:\Users\SSAFY\Desktop\스터디\travel\build\resources\main\static\Routy\destination.html
2026-09-07T17:13:44.942+0900 [DEBUG] [org.gradle.internal.watch.vfs.impl.WatchingVirtualFileSystem] Handling VFS change REMOVED C:\Users\SSAFY\Desktop\스터디\travel\build\resources\main\static\Routy\img\destination-1.jpg
2026-09-07T17:13:44.942+0900 [DEBUG] [org.gradle.internal.watch.vfs.impl.WatchingVirtualFileSystem] Handling VFS change REMOVED C:\Users\SSAFY\Desktop\스터디\travel\build\resources\main\travela-1.0.0\lib\easing\easing.min.js
2026-09-07T17:13:44.943+0900 [DEBUG] [org.gradle.internal.watch.vfs.impl.WatchingVirtualFileSystem] Handling VFS change REMOVED C:\Users\SSAFY\Desktop\스터디\travel\build\resources\main\travela-1.0.0\scss\bootstrap\scss\_carousel.scss
2026-09-07T17:13:44.943+0900 [DEBUG] [org.gradle.internal.watch.vfs.impl.WatchingVirtualFileSystem] Handling VFS change REMOVED C:\Users\SSAFY\Desktop\스터디\travel\build\resources\main\static\Routy\img\tour-booking-bg.jpg
2026-09-07T17:13:44.943+0900 [DEBUG] [org.gradle.internal.watch.vfs.impl.WatchingVirtualFileSystem] Handling VFS change REMOVED C:\Users\SSAFY\Desktop\스터디\travel\build\resources\main\travela-1.0.0\scss\bootstrap\scss\_reboot.scss
2026-09-07T17:13:44.943+0900 [DEBUG] [org.gradle.internal.watch.vfs.impl.WatchingVirtualFileSystem] Handling VFS change REMOVED C:\Users\SSAFY\Desktop\스터디\travel\build\resources\main\static\Routy\img\breadcrumb-bg.jpg
2026-09-07T17:13:44.944+0900 [DEBUG] [org.gradle.internal.watch.vfs.impl.WatchingVirtualFileSystem] Handling VFS change REMOVED C:\Users\SSAFY\Desktop\스터디\travel\build\resources\main\travela-1.0.0\img\destination-6.jpg
2026-09-07T17:13:44.944+0900 [DEBUG] [org.gradle.internal.watch.vfs.impl.WatchingVirtualFileSystem] Handling VFS change REMOVED C:\Users\SSAFY\Desktop\스터디\travel\build\resources\main\static\Routy\plan.html
2026-09-07T17:13:44.944+0900 [DEBUG] [org.gradle.internal.watch.vfs.impl.WatchingVirtualFileSystem] Handling VFS change REMOVED C:\Users\SSAFY\Desktop\스터디\travel\build\resources\main\travela-1.0.0\scss\bootstrap\scss\_functions.scss
2026-09-07T17:13:44.945+0900 [DEBUG] [org.gradle.internal.watch.vfs.impl.WatchingVirtualFileSystem] Handling VFS change REMOVED C:\Users\SSAFY\Desktop\스터디\travel\build\resources\main\travela-1.0.0\scss\bootstrap\scss\forms\_form-control.scss
2026-09-07T17:13:44.945+0900 [DEBUG] [org.gradle.internal.watch.vfs.impl.WatchingVirtualFileSystem] Handling VFS change REMOVED C:\Users\SSAFY\Desktop\스터디\travel\build\resources\main\travela-1.0.0\img\guide-3.jpg
2026-09-07T17:13:44.945+0900 [DEBUG] [org.gradle.internal.watch.vfs.impl.WatchingVirtualFileSystem] Handling VFS change REMOVED C:\Users\SSAFY\Desktop\스터디\travel\build\resources\main\travela-1.0.0\scss\bootstrap\scss\_list-group.scss
2026-09-07T17:13:44.945+0900 [DEBUG] [org.gradle.internal.watch.vfs.impl.WatchingVirtualFileSystem] Handling VFS change REMOVED C:\Users\SSAFY\Desktop\스터디\travel\build\resources\main\travela-1.0.0\scss\bootstrap\scss\_modal.scss
2026-09-07T17:13:44.946+0900 [DEBUG] [org.gradle.internal.watch.vfs.impl.WatchingVirtualFileSystem] Handling VFS change REMOVED C:\Users\SSAFY\Desktop\스터디\travel\build\resources\main\travela-1.0.0\scss\bootstrap\scss\_button-group.scss
2026-09-07T17:13:44.946+0900 [DEBUG] [org.gradle.internal.watch.vfs.impl.WatchingVirtualFileSystem] Handling VFS change REMOVED C:\Users\SSAFY\Desktop\스터디\travel\build\resources\main\static\Routy\img\carousel-2.jpg
2026-09-07T17:13:44.946+0900 [DEBUG] [org.gradle.internal.watch.vfs.impl.WatchingVirtualFileSystem] Handling VFS change REMOVED C:\Users\SSAFY\Desktop\스터디\travel\build\resources\main\travela-1.0.0\lib\owlcarousel\assets\owl.theme.default.min.css
2026-09-07T17:13:44.947+0900 [DEBUG] [org.gradle.internal.watch.vfs.impl.WatchingVirtualFileSystem] Handling VFS change REMOVED C:\Users\SSAFY\Desktop\스터디\travel\build\resources\main\travela-1.0.0\scss\bootstrap\scss\helpers\_colored-links.scss
2026-09-07T17:13:44.947+0900 [DEBUG] [org.gradle.internal.watch.vfs.impl.WatchingVirtualFileSystem] Handling VFS change REMOVED C:\Users\SSAFY\Desktop\스터디\travel\build\resources\main\travela-1.0.0\scss\bootstrap\scss\mixins\_list-group.scss
2026-09-07T17:13:44.947+0900 [DEBUG] [org.gradle.internal.watch.vfs.impl.WatchingVirtualFileSystem] Handling VFS change REMOVED C:\Users\SSAFY\Desktop\스터디\travel\build\resources\main\travela-1.0.0\img\destination-4.jpg
2026-09-07T17:13:44.948+0900 [DEBUG] [org.gradle.internal.watch.vfs.impl.WatchingVirtualFileSystem] Handling VFS change REMOVED C:\Users\SSAFY\Desktop\스터디\travel\build\resources\main\travela-1.0.0\img\packages-2.jpg
2026-09-07T17:13:44.948+0900 [DEBUG] [org.gradle.internal.watch.vfs.impl.WatchingVirtualFileSystem] Handling VFS change REMOVED C:\Users\SSAFY\Desktop\스터디\travel\build\resources\main\travela-1.0.0\tour.html
2026-09-07T17:13:44.948+0900 [DEBUG] [org.gradle.internal.watch.vfs.impl.WatchingVirtualFileSystem] Handling VFS change REMOVED C:\Users\SSAFY\Desktop\스터디\travel\build\resources\main\travela-1.0.0\lib\lightbox\images\close.png
2026-09-07T17:13:44.949+0900 [DEBUG] [org.gradle.internal.watch.vfs.impl.WatchingVirtualFileSystem] Handling VFS change REMOVED C:\Users\SSAFY\Desktop\스터디\travel\build\resources\main\travela-1.0.0\img\gallery-3.jpg
2026-09-07T17:13:44.949+0900 [DEBUG] [org.gradle.internal.watch.vfs.impl.WatchingVirtualFileSystem] Handling VFS change REMOVED C:\Users\SSAFY\Desktop\스터디\travel\build\resources\main\travela-1.0.0\scss\bootstrap\scss\forms\_form-select.scss
2026-09-07T17:13:44.949+0900 [DEBUG] [org.gradle.internal.watch.vfs.impl.WatchingVirtualFileSystem] Handling VFS change REMOVED C:\Users\SSAFY\Desktop\스터디\travel\build\resources\main\travela-1.0.0\booking.html
2026-09-07T17:13:44.949+0900 [DEBUG] [org.gradle.internal.watch.vfs.impl.WatchingVirtualFileSystem] Handling VFS change REMOVED C:\Users\SSAFY\Desktop\스터디\travel\build\resources\main\travela-1.0.0\scss\bootstrap\scss\_close.scss
2026-09-07T17:13:44.950+0900 [DEBUG] [org.gradle.internal.watch.vfs.impl.WatchingVirtualFileSystem] Handling VFS change REMOVED C:\Users\SSAFY\Desktop\스터디\travel\build\resources\main\travela-1.0.0\scss\bootstrap\scss\forms\_floating-labels.scss
2026-09-07T17:13:44.950+0900 [DEBUG] [org.gradle.internal.watch.vfs.impl.WatchingVirtualFileSystem] Handling VFS change REMOVED C:\Users\SSAFY\Desktop\스터디\travel\build\resources\main\travela-1.0.0\destination.html
2026-09-07T17:13:44.950+0900 [DEBUG] [org.gradle.internal.watch.vfs.impl.WatchingVirtualFileSystem] Handling VFS change REMOVED C:\Users\SSAFY\Desktop\스터디\travel\build\resources\main\travela-1.0.0\scss\bootstrap\scss\helpers\_clearfix.scss
2026-09-07T17:13:44.950+0900 [DEBUG] [org.gradle.internal.watch.vfs.impl.WatchingVirtualFileSystem] Handling VFS change REMOVED C:\Users\SSAFY\Desktop\스터디\travel\build\resources\main\travela-1.0.0\scss\bootstrap\scss\_grid.scss
2026-09-07T17:13:44.950+0900 [DEBUG] [org.gradle.internal.watch.vfs.impl.WatchingVirtualFileSystem] Handling VFS change REMOVED C:\Users\SSAFY\Desktop\스터디\travel\build\resources\main\travela-1.0.0\READ-ME.txt
2026-09-07T17:13:44.951+0900 [DEBUG] [org.gradle.internal.watch.vfs.impl.WatchingVirtualFileSystem] Handling VFS change REMOVED C:\Users\SSAFY\Desktop\스터디\travel\build\resources\main\static\Routy\img\packages-2.jpg
2026-09-07T17:13:44.951+0900 [DEBUG] [org.gradle.internal.watch.vfs.impl.WatchingVirtualFileSystem] Handling VFS change REMOVED C:\Users\SSAFY\Desktop\스터디\travel\build\resources\main\travela-1.0.0\scss\bootstrap\scss\mixins\_visually-hidden.scss
2026-09-07T17:13:44.951+0900 [DEBUG] [org.gradle.internal.watch.vfs.impl.WatchingVirtualFileSystem] Handling VFS change REMOVED C:\Users\SSAFY\Desktop\스터디\travel\build\resources\main\travela-1.0.0\img\destination-9.jpg
2026-09-07T17:13:44.951+0900 [DEBUG] [org.gradle.internal.watch.vfs.impl.WatchingVirtualFileSystem] Handling VFS change REMOVED C:\Users\SSAFY\Desktop\스터디\travel\build\resources\main\travela-1.0.0\scss\bootstrap\scss\_accordion.scss
2026-09-07T17:13:44.952+0900 [DEBUG] [org.gradle.internal.watch.vfs.impl.WatchingVirtualFileSystem] Handling VFS change REMOVED C:\Users\SSAFY\Desktop\스터디\travel\build\resources\main\travela-1.0.0\scss\bootstrap\scss\mixins\_clearfix.scss
2026-09-07T17:13:44.952+0900 [DEBUG] [org.gradle.internal.watch.vfs.impl.WatchingVirtualFileSystem] Handling VFS change REMOVED C:\Users\SSAFY\Desktop\스터디\travel\build\resources\main\travela-1.0.0\scss\bootstrap\scss\_pagination.scss
2026-09-07T17:13:44.952+0900 [DEBUG] [org.gradle.internal.watch.vfs.impl.WatchingVirtualFileSystem] Handling VFS change REMOVED C:\Users\SSAFY\Desktop\스터디\travel\build\resources\main\travela-1.0.0\img\explore-tour-1.jpg
2026-09-07T17:13:44.952+0900 [DEBUG] [org.gradle.internal.watch.vfs.impl.WatchingVirtualFileSystem] Handling VFS change REMOVED C:\Users\SSAFY\Desktop\스터디\travel\build\resources\main\travela-1.0.0\scss\bootstrap\scss\_forms.scss
2026-09-07T17:13:44.953+0900 [DEBUG] [org.gradle.internal.watch.vfs.impl.WatchingVirtualFileSystem] Handling VFS change REMOVED C:\Users\SSAFY\Desktop\스터디\travel\build\resources\main\travela-1.0.0\plan.html
2026-09-07T17:13:44.953+0900 [DEBUG] [org.gradle.internal.watch.vfs.impl.WatchingVirtualFileSystem] Handling VFS change REMOVED C:\Users\SSAFY\Desktop\스터디\travel\build\resources\main\travela-1.0.0\index.html
2026-09-07T17:13:44.953+0900 [DEBUG] [org.gradle.internal.watch.vfs.impl.WatchingVirtualFileSystem] Handling VFS change REMOVED C:\Users\SSAFY\Desktop\스터디\travel\build\resources\main\travela-1.0.0\lib\owlcarousel\assets\ajax-loader.gif
2026-09-07T17:13:44.954+0900 [DEBUG] [org.gradle.internal.watch.vfs.impl.WatchingVirtualFileSystem] Handling VFS change REMOVED C:\Users\SSAFY\Desktop\스터디\travel\build\resources\main\static\Routy\img\destination-2.jpg
2026-09-07T17:13:44.954+0900 [DEBUG] [org.gradle.internal.watch.vfs.impl.WatchingVirtualFileSystem] Handling VFS change REMOVED C:\Users\SSAFY\Desktop\스터디\travel\build\resources\main\travela-1.0.0\img\gallery-7.jpg
2026-09-07T17:13:44.955+0900 [DEBUG] [org.gradle.internal.watch.vfs.impl.WatchingVirtualFileSystem] Handling VFS change REMOVED C:\Users\SSAFY\Desktop\스터디\travel\build\resources\main\travela-1.0.0\img\testimonial-4.jpg
2026-09-07T17:13:44.955+0900 [DEBUG] [org.gradle.internal.watch.vfs.impl.WatchingVirtualFileSystem] Handling VFS change REMOVED C:\Users\SSAFY\Desktop\스터디\travel\build\resources\main\travela-1.0.0\lib\lightbox\images\next.png
2026-09-07T17:13:44.955+0900 [DEBUG] [org.gradle.internal.watch.vfs.impl.WatchingVirtualFileSystem] Handling VFS change REMOVED C:\Users\SSAFY\Desktop\스터디\travel\build\resources\main\travela-1.0.0\lib\owlcarousel\assets\owl.theme.green.min.css
2026-09-07T17:13:44.955+0900 [DEBUG] [org.gradle.internal.watch.vfs.impl.WatchingVirtualFileSystem] Handling VFS change REMOVED C:\Users\SSAFY\Desktop\스터디\travel\build\resources\main\travela-1.0.0\scss\bootstrap\scss\_transitions.scss
2026-09-07T17:13:44.956+0900 [DEBUG] [org.gradle.internal.watch.vfs.impl.WatchingVirtualFileSystem] Handling VFS change REMOVED C:\Users\SSAFY\Desktop\스터디\travel\build\resources\main\travela-1.0.0\scss\bootstrap\scss\helpers\_text-truncation.scss
2026-09-07T17:13:44.956+0900 [DEBUG] [org.gradle.internal.watch.vfs.impl.WatchingVirtualFileSystem] Handling VFS change REMOVED C:\Users\SSAFY\Desktop\스터디\travel\build\resources\main\travela-1.0.0\scss\bootstrap.scss
2026-09-07T17:13:44.956+0900 [DEBUG] [org.gradle.internal.watch.vfs.impl.WatchingVirtualFileSystem] Handling VFS change REMOVED C:\Users\SSAFY\Desktop\스터디\travel\build\resources\main\travela-1.0.0\scss\bootstrap\scss\_navbar.scss
2026-09-07T17:13:44.956+0900 [DEBUG] [org.gradle.internal.watch.vfs.impl.WatchingVirtualFileSystem] Handling VFS change REMOVED C:\Users\SSAFY\Desktop\스터디\travel\build\resources\main\static\Routy\css\bootstrap.min.css
2026-09-07T17:13:44.957+0900 [DEBUG] [org.gradle.internal.watch.vfs.impl.WatchingVirtualFileSystem] Handling VFS change REMOVED C:\Users\SSAFY\Desktop\스터디\travel\build\resources\main\travela-1.0.0\tourism-website-template.jpg
2026-09-07T17:13:44.957+0900 [DEBUG] [org.gradle.internal.watch.vfs.impl.WatchingVirtualFileSystem] Handling VFS change REMOVED C:\Users\SSAFY\Desktop\스터디\travel\build\resources\main\travela-1.0.0\scss\bootstrap\scss\_utilities.scss
2026-09-07T17:13:44.957+0900 [DEBUG] [org.gradle.internal.watch.vfs.impl.WatchingVirtualFileSystem] Handling VFS change REMOVED C:\Users\SSAFY\Desktop\스터디\travel\build\resources\main\travela-1.0.0\scss\bootstrap\scss\bootstrap-grid.scss
2026-09-07T17:13:44.957+0900 [DEBUG] [org.gradle.internal.watch.vfs.impl.WatchingVirtualFileSystem] Handling VFS change REMOVED C:\Users\SSAFY\Desktop\스터디\travel\build\resources\main\travela-1.0.0\packages.html
2026-09-07T17:13:44.957+0900 [DEBUG] [org.gradle.internal.watch.vfs.impl.WatchingVirtualFileSystem] Handling VFS change REMOVED C:\Users\SSAFY\Desktop\스터디\travel\build\resources\main\travela-1.0.0\scss\bootstrap\scss\_breadcrumb.scss
2026-09-07T17:13:44.958+0900 [DEBUG] [org.gradle.internal.watch.vfs.impl.WatchingVirtualFileSystem] Handling VFS change REMOVED C:\Users\SSAFY\Desktop\스터디\travel\build\resources\main\travela-1.0.0\scss\bootstrap\scss\_dropdown.scss
2026-09-07T17:13:44.958+0900 [DEBUG] [org.gradle.internal.watch.vfs.impl.WatchingVirtualFileSystem] Handling VFS change REMOVED C:\Users\SSAFY\Desktop\스터디\travel\build\resources\main\static\Routy\index.html
2026-09-07T17:13:44.958+0900 [DEBUG] [org.gradle.internal.watch.vfs.impl.WatchingVirtualFileSystem] Handling VFS change REMOVED C:\Users\SSAFY\Desktop\스터디\travel\build\resources\main\travela-1.0.0\img\destination-5.jpg
2026-09-07T17:13:44.958+0900 [DEBUG] [org.gradle.internal.watch.vfs.impl.WatchingVirtualFileSystem] Handling VFS change REMOVED C:\Users\SSAFY\Desktop\스터디\travel\build\resources\main\travela-1.0.0\scss\bootstrap\scss\mixins\_pagination.scss
2026-09-07T17:13:44.959+0900 [DEBUG] [org.gradle.internal.watch.vfs.impl.WatchingVirtualFileSystem] Handling VFS change REMOVED C:\Users\SSAFY\Desktop\스터디\travel\build\resources\main\travela-1.0.0\img\explore-tour-5.jpg
2026-09-07T17:13:44.962+0900 [DEBUG] [org.gradle.internal.watch.vfs.impl.WatchingVirtualFileSystem] Handling VFS change REMOVED C:\Users\SSAFY\Desktop\스터디\travel\build\resources\main\travela-1.0.0\img\guide-2.jpg
2026-09-07T17:13:44.963+0900 [DEBUG] [org.gradle.internal.watch.vfs.impl.WatchingVirtualFileSystem] Handling VFS change REMOVED C:\Users\SSAFY\Desktop\스터디\travel\build\resources\main\travela-1.0.0\scss\bootstrap\scss\vendor
2026-09-07T17:13:44.963+0900 [DEBUG] [org.gradle.internal.watch.vfs.impl.WatchingVirtualFileSystem] Handling VFS change REMOVED C:\Users\SSAFY\Desktop\스터디\travel\build\resources\main\travela-1.0.0\scss\bootstrap\scss\utilities
2026-09-07T17:13:44.963+0900 [DEBUG] [org.gradle.internal.watch.vfs.impl.WatchingVirtualFileSystem] Handling VFS change REMOVED C:\Users\SSAFY\Desktop\스터디\travel\build\resources\main\travela-1.0.0\scss\bootstrap\scss\mixins
2026-09-07T17:13:44.964+0900 [DEBUG] [org.gradle.internal.watch.vfs.impl.WatchingVirtualFileSystem] Handling VFS change REMOVED C:\Users\SSAFY\Desktop\스터디\travel\build\resources\main\travela-1.0.0\scss\bootstrap\scss\helpers
2026-09-07T17:13:44.964+0900 [DEBUG] [org.gradle.internal.watch.vfs.impl.WatchingVirtualFileSystem] Handling VFS change REMOVED C:\Users\SSAFY\Desktop\스터디\travel\build\resources\main\travela-1.0.0\scss\bootstrap\scss\forms
2026-09-07T17:13:44.964+0900 [DEBUG] [org.gradle.internal.watch.vfs.impl.WatchingVirtualFileSystem] Handling VFS change REMOVED C:\Users\SSAFY\Desktop\스터디\travel\build\resources\main\travela-1.0.0\scss\bootstrap\scss
2026-09-07T17:13:44.965+0900 [DEBUG] [org.gradle.internal.watch.vfs.impl.WatchingVirtualFileSystem] Handling VFS change REMOVED C:\Users\SSAFY\Desktop\스터디\travel\build\resources\main\travela-1.0.0\scss\bootstrap
2026-09-07T17:13:44.965+0900 [DEBUG] [org.gradle.internal.watch.vfs.impl.WatchingVirtualFileSystem] Handling VFS change REMOVED C:\Users\SSAFY\Desktop\스터디\travel\build\resources\main\travela-1.0.0\scss
2026-09-07T17:13:44.965+0900 [DEBUG] [org.gradle.internal.watch.vfs.impl.WatchingVirtualFileSystem] Handling VFS change REMOVED C:\Users\SSAFY\Desktop\스터디\travel\build\resources\main\travela-1.0.0\lib\waypoints
2026-09-07T17:13:44.965+0900 [DEBUG] [org.gradle.internal.watch.vfs.impl.WatchingVirtualFileSystem] Handling VFS change REMOVED C:\Users\SSAFY\Desktop\스터디\travel\build\resources\main\travela-1.0.0\lib\owlcarousel\assets
2026-09-07T17:13:44.966+0900 [DEBUG] [org.gradle.internal.watch.vfs.impl.WatchingVirtualFileSystem] Handling VFS change REMOVED C:\Users\SSAFY\Desktop\스터디\travel\build\resources\main\travela-1.0.0\lib\owlcarousel
2026-09-07T17:13:44.966+0900 [DEBUG] [org.gradle.internal.watch.vfs.impl.WatchingVirtualFileSystem] Handling VFS change REMOVED C:\Users\SSAFY\Desktop\스터디\travel\build\resources\main\travela-1.0.0\lib\lightbox\js
2026-09-07T17:13:44.966+0900 [DEBUG] [org.gradle.internal.watch.vfs.impl.WatchingVirtualFileSystem] Handling VFS change REMOVED C:\Users\SSAFY\Desktop\스터디\travel\build\resources\main\travela-1.0.0\lib\lightbox\images
2026-09-07T17:13:44.966+0900 [DEBUG] [org.gradle.internal.watch.vfs.impl.WatchingVirtualFileSystem] Handling VFS change REMOVED C:\Users\SSAFY\Desktop\스터디\travel\build\resources\main\travela-1.0.0\lib\lightbox\css
2026-09-07T17:13:44.966+0900 [DEBUG] [org.gradle.internal.watch.vfs.impl.WatchingVirtualFileSystem] Handling VFS change REMOVED C:\Users\SSAFY\Desktop\스터디\travel\build\resources\main\travela-1.0.0\lib\lightbox
2026-09-07T17:13:44.967+0900 [DEBUG] [org.gradle.internal.watch.vfs.impl.WatchingVirtualFileSystem] Handling VFS change REMOVED C:\Users\SSAFY\Desktop\스터디\travel\build\resources\main\travela-1.0.0\lib\easing
2026-09-07T17:13:44.967+0900 [DEBUG] [org.gradle.internal.watch.vfs.impl.WatchingVirtualFileSystem] Handling VFS change REMOVED C:\Users\SSAFY\Desktop\스터디\travel\build\resources\main\travela-1.0.0\lib
2026-09-07T17:13:44.967+0900 [DEBUG] [org.gradle.internal.watch.vfs.impl.WatchingVirtualFileSystem] Handling VFS change REMOVED C:\Users\SSAFY\Desktop\스터디\travel\build\resources\main\travela-1.0.0\js
2026-09-07T17:13:44.967+0900 [DEBUG] [org.gradle.internal.watch.vfs.impl.WatchingVirtualFileSystem] Handling VFS change REMOVED C:\Users\SSAFY\Desktop\스터디\travel\build\resources\main\travela-1.0.0\img
2026-09-07T17:13:44.968+0900 [DEBUG] [org.gradle.internal.watch.vfs.impl.WatchingVirtualFileSystem] Handling VFS change REMOVED C:\Users\SSAFY\Desktop\스터디\travel\build\resources\main\travela-1.0.0\css
2026-09-07T17:13:44.968+0900 [DEBUG] [org.gradle.internal.watch.vfs.impl.WatchingVirtualFileSystem] Handling VFS change REMOVED C:\Users\SSAFY\Desktop\스터디\travel\build\resources\main\travela-1.0.0
2026-09-07T17:13:44.969+0900 [DEBUG] [org.gradle.internal.watch.vfs.impl.WatchingVirtualFileSystem] Handling VFS change REMOVED C:\Users\SSAFY\Desktop\스터디\travel\build\resources\main\static\Routy\js
2026-09-07T17:13:44.969+0900 [DEBUG] [org.gradle.internal.watch.vfs.impl.WatchingVirtualFileSystem] Handling VFS change REMOVED C:\Users\SSAFY\Desktop\스터디\travel\build\resources\main\static\Routy\img
2026-09-07T17:13:44.969+0900 [DEBUG] [org.gradle.internal.watch.vfs.impl.WatchingVirtualFileSystem] Handling VFS change REMOVED C:\Users\SSAFY\Desktop\스터디\travel\build\resources\main\static\Routy\css
2026-09-07T17:13:44.969+0900 [DEBUG] [org.gradle.internal.watch.vfs.impl.WatchingVirtualFileSystem] Handling VFS change REMOVED C:\Users\SSAFY\Desktop\스터디\travel\build\resources\main\static\Routy
2026-09-07T17:13:44.970+0900 [DEBUG] [org.gradle.internal.watch.vfs.impl.WatchingVirtualFileSystem] Handling VFS change REMOVED C:\Users\SSAFY\Desktop\스터디\travel\build\resources\main\static
2026-09-07T17:13:48.939+0900 [DEBUG] [org.gradle.launcher.daemon.server.Daemon] Starting periodic daemon health check.
2026-09-07T17:13:48.940+0900 [DEBUG] [org.gradle.cache.internal.DefaultFileLockManager] Waiting to acquire shared lock on daemon addresses registry.
2026-09-07T17:13:48.940+0900 [DEBUG] [org.gradle.cache.internal.DefaultFileLockManager] Lock acquired on daemon addresses registry.
2026-09-07T17:13:48.940+0900 [DEBUG] [org.gradle.cache.internal.DefaultFileLockManager] Releasing lock on daemon addresses registry.
2026-09-07T17:13:48.941+0900 [DEBUG] [org.gradle.cache.internal.DefaultFileLockManager] Waiting to acquire shared lock on daemon addresses registry.
2026-09-07T17:13:48.941+0900 [DEBUG] [org.gradle.cache.internal.DefaultFileLockManager] Lock acquired on daemon addresses registry.
2026-09-07T17:13:48.942+0900 [DEBUG] [org.gradle.cache.internal.DefaultFileLockManager] Releasing lock on daemon addresses registry.
2026-09-07T17:13:48.942+0900 [DEBUG] [org.gradle.cache.internal.DefaultFileLockManager] Waiting to acquire shared lock on daemon addresses registry.
2026-09-07T17:13:48.942+0900 [DEBUG] [org.gradle.cache.internal.DefaultFileLockManager] Lock acquired on daemon addresses registry.
2026-09-07T17:13:48.942+0900 [DEBUG] [org.gradle.cache.internal.DefaultFileLockManager] Releasing lock on daemon addresses registry.
2026-09-07T17:13:48.942+0900 [DEBUG] [org.gradle.launcher.daemon.server.Daemon] Finished periodic daemon health check.
2026-09-07T17:13:58.945+0900 [DEBUG] [org.gradle.launcher.daemon.server.Daemon] Starting periodic daemon health check.
2026-09-07T17:13:58.947+0900 [DEBUG] [org.gradle.cache.internal.DefaultFileLockManager] Waiting to acquire shared lock on daemon addresses registry.
2026-09-07T17:13:58.947+0900 [DEBUG] [org.gradle.cache.internal.DefaultFileLockManager] Lock acquired on daemon addresses registry.
2026-09-07T17:13:58.948+0900 [DEBUG] [org.gradle.cache.internal.DefaultFileLockManager] Releasing lock on daemon addresses registry.
2026-09-07T17:13:58.949+0900 [DEBUG] [org.gradle.cache.internal.DefaultFileLockManager] Waiting to acquire shared lock on daemon addresses registry.
2026-09-07T17:13:58.949+0900 [DEBUG] [org.gradle.cache.internal.DefaultFileLockManager] Lock acquired on daemon addresses registry.
2026-09-07T17:13:58.950+0900 [DEBUG] [org.gradle.cache.internal.DefaultFileLockManager] Releasing lock on daemon addresses registry.
2026-09-07T17:13:58.950+0900 [DEBUG] [org.gradle.cache.internal.DefaultFileLockManager] Waiting to acquire shared lock on daemon addresses registry.
2026-09-07T17:13:58.950+0900 [DEBUG] [org.gradle.cache.internal.DefaultFileLockManager] Lock acquired on daemon addresses registry.
2026-09-07T17:13:58.950+0900 [DEBUG] [org.gradle.cache.internal.DefaultFileLockManager] Releasing lock on daemon addresses registry.
2026-09-07T17:13:58.950+0900 [DEBUG] [org.gradle.launcher.daemon.server.Daemon] Finished periodic daemon health check.
2026-09-07T17:14:08.948+0900 [DEBUG] [org.gradle.launcher.daemon.server.Daemon] Starting periodic daemon health check.
2026-09-07T17:14:08.949+0900 [DEBUG] [org.gradle.cache.internal.DefaultFileLockManager] Waiting to acquire shared lock on daemon addresses registry.
2026-09-07T17:14:08.949+0900 [DEBUG] [org.gradle.cache.internal.DefaultFileLockManager] Lock acquired on daemon addresses registry.
2026-09-07T17:14:08.950+0900 [DEBUG] [org.gradle.cache.internal.DefaultFileLockManager] Releasing lock on daemon addresses registry.
2026-09-07T17:14:08.951+0900 [DEBUG] [org.gradle.cache.internal.DefaultFileLockManager] Waiting to acquire shared lock on daemon addresses registry.
2026-09-07T17:14:08.951+0900 [DEBUG] [org.gradle.cache.internal.DefaultFileLockManager] Lock acquired on daemon addresses registry.
2026-09-07T17:14:08.952+0900 [DEBUG] [org.gradle.cache.internal.DefaultFileLockManager] Releasing lock on daemon addresses registry.
2026-09-07T17:14:08.952+0900 [DEBUG] [org.gradle.launcher.daemon.server.Daemon] Finished periodic daemon health check.
2026-09-07T17:14:18.950+0900 [DEBUG] [org.gradle.launcher.daemon.server.Daemon] Starting periodic daemon health check.
2026-09-07T17:14:18.951+0900 [DEBUG] [org.gradle.cache.internal.DefaultFileLockManager] Waiting to acquire shared lock on daemon addresses registry.
2026-09-07T17:14:18.951+0900 [DEBUG] [org.gradle.cache.internal.DefaultFileLockManager] Lock acquired on daemon addresses registry.
2026-09-07T17:14:18.951+0900 [DEBUG] [org.gradle.cache.internal.DefaultFileLockManager] Releasing lock on daemon addresses registry.
2026-09-07T17:14:18.952+0900 [DEBUG] [org.gradle.cache.internal.DefaultFileLockManager] Waiting to acquire shared lock on daemon addresses registry.
2026-09-07T17:14:18.952+0900 [DEBUG] [org.gradle.cache.internal.DefaultFileLockManager] Lock acquired on daemon addresses registry.
2026-09-07T17:14:18.952+0900 [DEBUG] [org.gradle.cache.internal.DefaultFileLockManager] Releasing lock on daemon addresses registry.
2026-09-07T17:14:18.952+0900 [DEBUG] [org.gradle.launcher.daemon.server.Daemon] Finished periodic daemon health check.
2026-09-07T17:14:24.304+0900 [DEBUG] [org.gradle.internal.watch.registry.impl.DefaultFileWatcherProbeRegistry] Triggering watch probe for C:\Users\SSAFY\Desktop\스터디\travel
2026-09-07T17:14:24.304+0900 [DEBUG] [org.gradle.internal.watch.registry.impl.DefaultFileWatcherProbeRegistry] Triggering watch probe for C:\Users\SSAFY\Desktop\스터디\travel
2026-09-07T17:14:28.951+0900 [DEBUG] [org.gradle.launcher.daemon.server.Daemon] Starting periodic daemon health check.
2026-09-07T17:14:28.952+0900 [DEBUG] [org.gradle.cache.internal.DefaultFileLockManager] Waiting to acquire shared lock on daemon addresses registry.
2026-09-07T17:14:28.952+0900 [DEBUG] [org.gradle.cache.internal.DefaultFileLockManager] Lock acquired on daemon addresses registry.
2026-09-07T17:14:28.952+0900 [DEBUG] [org.gradle.cache.internal.DefaultFileLockManager] Releasing lock on daemon addresses registry.
2026-09-07T17:14:28.953+0900 [DEBUG] [org.gradle.cache.internal.DefaultFileLockManager] Waiting to acquire shared lock on daemon addresses registry.
2026-09-07T17:14:28.953+0900 [DEBUG] [org.gradle.cache.internal.DefaultFileLockManager] Lock acquired on daemon addresses registry.
2026-09-07T17:14:28.954+0900 [DEBUG] [org.gradle.cache.internal.DefaultFileLockManager] Releasing lock on daemon addresses registry.
2026-09-07T17:14:28.954+0900 [DEBUG] [org.gradle.launcher.daemon.server.Daemon] Finished periodic daemon health check.
2026-09-07T17:14:38.946+0900 [DEBUG] [org.gradle.launcher.daemon.server.Daemon] Starting periodic daemon health check.
2026-09-07T17:14:38.947+0900 [DEBUG] [org.gradle.cache.internal.DefaultFileLockManager] Waiting to acquire shared lock on daemon addresses registry.
2026-09-07T17:14:38.947+0900 [DEBUG] [org.gradle.cache.internal.DefaultFileLockManager] Lock acquired on daemon addresses registry.
2026-09-07T17:14:38.947+0900 [DEBUG] [org.gradle.cache.internal.DefaultFileLockManager] Releasing lock on daemon addresses registry.
2026-09-07T17:14:38.948+0900 [DEBUG] [org.gradle.cache.internal.DefaultFileLockManager] Waiting to acquire shared lock on daemon addresses registry.
2026-09-07T17:14:38.948+0900 [DEBUG] [org.gradle.cache.internal.DefaultFileLockManager] Lock acquired on daemon addresses registry.
2026-09-07T17:14:38.948+0900 [DEBUG] [org.gradle.cache.internal.DefaultFileLockManager] Releasing lock on daemon addresses registry.
2026-09-07T17:14:38.948+0900 [DEBUG] [org.gradle.launcher.daemon.server.Daemon] Finished periodic daemon health check.
2026-09-07T17:14:48.938+0900 [DEBUG] [org.gradle.launcher.daemon.server.Daemon] Starting periodic daemon health check.
2026-09-07T17:14:48.940+0900 [DEBUG] [org.gradle.cache.internal.DefaultFileLockManager] Waiting to acquire shared lock on daemon addresses registry.
2026-09-07T17:14:48.940+0900 [DEBUG] [org.gradle.cache.internal.DefaultFileLockManager] Lock acquired on daemon addresses registry.
2026-09-07T17:14:48.940+0900 [DEBUG] [org.gradle.cache.internal.DefaultFileLockManager] Releasing lock on daemon addresses registry.
2026-09-07T17:14:48.941+0900 [DEBUG] [org.gradle.cache.internal.DefaultFileLockManager] Waiting to acquire shared lock on daemon addresses registry.
2026-09-07T17:14:48.941+0900 [DEBUG] [org.gradle.cache.internal.DefaultFileLockManager] Lock acquired on daemon addresses registry.
2026-09-07T17:14:48.941+0900 [DEBUG] [org.gradle.cache.internal.DefaultFileLockManager] Releasing lock on daemon addresses registry.
2026-09-07T17:14:48.942+0900 [DEBUG] [org.gradle.launcher.daemon.server.Daemon] Finished periodic daemon health check.
2026-09-07T17:14:58.949+0900 [DEBUG] [org.gradle.launcher.daemon.server.Daemon] Starting periodic daemon health check.
2026-09-07T17:14:58.950+0900 [DEBUG] [org.gradle.cache.internal.DefaultFileLockManager] Waiting to acquire shared lock on daemon addresses registry.
2026-09-07T17:14:58.951+0900 [DEBUG] [org.gradle.cache.internal.DefaultFileLockManager] Lock acquired on daemon addresses registry.
2026-09-07T17:14:58.951+0900 [DEBUG] [org.gradle.cache.internal.DefaultFileLockManager] Releasing lock on daemon addresses registry.
2026-09-07T17:14:58.952+0900 [DEBUG] [org.gradle.cache.internal.DefaultFileLockManager] Waiting to acquire shared lock on daemon addresses registry.
2026-09-07T17:14:58.952+0900 [DEBUG] [org.gradle.cache.internal.DefaultFileLockManager] Lock acquired on daemon addresses registry.
2026-09-07T17:14:58.952+0900 [DEBUG] [org.gradle.cache.internal.DefaultFileLockManager] Releasing lock on daemon addresses registry.
2026-09-07T17:14:58.953+0900 [DEBUG] [org.gradle.launcher.daemon.server.Daemon] Finished periodic daemon health check.
2026-09-07T17:15:08.948+0900 [DEBUG] [org.gradle.launcher.daemon.server.Daemon] Starting periodic daemon health check.
2026-09-07T17:15:08.950+0900 [DEBUG] [org.gradle.cache.internal.DefaultFileLockManager] Waiting to acquire shared lock on daemon addresses registry.
2026-09-07T17:15:08.950+0900 [DEBUG] [org.gradle.cache.internal.DefaultFileLockManager] Lock acquired on daemon addresses registry.
2026-09-07T17:15:08.950+0900 [DEBUG] [org.gradle.cache.internal.DefaultFileLockManager] Releasing lock on daemon addresses registry.
2026-09-07T17:15:08.951+0900 [DEBUG] [org.gradle.cache.internal.DefaultFileLockManager] Waiting to acquire shared lock on daemon addresses registry.
2026-09-07T17:15:08.952+0900 [DEBUG] [org.gradle.cache.internal.DefaultFileLockManager] Lock acquired on daemon addresses registry.
2026-09-07T17:15:08.952+0900 [DEBUG] [org.gradle.cache.internal.DefaultFileLockManager] Releasing lock on daemon addresses registry.
2026-09-07T17:15:08.952+0900 [DEBUG] [org.gradle.launcher.daemon.server.Daemon] Finished periodic daemon health check.
2026-09-07T17:15:18.938+0900 [DEBUG] [org.gradle.launcher.daemon.server.Daemon] Starting periodic daemon health check.
2026-09-07T17:15:18.940+0900 [DEBUG] [org.gradle.cache.internal.DefaultFileLockManager] Waiting to acquire shared lock on daemon addresses registry.
2026-09-07T17:15:18.940+0900 [DEBUG] [org.gradle.cache.internal.DefaultFileLockManager] Lock acquired on daemon addresses registry.
2026-09-07T17:15:18.940+0900 [DEBUG] [org.gradle.cache.internal.DefaultFileLockManager] Releasing lock on daemon addresses registry.
2026-09-07T17:15:18.941+0900 [DEBUG] [org.gradle.cache.internal.DefaultFileLockManager] Waiting to acquire shared lock on daemon addresses registry.
2026-09-07T17:15:18.941+0900 [DEBUG] [org.gradle.cache.internal.DefaultFileLockManager] Lock acquired on daemon addresses registry.
2026-09-07T17:15:18.942+0900 [DEBUG] [org.gradle.cache.internal.DefaultFileLockManager] Releasing lock on daemon addresses registry.
2026-09-07T17:15:18.942+0900 [DEBUG] [org.gradle.launcher.daemon.server.Daemon] Finished periodic daemon health check.
2026-09-07T17:15:28.951+0900 [DEBUG] [org.gradle.launcher.daemon.server.Daemon] Starting periodic daemon health check.
2026-09-07T17:15:28.952+0900 [DEBUG] [org.gradle.cache.internal.DefaultFileLockManager] Waiting to acquire shared lock on daemon addresses registry.
2026-09-07T17:15:28.953+0900 [DEBUG] [org.gradle.cache.internal.DefaultFileLockManager] Lock acquired on daemon addresses registry.
2026-09-07T17:15:28.953+0900 [DEBUG] [org.gradle.cache.internal.DefaultFileLockManager] Releasing lock on daemon addresses registry.
2026-09-07T17:15:28.954+0900 [DEBUG] [org.gradle.cache.internal.DefaultFileLockManager] Waiting to acquire shared lock on daemon addresses registry.
2026-09-07T17:15:28.954+0900 [DEBUG] [org.gradle.cache.internal.DefaultFileLockManager] Lock acquired on daemon addresses registry.
2026-09-07T17:15:28.954+0900 [DEBUG] [org.gradle.cache.internal.DefaultFileLockManager] Releasing lock on daemon addresses registry.
2026-09-07T17:15:28.955+0900 [DEBUG] [org.gradle.launcher.daemon.server.Daemon] Finished periodic daemon health check.
2026-09-07T17:15:38.943+0900 [DEBUG] [org.gradle.launcher.daemon.server.Daemon] Starting periodic daemon health check.
2026-09-07T17:15:38.944+0900 [DEBUG] [org.gradle.cache.internal.DefaultFileLockManager] Waiting to acquire shared lock on daemon addresses registry.
2026-09-07T17:15:38.944+0900 [DEBUG] [org.gradle.cache.internal.DefaultFileLockManager] Lock acquired on daemon addresses registry.
2026-09-07T17:15:38.945+0900 [DEBUG] [org.gradle.cache.internal.DefaultFileLockManager] Releasing lock on daemon addresses registry.
2026-09-07T17:15:38.945+0900 [DEBUG] [org.gradle.cache.internal.DefaultFileLockManager] Waiting to acquire shared lock on daemon addresses registry.
2026-09-07T17:15:38.946+0900 [DEBUG] [org.gradle.cache.internal.DefaultFileLockManager] Lock acquired on daemon addresses registry.
2026-09-07T17:15:38.946+0900 [DEBUG] [org.gradle.cache.internal.DefaultFileLockManager] Releasing lock on daemon addresses registry.
2026-09-07T17:15:38.946+0900 [DEBUG] [org.gradle.launcher.daemon.server.Daemon] Finished periodic daemon health check.
2026-09-07T17:15:48.944+0900 [DEBUG] [org.gradle.launcher.daemon.server.Daemon] Starting periodic daemon health check.
2026-09-07T17:15:48.945+0900 [DEBUG] [org.gradle.cache.internal.DefaultFileLockManager] Waiting to acquire shared lock on daemon addresses registry.
2026-09-07T17:15:48.945+0900 [DEBUG] [org.gradle.cache.internal.DefaultFileLockManager] Lock acquired on daemon addresses registry.
2026-09-07T17:15:48.945+0900 [DEBUG] [org.gradle.cache.internal.DefaultFileLockManager] Releasing lock on daemon addresses registry.
2026-09-07T17:15:48.946+0900 [DEBUG] [org.gradle.cache.internal.DefaultFileLockManager] Waiting to acquire shared lock on daemon addresses registry.
2026-09-07T17:15:48.946+0900 [DEBUG] [org.gradle.cache.internal.DefaultFileLockManager] Lock acquired on daemon addresses registry.
2026-09-07T17:15:48.946+0900 [DEBUG] [org.gradle.cache.internal.DefaultFileLockManager] Releasing lock on daemon addresses registry.
2026-09-07T17:15:48.946+0900 [DEBUG] [org.gradle.launcher.daemon.server.Daemon] Finished periodic daemon health check.
2026-09-07T17:15:58.945+0900 [DEBUG] [org.gradle.launcher.daemon.server.Daemon] Starting periodic daemon health check.
2026-09-07T17:15:58.946+0900 [DEBUG] [org.gradle.cache.internal.DefaultFileLockManager] Waiting to acquire shared lock on daemon addresses registry.
2026-09-07T17:15:58.947+0900 [DEBUG] [org.gradle.cache.internal.DefaultFileLockManager] Lock acquired on daemon addresses registry.
2026-09-07T17:15:58.947+0900 [DEBUG] [org.gradle.cache.internal.DefaultFileLockManager] Releasing lock on daemon addresses registry.
2026-09-07T17:15:58.948+0900 [DEBUG] [org.gradle.cache.internal.DefaultFileLockManager] Waiting to acquire shared lock on daemon addresses registry.
2026-09-07T17:15:58.948+0900 [DEBUG] [org.gradle.cache.internal.DefaultFileLockManager] Lock acquired on daemon addresses registry.
2026-09-07T17:15:58.948+0900 [DEBUG] [org.gradle.cache.internal.DefaultFileLockManager] Releasing lock on daemon addresses registry.
2026-09-07T17:15:58.948+0900 [DEBUG] [org.gradle.launcher.daemon.server.Daemon] Finished periodic daemon health check.
2026-09-07T17:16:08.948+0900 [DEBUG] [org.gradle.launcher.daemon.server.Daemon] Starting periodic daemon health check.
2026-09-07T17:16:08.949+0900 [DEBUG] [org.gradle.cache.internal.DefaultFileLockManager] Waiting to acquire shared lock on daemon addresses registry.
2026-09-07T17:16:08.949+0900 [DEBUG] [org.gradle.cache.internal.DefaultFileLockManager] Lock acquired on daemon addresses registry.
2026-09-07T17:16:08.949+0900 [DEBUG] [org.gradle.cache.internal.DefaultFileLockManager] Releasing lock on daemon addresses registry.
2026-09-07T17:16:08.950+0900 [DEBUG] [org.gradle.cache.internal.DefaultFileLockManager] Waiting to acquire shared lock on daemon addresses registry.
2026-09-07T17:16:08.950+0900 [DEBUG] [org.gradle.cache.internal.DefaultFileLockManager] Lock acquired on daemon addresses registry.
2026-09-07T17:16:08.950+0900 [DEBUG] [org.gradle.cache.internal.DefaultFileLockManager] Releasing lock on daemon addresses registry.
2026-09-07T17:16:08.951+0900 [DEBUG] [org.gradle.launcher.daemon.server.Daemon] Finished periodic daemon health check.
2026-09-07T17:16:18.940+0900 [DEBUG] [org.gradle.launcher.daemon.server.Daemon] Starting periodic daemon health check.
2026-09-07T17:16:18.942+0900 [DEBUG] [org.gradle.cache.internal.DefaultFileLockManager] Waiting to acquire shared lock on daemon addresses registry.
2026-09-07T17:16:18.942+0900 [DEBUG] [org.gradle.cache.internal.DefaultFileLockManager] Lock acquired on daemon addresses registry.
2026-09-07T17:16:18.943+0900 [DEBUG] [org.gradle.cache.internal.DefaultFileLockManager] Releasing lock on daemon addresses registry.
2026-09-07T17:16:18.944+0900 [DEBUG] [org.gradle.cache.internal.DefaultFileLockManager] Waiting to acquire shared lock on daemon addresses registry.
2026-09-07T17:16:18.944+0900 [DEBUG] [org.gradle.cache.internal.DefaultFileLockManager] Lock acquired on daemon addresses registry.
2026-09-07T17:16:18.944+0900 [DEBUG] [org.gradle.cache.internal.DefaultFileLockManager] Releasing lock on daemon addresses registry.
2026-09-07T17:16:18.944+0900 [DEBUG] [org.gradle.launcher.daemon.server.Daemon] Finished periodic daemon health check.
2026-09-07T17:16:28.943+0900 [DEBUG] [org.gradle.launcher.daemon.server.Daemon] Starting periodic daemon health check.
2026-09-07T17:16:28.945+0900 [DEBUG] [org.gradle.cache.internal.DefaultFileLockManager] Waiting to acquire shared lock on daemon addresses registry.
2026-09-07T17:16:28.945+0900 [DEBUG] [org.gradle.cache.internal.DefaultFileLockManager] Lock acquired on daemon addresses registry.
2026-09-07T17:16:28.947+0900 [DEBUG] [org.gradle.cache.internal.DefaultFileLockManager] Releasing lock on daemon addresses registry.
2026-09-07T17:16:28.947+0900 [DEBUG] [org.gradle.cache.internal.DefaultFileLockManager] Waiting to acquire shared lock on daemon addresses registry.
2026-09-07T17:16:28.947+0900 [DEBUG] [org.gradle.cache.internal.DefaultFileLockManager] Lock acquired on daemon addresses registry.
2026-09-07T17:16:28.947+0900 [DEBUG] [org.gradle.cache.internal.DefaultFileLockManager] Releasing lock on daemon addresses registry.
2026-09-07T17:16:28.947+0900 [DEBUG] [org.gradle.launcher.daemon.server.Daemon] Finished periodic daemon health check.
2026-09-07T17:16:38.948+0900 [DEBUG] [org.gradle.launcher.daemon.server.Daemon] Starting periodic daemon health check.
2026-09-07T17:16:38.949+0900 [DEBUG] [org.gradle.cache.internal.DefaultFileLockManager] Waiting to acquire shared lock on daemon addresses registry.
2026-09-07T17:16:38.949+0900 [DEBUG] [org.gradle.cache.internal.DefaultFileLockManager] Lock acquired on daemon addresses registry.
2026-09-07T17:16:38.949+0900 [DEBUG] [org.gradle.cache.internal.DefaultFileLockManager] Releasing lock on daemon addresses registry.
2026-09-07T17:16:38.950+0900 [DEBUG] [org.gradle.cache.internal.DefaultFileLockManager] Waiting to acquire shared lock on daemon addresses registry.
2026-09-07T17:16:38.951+0900 [DEBUG] [org.gradle.cache.internal.DefaultFileLockManager] Lock acquired on daemon addresses registry.
2026-09-07T17:16:38.951+0900 [DEBUG] [org.gradle.cache.internal.DefaultFileLockManager] Releasing lock on daemon addresses registry.
2026-09-07T17:16:38.951+0900 [DEBUG] [org.gradle.launcher.daemon.server.Daemon] Finished periodic daemon health check.
2026-09-07T17:16:48.937+0900 [DEBUG] [org.gradle.launcher.daemon.server.Daemon] Starting periodic daemon health check.
2026-09-07T17:16:48.938+0900 [DEBUG] [org.gradle.cache.internal.DefaultFileLockManager] Waiting to acquire shared lock on daemon addresses registry.
2026-09-07T17:16:48.938+0900 [DEBUG] [org.gradle.cache.internal.DefaultFileLockManager] Lock acquired on daemon addresses registry.
2026-09-07T17:16:48.938+0900 [DEBUG] [org.gradle.cache.internal.DefaultFileLockManager] Releasing lock on daemon addresses registry.
2026-09-07T17:16:48.939+0900 [DEBUG] [org.gradle.cache.internal.DefaultFileLockManager] Waiting to acquire shared lock on daemon addresses registry.
2026-09-07T17:16:48.939+0900 [DEBUG] [org.gradle.cache.internal.DefaultFileLockManager] Lock acquired on daemon addresses registry.
2026-09-07T17:16:48.940+0900 [DEBUG] [org.gradle.cache.internal.DefaultFileLockManager] Releasing lock on daemon addresses registry.
2026-09-07T17:16:48.940+0900 [DEBUG] [org.gradle.launcher.daemon.server.Daemon] Finished periodic daemon health check.
2026-09-07T17:16:58.946+0900 [DEBUG] [org.gradle.launcher.daemon.server.Daemon] Starting periodic daemon health check.
2026-09-07T17:16:58.947+0900 [DEBUG] [org.gradle.cache.internal.DefaultFileLockManager] Waiting to acquire shared lock on daemon addresses registry.
2026-09-07T17:16:58.947+0900 [DEBUG] [org.gradle.cache.internal.DefaultFileLockManager] Lock acquired on daemon addresses registry.
2026-09-07T17:16:58.947+0900 [DEBUG] [org.gradle.cache.internal.DefaultFileLockManager] Releasing lock on daemon addresses registry.
2026-09-07T17:16:58.948+0900 [DEBUG] [org.gradle.cache.internal.DefaultFileLockManager] Waiting to acquire shared lock on daemon addresses registry.
2026-09-07T17:16:58.948+0900 [DEBUG] [org.gradle.cache.internal.DefaultFileLockManager] Lock acquired on daemon addresses registry.
2026-09-07T17:16:58.948+0900 [DEBUG] [org.gradle.cache.internal.DefaultFileLockManager] Releasing lock on daemon addresses registry.
2026-09-07T17:16:58.949+0900 [DEBUG] [org.gradle.launcher.daemon.server.Daemon] Finished periodic daemon health check.
2026-09-07T17:17:08.951+0900 [DEBUG] [org.gradle.launcher.daemon.server.Daemon] Starting periodic daemon health check.
2026-09-07T17:17:08.952+0900 [DEBUG] [org.gradle.cache.internal.DefaultFileLockManager] Waiting to acquire shared lock on daemon addresses registry.
2026-09-07T17:17:08.952+0900 [DEBUG] [org.gradle.cache.internal.DefaultFileLockManager] Lock acquired on daemon addresses registry.
2026-09-07T17:17:08.953+0900 [DEBUG] [org.gradle.cache.internal.DefaultFileLockManager] Releasing lock on daemon addresses registry.
2026-09-07T17:17:08.954+0900 [DEBUG] [org.gradle.cache.internal.DefaultFileLockManager] Waiting to acquire shared lock on daemon addresses registry.
2026-09-07T17:17:08.954+0900 [DEBUG] [org.gradle.cache.internal.DefaultFileLockManager] Lock acquired on daemon addresses registry.
2026-09-07T17:17:08.954+0900 [DEBUG] [org.gradle.cache.internal.DefaultFileLockManager] Releasing lock on daemon addresses registry.
2026-09-07T17:17:08.954+0900 [DEBUG] [org.gradle.launcher.daemon.server.Daemon] Finished periodic daemon health check.
2026-09-07T17:17:18.939+0900 [DEBUG] [org.gradle.launcher.daemon.server.Daemon] Starting periodic daemon health check.
2026-09-07T17:17:18.940+0900 [DEBUG] [org.gradle.cache.internal.DefaultFileLockManager] Waiting to acquire shared lock on daemon addresses registry.
2026-09-07T17:17:18.941+0900 [DEBUG] [org.gradle.cache.internal.DefaultFileLockManager] Lock acquired on daemon addresses registry.
2026-09-07T17:17:18.941+0900 [DEBUG] [org.gradle.cache.internal.DefaultFileLockManager] Releasing lock on daemon addresses registry.
2026-09-07T17:17:18.942+0900 [DEBUG] [org.gradle.cache.internal.DefaultFileLockManager] Waiting to acquire shared lock on daemon addresses registry.
2026-09-07T17:17:18.942+0900 [DEBUG] [org.gradle.cache.internal.DefaultFileLockManager] Lock acquired on daemon addresses registry.
2026-09-07T17:17:18.942+0900 [DEBUG] [org.gradle.cache.internal.DefaultFileLockManager] Releasing lock on daemon addresses registry.
2026-09-07T17:17:18.942+0900 [DEBUG] [org.gradle.launcher.daemon.server.Daemon] Finished periodic daemon health check.
2026-09-07T17:17:28.940+0900 [DEBUG] [org.gradle.launcher.daemon.server.Daemon] Starting periodic daemon health check.
2026-09-07T17:17:28.941+0900 [DEBUG] [org.gradle.cache.internal.DefaultFileLockManager] Waiting to acquire shared lock on daemon addresses registry.
2026-09-07T17:17:28.942+0900 [DEBUG] [org.gradle.cache.internal.DefaultFileLockManager] Lock acquired on daemon addresses registry.
2026-09-07T17:17:28.942+0900 [DEBUG] [org.gradle.cache.internal.DefaultFileLockManager] Releasing lock on daemon addresses registry.
2026-09-07T17:17:28.943+0900 [DEBUG] [org.gradle.cache.internal.DefaultFileLockManager] Waiting to acquire shared lock on daemon addresses registry.
2026-09-07T17:17:28.943+0900 [DEBUG] [org.gradle.cache.internal.DefaultFileLockManager] Lock acquired on daemon addresses registry.
2026-09-07T17:17:28.943+0900 [DEBUG] [org.gradle.cache.internal.DefaultFileLockManager] Releasing lock on daemon addresses registry.
2026-09-07T17:17:28.943+0900 [DEBUG] [org.gradle.launcher.daemon.server.Daemon] Finished periodic daemon health check.
2026-09-07T17:17:38.949+0900 [DEBUG] [org.gradle.launcher.daemon.server.Daemon] Starting periodic daemon health check.
2026-09-07T17:17:38.950+0900 [DEBUG] [org.gradle.cache.internal.DefaultFileLockManager] Waiting to acquire shared lock on daemon addresses registry.
2026-09-07T17:17:38.950+0900 [DEBUG] [org.gradle.cache.internal.DefaultFileLockManager] Lock acquired on daemon addresses registry.
2026-09-07T17:17:38.950+0900 [DEBUG] [org.gradle.cache.internal.DefaultFileLockManager] Releasing lock on daemon addresses registry.
2026-09-07T17:17:38.951+0900 [DEBUG] [org.gradle.cache.internal.DefaultFileLockManager] Waiting to acquire shared lock on daemon addresses registry.
2026-09-07T17:17:38.951+0900 [DEBUG] [org.gradle.cache.internal.DefaultFileLockManager] Lock acquired on daemon addresses registry.
2026-09-07T17:17:38.952+0900 [DEBUG] [org.gradle.cache.internal.DefaultFileLockManager] Releasing lock on daemon addresses registry.
2026-09-07T17:17:38.952+0900 [DEBUG] [org.gradle.launcher.daemon.server.Daemon] Finished periodic daemon health check.
2026-09-07T17:17:48.950+0900 [DEBUG] [org.gradle.launcher.daemon.server.Daemon] Starting periodic daemon health check.
2026-09-07T17:17:48.951+0900 [DEBUG] [org.gradle.cache.internal.DefaultFileLockManager] Waiting to acquire shared lock on daemon addresses registry.
2026-09-07T17:17:48.952+0900 [DEBUG] [org.gradle.cache.internal.DefaultFileLockManager] Lock acquired on daemon addresses registry.
2026-09-07T17:17:48.952+0900 [DEBUG] [org.gradle.cache.internal.DefaultFileLockManager] Releasing lock on daemon addresses registry.
2026-09-07T17:17:48.953+0900 [DEBUG] [org.gradle.cache.internal.DefaultFileLockManager] Waiting to acquire shared lock on daemon addresses registry.
2026-09-07T17:17:48.953+0900 [DEBUG] [org.gradle.cache.internal.DefaultFileLockManager] Lock acquired on daemon addresses registry.
2026-09-07T17:17:48.953+0900 [DEBUG] [org.gradle.cache.internal.DefaultFileLockManager] Releasing lock on daemon addresses registry.
2026-09-07T17:17:48.953+0900 [DEBUG] [org.gradle.launcher.daemon.server.Daemon] Finished periodic daemon health check.
2026-09-07T17:17:58.948+0900 [DEBUG] [org.gradle.launcher.daemon.server.Daemon] Starting periodic daemon health check.
2026-09-07T17:17:58.949+0900 [DEBUG] [org.gradle.cache.internal.DefaultFileLockManager] Waiting to acquire shared lock on daemon addresses registry.
2026-09-07T17:17:58.949+0900 [DEBUG] [org.gradle.cache.internal.DefaultFileLockManager] Lock acquired on daemon addresses registry.
2026-09-07T17:17:58.950+0900 [DEBUG] [org.gradle.cache.internal.DefaultFileLockManager] Releasing lock on daemon addresses registry.
2026-09-07T17:17:58.951+0900 [DEBUG] [org.gradle.cache.internal.DefaultFileLockManager] Waiting to acquire shared lock on daemon addresses registry.
2026-09-07T17:17:58.951+0900 [DEBUG] [org.gradle.cache.internal.DefaultFileLockManager] Lock acquired on daemon addresses registry.
2026-09-07T17:17:58.951+0900 [DEBUG] [org.gradle.cache.internal.DefaultFileLockManager] Releasing lock on daemon addresses registry.
2026-09-07T17:17:58.951+0900 [DEBUG] [org.gradle.launcher.daemon.server.Daemon] Finished periodic daemon health check.
2026-09-07T17:18:08.947+0900 [DEBUG] [org.gradle.launcher.daemon.server.Daemon] Starting periodic daemon health check.
2026-09-07T17:18:08.949+0900 [DEBUG] [org.gradle.cache.internal.DefaultFileLockManager] Waiting to acquire shared lock on daemon addresses registry.
2026-09-07T17:18:08.949+0900 [DEBUG] [org.gradle.cache.internal.DefaultFileLockManager] Lock acquired on daemon addresses registry.
2026-09-07T17:18:08.949+0900 [DEBUG] [org.gradle.cache.internal.DefaultFileLockManager] Releasing lock on daemon addresses registry.
2026-09-07T17:18:08.950+0900 [DEBUG] [org.gradle.cache.internal.DefaultFileLockManager] Waiting to acquire shared lock on daemon addresses registry.
2026-09-07T17:18:08.950+0900 [DEBUG] [org.gradle.cache.internal.DefaultFileLockManager] Lock acquired on daemon addresses registry.
2026-09-07T17:18:08.950+0900 [DEBUG] [org.gradle.cache.internal.DefaultFileLockManager] Releasing lock on daemon addresses registry.
2026-09-07T17:18:08.950+0900 [DEBUG] [org.gradle.launcher.daemon.server.Daemon] Finished periodic daemon health check.
2026-09-07T17:18:18.943+0900 [DEBUG] [org.gradle.launcher.daemon.server.Daemon] Starting periodic daemon health check.
2026-09-07T17:18:18.945+0900 [DEBUG] [org.gradle.cache.internal.DefaultFileLockManager] Waiting to acquire shared lock on daemon addresses registry.
2026-09-07T17:18:18.945+0900 [DEBUG] [org.gradle.cache.internal.DefaultFileLockManager] Lock acquired on daemon addresses registry.
2026-09-07T17:18:18.945+0900 [DEBUG] [org.gradle.cache.internal.DefaultFileLockManager] Releasing lock on daemon addresses registry.
2026-09-07T17:18:18.946+0900 [DEBUG] [org.gradle.cache.internal.DefaultFileLockManager] Waiting to acquire shared lock on daemon addresses registry.
2026-09-07T17:18:18.947+0900 [DEBUG] [org.gradle.cache.internal.DefaultFileLockManager] Lock acquired on daemon addresses registry.
2026-09-07T17:18:18.947+0900 [DEBUG] [org.gradle.cache.internal.DefaultFileLockManager] Releasing lock on daemon addresses registry.
2026-09-07T17:18:18.947+0900 [DEBUG] [org.gradle.launcher.daemon.server.Daemon] Finished periodic daemon health check.
2026-09-07T17:18:28.944+0900 [DEBUG] [org.gradle.launcher.daemon.server.Daemon] Starting periodic daemon health check.
2026-09-07T17:18:28.945+0900 [DEBUG] [org.gradle.cache.internal.DefaultFileLockManager] Waiting to acquire shared lock on daemon addresses registry.
2026-09-07T17:18:28.945+0900 [DEBUG] [org.gradle.cache.internal.DefaultFileLockManager] Lock acquired on daemon addresses registry.
2026-09-07T17:18:28.946+0900 [DEBUG] [org.gradle.cache.internal.DefaultFileLockManager] Releasing lock on daemon addresses registry.
2026-09-07T17:18:28.947+0900 [DEBUG] [org.gradle.cache.internal.DefaultFileLockManager] Waiting to acquire shared lock on daemon addresses registry.
2026-09-07T17:18:28.947+0900 [DEBUG] [org.gradle.cache.internal.DefaultFileLockManager] Lock acquired on daemon addresses registry.
2026-09-07T17:18:28.947+0900 [DEBUG] [org.gradle.cache.internal.DefaultFileLockManager] Releasing lock on daemon addresses registry.
2026-09-07T17:18:28.947+0900 [DEBUG] [org.gradle.launcher.daemon.server.Daemon] Finished periodic daemon health check.
2026-09-07T17:18:38.944+0900 [DEBUG] [org.gradle.launcher.daemon.server.Daemon] Starting periodic daemon health check.
2026-09-07T17:18:38.945+0900 [DEBUG] [org.gradle.cache.internal.DefaultFileLockManager] Waiting to acquire shared lock on daemon addresses registry.
2026-09-07T17:18:38.945+0900 [DEBUG] [org.gradle.cache.internal.DefaultFileLockManager] Lock acquired on daemon addresses registry.
2026-09-07T17:18:38.945+0900 [DEBUG] [org.gradle.cache.internal.DefaultFileLockManager] Releasing lock on daemon addresses registry.
2026-09-07T17:18:38.947+0900 [DEBUG] [org.gradle.cache.internal.DefaultFileLockManager] Waiting to acquire shared lock on daemon addresses registry.
2026-09-07T17:18:38.947+0900 [DEBUG] [org.gradle.cache.internal.DefaultFileLockManager] Lock acquired on daemon addresses registry.
2026-09-07T17:18:38.947+0900 [DEBUG] [org.gradle.cache.internal.DefaultFileLockManager] Releasing lock on daemon addresses registry.
2026-09-07T17:18:38.947+0900 [DEBUG] [org.gradle.launcher.daemon.server.Daemon] Finished periodic daemon health check.
2026-09-07T17:18:48.940+0900 [DEBUG] [org.gradle.launcher.daemon.server.Daemon] Starting periodic daemon health check.
2026-09-07T17:18:48.941+0900 [DEBUG] [org.gradle.cache.internal.DefaultFileLockManager] Waiting to acquire shared lock on daemon addresses registry.
2026-09-07T17:18:48.941+0900 [DEBUG] [org.gradle.cache.internal.DefaultFileLockManager] Lock acquired on daemon addresses registry.
2026-09-07T17:18:48.941+0900 [DEBUG] [org.gradle.cache.internal.DefaultFileLockManager] Releasing lock on daemon addresses registry.
2026-09-07T17:18:48.942+0900 [DEBUG] [org.gradle.cache.internal.DefaultFileLockManager] Waiting to acquire shared lock on daemon addresses registry.
2026-09-07T17:18:48.943+0900 [DEBUG] [org.gradle.cache.internal.DefaultFileLockManager] Lock acquired on daemon addresses registry.
2026-09-07T17:18:48.943+0900 [DEBUG] [org.gradle.cache.internal.DefaultFileLockManager] Releasing lock on daemon addresses registry.
2026-09-07T17:18:48.943+0900 [DEBUG] [org.gradle.launcher.daemon.server.Daemon] Finished periodic daemon health check.
2026-09-07T17:18:58.940+0900 [DEBUG] [org.gradle.launcher.daemon.server.Daemon] Starting periodic daemon health check.
2026-09-07T17:18:58.941+0900 [DEBUG] [org.gradle.cache.internal.DefaultFileLockManager] Waiting to acquire shared lock on daemon addresses registry.
2026-09-07T17:18:58.941+0900 [DEBUG] [org.gradle.cache.internal.DefaultFileLockManager] Lock acquired on daemon addresses registry.
2026-09-07T17:18:58.942+0900 [DEBUG] [org.gradle.cache.internal.DefaultFileLockManager] Releasing lock on daemon addresses registry.
2026-09-07T17:18:58.943+0900 [DEBUG] [org.gradle.cache.internal.DefaultFileLockManager] Waiting to acquire shared lock on daemon addresses registry.
2026-09-07T17:18:58.943+0900 [DEBUG] [org.gradle.cache.internal.DefaultFileLockManager] Lock acquired on daemon addresses registry.
2026-09-07T17:18:58.944+0900 [DEBUG] [org.gradle.cache.internal.DefaultFileLockManager] Releasing lock on daemon addresses registry.
2026-09-07T17:18:58.944+0900 [DEBUG] [org.gradle.launcher.daemon.server.Daemon] Finished periodic daemon health check.
2026-09-07T17:19:08.950+0900 [DEBUG] [org.gradle.launcher.daemon.server.Daemon] Starting periodic daemon health check.
2026-09-07T17:19:08.951+0900 [DEBUG] [org.gradle.cache.internal.DefaultFileLockManager] Waiting to acquire shared lock on daemon addresses registry.
2026-09-07T17:19:08.951+0900 [DEBUG] [org.gradle.cache.internal.DefaultFileLockManager] Lock acquired on daemon addresses registry.
2026-09-07T17:19:08.951+0900 [DEBUG] [org.gradle.cache.internal.DefaultFileLockManager] Releasing lock on daemon addresses registry.
2026-09-07T17:19:08.952+0900 [DEBUG] [org.gradle.cache.internal.DefaultFileLockManager] Waiting to acquire shared lock on daemon addresses registry.
2026-09-07T17:19:08.952+0900 [DEBUG] [org.gradle.cache.internal.DefaultFileLockManager] Lock acquired on daemon addresses registry.
2026-09-07T17:19:08.952+0900 [DEBUG] [org.gradle.cache.internal.DefaultFileLockManager] Releasing lock on daemon addresses registry.
2026-09-07T17:19:08.952+0900 [DEBUG] [org.gradle.launcher.daemon.server.Daemon] Finished periodic daemon health check.
2026-09-07T17:19:18.939+0900 [DEBUG] [org.gradle.launcher.daemon.server.Daemon] Starting periodic daemon health check.
2026-09-07T17:19:18.940+0900 [DEBUG] [org.gradle.cache.internal.DefaultFileLockManager] Waiting to acquire shared lock on daemon addresses registry.
2026-09-07T17:19:18.940+0900 [DEBUG] [org.gradle.cache.internal.DefaultFileLockManager] Lock acquired on daemon addresses registry.
2026-09-07T17:19:18.940+0900 [DEBUG] [org.gradle.cache.internal.DefaultFileLockManager] Releasing lock on daemon addresses registry.
2026-09-07T17:19:18.941+0900 [DEBUG] [org.gradle.cache.internal.DefaultFileLockManager] Waiting to acquire shared lock on daemon addresses registry.
2026-09-07T17:19:18.941+0900 [DEBUG] [org.gradle.cache.internal.DefaultFileLockManager] Lock acquired on daemon addresses registry.
2026-09-07T17:19:18.941+0900 [DEBUG] [org.gradle.cache.internal.DefaultFileLockManager] Releasing lock on daemon addresses registry.
2026-09-07T17:19:18.942+0900 [DEBUG] [org.gradle.launcher.daemon.server.Daemon] Finished periodic daemon health check.
2026-09-07T17:19:28.941+0900 [DEBUG] [org.gradle.launcher.daemon.server.Daemon] Starting periodic daemon health check.
2026-09-07T17:19:28.942+0900 [DEBUG] [org.gradle.cache.internal.DefaultFileLockManager] Waiting to acquire shared lock on daemon addresses registry.
2026-09-07T17:19:28.942+0900 [DEBUG] [org.gradle.cache.internal.DefaultFileLockManager] Lock acquired on daemon addresses registry.
2026-09-07T17:19:28.942+0900 [DEBUG] [org.gradle.cache.internal.DefaultFileLockManager] Releasing lock on daemon addresses registry.
2026-09-07T17:19:28.943+0900 [DEBUG] [org.gradle.cache.internal.DefaultFileLockManager] Waiting to acquire shared lock on daemon addresses registry.
2026-09-07T17:19:28.943+0900 [DEBUG] [org.gradle.cache.internal.DefaultFileLockManager] Lock acquired on daemon addresses registry.
2026-09-07T17:19:28.944+0900 [DEBUG] [org.gradle.cache.internal.DefaultFileLockManager] Releasing lock on daemon addresses registry.
2026-09-07T17:19:28.944+0900 [DEBUG] [org.gradle.launcher.daemon.server.Daemon] Finished periodic daemon health check.
2026-09-07T17:19:38.950+0900 [DEBUG] [org.gradle.launcher.daemon.server.Daemon] Starting periodic daemon health check.
2026-09-07T17:19:38.951+0900 [DEBUG] [org.gradle.cache.internal.DefaultFileLockManager] Waiting to acquire shared lock on daemon addresses registry.
2026-09-07T17:19:38.951+0900 [DEBUG] [org.gradle.cache.internal.DefaultFileLockManager] Lock acquired on daemon addresses registry.
2026-09-07T17:19:38.952+0900 [DEBUG] [org.gradle.cache.internal.DefaultFileLockManager] Releasing lock on daemon addresses registry.
2026-09-07T17:19:38.953+0900 [DEBUG] [org.gradle.cache.internal.DefaultFileLockManager] Waiting to acquire shared lock on daemon addresses registry.
2026-09-07T17:19:38.953+0900 [DEBUG] [org.gradle.cache.internal.DefaultFileLockManager] Lock acquired on daemon addresses registry.
2026-09-07T17:19:38.954+0900 [DEBUG] [org.gradle.cache.internal.DefaultFileLockManager] Releasing lock on daemon addresses registry.
2026-09-07T17:19:38.954+0900 [DEBUG] [org.gradle.launcher.daemon.server.Daemon] Finished periodic daemon health check.
2026-09-07T17:19:48.940+0900 [DEBUG] [org.gradle.launcher.daemon.server.Daemon] Starting periodic daemon health check.
2026-09-07T17:19:48.941+0900 [DEBUG] [org.gradle.cache.internal.DefaultFileLockManager] Waiting to acquire shared lock on daemon addresses registry.
2026-09-07T17:19:48.941+0900 [DEBUG] [org.gradle.cache.internal.DefaultFileLockManager] Lock acquired on daemon addresses registry.
2026-09-07T17:19:48.942+0900 [DEBUG] [org.gradle.cache.internal.DefaultFileLockManager] Releasing lock on daemon addresses registry.
2026-09-07T17:19:48.943+0900 [DEBUG] [org.gradle.cache.internal.DefaultFileLockManager] Waiting to acquire shared lock on daemon addresses registry.
2026-09-07T17:19:48.943+0900 [DEBUG] [org.gradle.cache.internal.DefaultFileLockManager] Lock acquired on daemon addresses registry.
2026-09-07T17:19:48.943+0900 [DEBUG] [org.gradle.cache.internal.DefaultFileLockManager] Releasing lock on daemon addresses registry.
2026-09-07T17:19:48.943+0900 [DEBUG] [org.gradle.launcher.daemon.server.Daemon] Finished periodic daemon health check.
2026-09-07T17:19:58.936+0900 [DEBUG] [org.gradle.launcher.daemon.server.Daemon] Starting periodic daemon health check.
2026-09-07T17:19:58.937+0900 [DEBUG] [org.gradle.cache.internal.DefaultFileLockManager] Waiting to acquire shared lock on daemon addresses registry.
2026-09-07T17:19:58.937+0900 [DEBUG] [org.gradle.cache.internal.DefaultFileLockManager] Lock acquired on daemon addresses registry.
2026-09-07T17:19:58.937+0900 [DEBUG] [org.gradle.cache.internal.DefaultFileLockManager] Releasing lock on daemon addresses registry.
2026-09-07T17:19:58.938+0900 [DEBUG] [org.gradle.cache.internal.DefaultFileLockManager] Waiting to acquire shared lock on daemon addresses registry.
2026-09-07T17:19:58.938+0900 [DEBUG] [org.gradle.cache.internal.DefaultFileLockManager] Lock acquired on daemon addresses registry.
2026-09-07T17:19:58.938+0900 [DEBUG] [org.gradle.cache.internal.DefaultFileLockManager] Releasing lock on daemon addresses registry.
2026-09-07T17:19:58.938+0900 [DEBUG] [org.gradle.launcher.daemon.server.Daemon] Finished periodic daemon health check.
2026-09-07T17:20:03.844+0900 [DEBUG] [org.gradle.internal.watch.vfs.impl.WatchingVirtualFileSystem] Handling VFS change CREATED C:\Users\SSAFY\Desktop\스터디\travel\src\main\resources\static\Routy\img\about-img-1.png
2026-09-07T17:20:08.947+0900 [DEBUG] [org.gradle.launcher.daemon.server.Daemon] Starting periodic daemon health check.
2026-09-07T17:20:08.949+0900 [DEBUG] [org.gradle.cache.internal.DefaultFileLockManager] Waiting to acquire shared lock on daemon addresses registry.
2026-09-07T17:20:08.949+0900 [DEBUG] [org.gradle.cache.internal.DefaultFileLockManager] Lock acquired on daemon addresses registry.
2026-09-07T17:20:08.949+0900 [DEBUG] [org.gradle.cache.internal.DefaultFileLockManager] Releasing lock on daemon addresses registry.
2026-09-07T17:20:08.950+0900 [DEBUG] [org.gradle.cache.internal.DefaultFileLockManager] Waiting to acquire shared lock on daemon addresses registry.
2026-09-07T17:20:08.951+0900 [DEBUG] [org.gradle.cache.internal.DefaultFileLockManager] Lock acquired on daemon addresses registry.
2026-09-07T17:20:08.951+0900 [DEBUG] [org.gradle.cache.internal.DefaultFileLockManager] Releasing lock on daemon addresses registry.
2026-09-07T17:20:08.951+0900 [DEBUG] [org.gradle.launcher.daemon.server.Daemon] Finished periodic daemon health check.
2026-09-07T17:20:18.952+0900 [DEBUG] [org.gradle.launcher.daemon.server.Daemon] Starting periodic daemon health check.
2026-09-07T17:20:18.953+0900 [DEBUG] [org.gradle.cache.internal.DefaultFileLockManager] Waiting to acquire shared lock on daemon addresses registry.
2026-09-07T17:20:18.953+0900 [DEBUG] [org.gradle.cache.internal.DefaultFileLockManager] Lock acquired on daemon addresses registry.
2026-09-07T17:20:18.953+0900 [DEBUG] [org.gradle.cache.internal.DefaultFileLockManager] Releasing lock on daemon addresses registry.
2026-09-07T17:20:18.954+0900 [DEBUG] [org.gradle.cache.internal.DefaultFileLockManager] Waiting to acquire shared lock on daemon addresses registry.
2026-09-07T17:20:18.955+0900 [DEBUG] [org.gradle.cache.internal.DefaultFileLockManager] Lock acquired on daemon addresses registry.
2026-09-07T17:20:18.955+0900 [DEBUG] [org.gradle.cache.internal.DefaultFileLockManager] Releasing lock on daemon addresses registry.
2026-09-07T17:20:18.955+0900 [DEBUG] [org.gradle.launcher.daemon.server.Daemon] Finished periodic daemon health check.
2026-09-07T17:20:28.946+0900 [DEBUG] [org.gradle.launcher.daemon.server.Daemon] Starting periodic daemon health check.
2026-09-07T17:20:28.948+0900 [DEBUG] [org.gradle.cache.internal.DefaultFileLockManager] Waiting to acquire shared lock on daemon addresses registry.
2026-09-07T17:20:28.948+0900 [DEBUG] [org.gradle.cache.internal.DefaultFileLockManager] Lock acquired on daemon addresses registry.
2026-09-07T17:20:28.948+0900 [DEBUG] [org.gradle.cache.internal.DefaultFileLockManager] Releasing lock on daemon addresses registry.
2026-09-07T17:20:28.950+0900 [DEBUG] [org.gradle.cache.internal.DefaultFileLockManager] Waiting to acquire shared lock on daemon addresses registry.
2026-09-07T17:20:28.950+0900 [DEBUG] [org.gradle.cache.internal.DefaultFileLockManager] Lock acquired on daemon addresses registry.
2026-09-07T17:20:28.950+0900 [DEBUG] [org.gradle.cache.internal.DefaultFileLockManager] Releasing lock on daemon addresses registry.
2026-09-07T17:20:28.950+0900 [DEBUG] [org.gradle.launcher.daemon.server.Daemon] Finished periodic daemon health check.
2026-09-07T17:20:38.944+0900 [DEBUG] [org.gradle.launcher.daemon.server.Daemon] Starting periodic daemon health check.
2026-09-07T17:20:38.944+0900 [DEBUG] [org.gradle.cache.internal.DefaultFileLockManager] Waiting to acquire shared lock on daemon addresses registry.
2026-09-07T17:20:38.945+0900 [DEBUG] [org.gradle.cache.internal.DefaultFileLockManager] Lock acquired on daemon addresses registry.
2026-09-07T17:20:38.945+0900 [DEBUG] [org.gradle.cache.internal.DefaultFileLockManager] Releasing lock on daemon addresses registry.
2026-09-07T17:20:38.945+0900 [DEBUG] [org.gradle.cache.internal.DefaultFileLockManager] Waiting to acquire shared lock on daemon addresses registry.
2026-09-07T17:20:38.945+0900 [DEBUG] [org.gradle.cache.internal.DefaultFileLockManager] Lock acquired on daemon addresses registry.
2026-09-07T17:20:38.945+0900 [DEBUG] [org.gradle.cache.internal.DefaultFileLockManager] Releasing lock on daemon addresses registry.
2026-09-07T17:20:38.945+0900 [DEBUG] [org.gradle.launcher.daemon.server.Daemon] Finished periodic daemon health check.
2026-09-07T17:20:48.939+0900 [DEBUG] [org.gradle.launcher.daemon.server.Daemon] Starting periodic daemon health check.
2026-09-07T17:20:48.940+0900 [DEBUG] [org.gradle.cache.internal.DefaultFileLockManager] Waiting to acquire shared lock on daemon addresses registry.
2026-09-07T17:20:48.940+0900 [DEBUG] [org.gradle.cache.internal.DefaultFileLockManager] Lock acquired on daemon addresses registry.
2026-09-07T17:20:48.940+0900 [DEBUG] [org.gradle.cache.internal.DefaultFileLockManager] Releasing lock on daemon addresses registry.
2026-09-07T17:20:48.941+0900 [DEBUG] [org.gradle.cache.internal.DefaultFileLockManager] Waiting to acquire shared lock on daemon addresses registry.
2026-09-07T17:20:48.941+0900 [DEBUG] [org.gradle.cache.internal.DefaultFileLockManager] Lock acquired on daemon addresses registry.
2026-09-07T17:20:48.942+0900 [DEBUG] [org.gradle.cache.internal.DefaultFileLockManager] Releasing lock on daemon addresses registry.
2026-09-07T17:20:48.942+0900 [DEBUG] [org.gradle.launcher.daemon.server.Daemon] Finished periodic daemon health check.
2026-09-07T17:20:58.941+0900 [DEBUG] [org.gradle.launcher.daemon.server.Daemon] Starting periodic daemon health check.
2026-09-07T17:20:58.942+0900 [DEBUG] [org.gradle.cache.internal.DefaultFileLockManager] Waiting to acquire shared lock on daemon addresses registry.
2026-09-07T17:20:58.942+0900 [DEBUG] [org.gradle.cache.internal.DefaultFileLockManager] Lock acquired on daemon addresses registry.
2026-09-07T17:20:58.942+0900 [DEBUG] [org.gradle.cache.internal.DefaultFileLockManager] Releasing lock on daemon addresses registry.
2026-09-07T17:20:58.943+0900 [DEBUG] [org.gradle.cache.internal.DefaultFileLockManager] Waiting to acquire shared lock on daemon addresses registry.
2026-09-07T17:20:58.944+0900 [DEBUG] [org.gradle.cache.internal.DefaultFileLockManager] Lock acquired on daemon addresses registry.
2026-09-07T17:20:58.944+0900 [DEBUG] [org.gradle.cache.internal.DefaultFileLockManager] Releasing lock on daemon addresses registry.
2026-09-07T17:20:58.944+0900 [DEBUG] [org.gradle.launcher.daemon.server.Daemon] Finished periodic daemon health check.
2026-09-07T17:21:08.939+0900 [DEBUG] [org.gradle.launcher.daemon.server.Daemon] Starting periodic daemon health check.
2026-09-07T17:21:08.940+0900 [DEBUG] [org.gradle.cache.internal.DefaultFileLockManager] Waiting to acquire shared lock on daemon addresses registry.
2026-09-07T17:21:08.940+0900 [DEBUG] [org.gradle.cache.internal.DefaultFileLockManager] Lock acquired on daemon addresses registry.
2026-09-07T17:21:08.940+0900 [DEBUG] [org.gradle.cache.internal.DefaultFileLockManager] Releasing lock on daemon addresses registry.
2026-09-07T17:21:08.941+0900 [DEBUG] [org.gradle.cache.internal.DefaultFileLockManager] Waiting to acquire shared lock on daemon addresses registry.
2026-09-07T17:21:08.941+0900 [DEBUG] [org.gradle.cache.internal.DefaultFileLockManager] Lock acquired on daemon addresses registry.
2026-09-07T17:21:08.941+0900 [DEBUG] [org.gradle.cache.internal.DefaultFileLockManager] Releasing lock on daemon addresses registry.
2026-09-07T17:21:08.941+0900 [DEBUG] [org.gradle.launcher.daemon.server.Daemon] Finished periodic daemon health check.
2026-09-07T17:21:18.938+0900 [DEBUG] [org.gradle.launcher.daemon.server.Daemon] Starting periodic daemon health check.
2026-09-07T17:21:18.938+0900 [DEBUG] [org.gradle.cache.internal.DefaultFileLockManager] Waiting to acquire shared lock on daemon addresses registry.
2026-09-07T17:21:18.938+0900 [DEBUG] [org.gradle.cache.internal.DefaultFileLockManager] Lock acquired on daemon addresses registry.
2026-09-07T17:21:18.938+0900 [DEBUG] [org.gradle.cache.internal.DefaultFileLockManager] Releasing lock on daemon addresses registry.
2026-09-07T17:21:18.939+0900 [DEBUG] [org.gradle.cache.internal.DefaultFileLockManager] Waiting to acquire shared lock on daemon addresses registry.
2026-09-07T17:21:18.939+0900 [DEBUG] [org.gradle.cache.internal.DefaultFileLockManager] Lock acquired on daemon addresses registry.
2026-09-07T17:21:18.939+0900 [DEBUG] [org.gradle.cache.internal.DefaultFileLockManager] Releasing lock on daemon addresses registry.
2026-09-07T17:21:18.939+0900 [DEBUG] [org.gradle.launcher.daemon.server.Daemon] Finished periodic daemon health check.
2026-09-07T17:21:28.947+0900 [DEBUG] [org.gradle.launcher.daemon.server.Daemon] Starting periodic daemon health check.
2026-09-07T17:21:28.948+0900 [DEBUG] [org.gradle.cache.internal.DefaultFileLockManager] Waiting to acquire shared lock on daemon addresses registry.
2026-09-07T17:21:28.948+0900 [DEBUG] [org.gradle.cache.internal.DefaultFileLockManager] Lock acquired on daemon addresses registry.
2026-09-07T17:21:28.948+0900 [DEBUG] [org.gradle.cache.internal.DefaultFileLockManager] Releasing lock on daemon addresses registry.
2026-09-07T17:21:28.950+0900 [DEBUG] [org.gradle.cache.internal.DefaultFileLockManager] Waiting to acquire shared lock on daemon addresses registry.
2026-09-07T17:21:28.950+0900 [DEBUG] [org.gradle.cache.internal.DefaultFileLockManager] Lock acquired on daemon addresses registry.
2026-09-07T17:21:28.950+0900 [DEBUG] [org.gradle.cache.internal.DefaultFileLockManager] Releasing lock on daemon addresses registry.
2026-09-07T17:21:28.950+0900 [DEBUG] [org.gradle.launcher.daemon.server.Daemon] Finished periodic daemon health check.
2026-09-07T17:21:38.948+0900 [DEBUG] [org.gradle.launcher.daemon.server.Daemon] Starting periodic daemon health check.
2026-09-07T17:21:38.949+0900 [DEBUG] [org.gradle.cache.internal.DefaultFileLockManager] Waiting to acquire shared lock on daemon addresses registry.
2026-09-07T17:21:38.949+0900 [DEBUG] [org.gradle.cache.internal.DefaultFileLockManager] Lock acquired on daemon addresses registry.
2026-09-07T17:21:38.949+0900 [DEBUG] [org.gradle.cache.internal.DefaultFileLockManager] Releasing lock on daemon addresses registry.
2026-09-07T17:21:38.950+0900 [DEBUG] [org.gradle.cache.internal.DefaultFileLockManager] Waiting to acquire shared lock on daemon addresses registry.
2026-09-07T17:21:38.950+0900 [DEBUG] [org.gradle.cache.internal.DefaultFileLockManager] Lock acquired on daemon addresses registry.
2026-09-07T17:21:38.950+0900 [DEBUG] [org.gradle.cache.internal.DefaultFileLockManager] Releasing lock on daemon addresses registry.
2026-09-07T17:21:38.950+0900 [DEBUG] [org.gradle.launcher.daemon.server.Daemon] Finished periodic daemon health check.
2026-09-07T17:21:48.945+0900 [DEBUG] [org.gradle.launcher.daemon.server.Daemon] Starting periodic daemon health check.
2026-09-07T17:21:48.946+0900 [DEBUG] [org.gradle.cache.internal.DefaultFileLockManager] Waiting to acquire shared lock on daemon addresses registry.
2026-09-07T17:21:48.946+0900 [DEBUG] [org.gradle.cache.internal.DefaultFileLockManager] Lock acquired on daemon addresses registry.
2026-09-07T17:21:48.946+0900 [DEBUG] [org.gradle.cache.internal.DefaultFileLockManager] Releasing lock on daemon addresses registry.
2026-09-07T17:21:48.946+0900 [DEBUG] [org.gradle.cache.internal.DefaultFileLockManager] Waiting to acquire shared lock on daemon addresses registry.
2026-09-07T17:21:48.947+0900 [DEBUG] [org.gradle.cache.internal.DefaultFileLockManager] Lock acquired on daemon addresses registry.
2026-09-07T17:21:48.947+0900 [DEBUG] [org.gradle.cache.internal.DefaultFileLockManager] Releasing lock on daemon addresses registry.
2026-09-07T17:21:48.947+0900 [DEBUG] [org.gradle.launcher.daemon.server.Daemon] Finished periodic daemon health check.
2026-09-07T17:21:58.940+0900 [DEBUG] [org.gradle.launcher.daemon.server.Daemon] Starting periodic daemon health check.
2026-09-07T17:21:58.941+0900 [DEBUG] [org.gradle.cache.internal.DefaultFileLockManager] Waiting to acquire shared lock on daemon addresses registry.
2026-09-07T17:21:58.942+0900 [DEBUG] [org.gradle.cache.internal.DefaultFileLockManager] Lock acquired on daemon addresses registry.
2026-09-07T17:21:58.942+0900 [DEBUG] [org.gradle.cache.internal.DefaultFileLockManager] Releasing lock on daemon addresses registry.
2026-09-07T17:21:58.943+0900 [DEBUG] [org.gradle.cache.internal.DefaultFileLockManager] Waiting to acquire shared lock on daemon addresses registry.
2026-09-07T17:21:58.943+0900 [DEBUG] [org.gradle.cache.internal.DefaultFileLockManager] Lock acquired on daemon addresses registry.
2026-09-07T17:21:58.943+0900 [DEBUG] [org.gradle.cache.internal.DefaultFileLockManager] Releasing lock on daemon addresses registry.
2026-09-07T17:21:58.944+0900 [DEBUG] [org.gradle.launcher.daemon.server.Daemon] Finished periodic daemon health check.
2026-09-07T17:22:08.940+0900 [DEBUG] [org.gradle.launcher.daemon.server.Daemon] Starting periodic daemon health check.
2026-09-07T17:22:08.941+0900 [DEBUG] [org.gradle.cache.internal.DefaultFileLockManager] Waiting to acquire shared lock on daemon addresses registry.
2026-09-07T17:22:08.941+0900 [DEBUG] [org.gradle.cache.internal.DefaultFileLockManager] Lock acquired on daemon addresses registry.
2026-09-07T17:22:08.941+0900 [DEBUG] [org.gradle.cache.internal.DefaultFileLockManager] Releasing lock on daemon addresses registry.
2026-09-07T17:22:08.942+0900 [DEBUG] [org.gradle.cache.internal.DefaultFileLockManager] Waiting to acquire shared lock on daemon addresses registry.
2026-09-07T17:22:08.943+0900 [DEBUG] [org.gradle.cache.internal.DefaultFileLockManager] Lock acquired on daemon addresses registry.
2026-09-07T17:22:08.943+0900 [DEBUG] [org.gradle.cache.internal.DefaultFileLockManager] Releasing lock on daemon addresses registry.
2026-09-07T17:22:08.943+0900 [DEBUG] [org.gradle.launcher.daemon.server.Daemon] Finished periodic daemon health check.
2026-09-07T17:22:13.695+0900 [DEBUG] [org.gradle.internal.watch.vfs.impl.WatchingVirtualFileSystem] Handling VFS change MODIFIED C:\Users\SSAFY\Desktop\스터디\travel\src\main\resources\static\Routy\index.html
2026-09-07T17:22:13.699+0900 [DEBUG] [org.gradle.internal.watch.vfs.impl.WatchingVirtualFileSystem] Handling VFS change MODIFIED C:\Users\SSAFY\Desktop\스터디\travel\src\main\resources\static\Routy\destination.html
2026-09-07T17:22:13.701+0900 [DEBUG] [org.gradle.internal.watch.vfs.impl.WatchingVirtualFileSystem] Handling VFS change MODIFIED C:\Users\SSAFY\Desktop\스터디\travel\src\main\resources\static\Routy\booking.html
2026-09-07T17:22:13.703+0900 [DEBUG] [org.gradle.internal.watch.vfs.impl.WatchingVirtualFileSystem] Handling VFS change MODIFIED C:\Users\SSAFY\Desktop\스터디\travel\src\main\resources\static\Routy\packages.html
2026-09-07T17:22:18.942+0900 [DEBUG] [org.gradle.launcher.daemon.server.Daemon] Starting periodic daemon health check.
2026-09-07T17:22:18.943+0900 [DEBUG] [org.gradle.cache.internal.DefaultFileLockManager] Waiting to acquire shared lock on daemon addresses registry.
2026-09-07T17:22:18.944+0900 [DEBUG] [org.gradle.cache.internal.DefaultFileLockManager] Lock acquired on daemon addresses registry.
2026-09-07T17:22:18.944+0900 [DEBUG] [org.gradle.cache.internal.DefaultFileLockManager] Releasing lock on daemon addresses registry.
2026-09-07T17:22:18.945+0900 [DEBUG] [org.gradle.cache.internal.DefaultFileLockManager] Waiting to acquire shared lock on daemon addresses registry.
2026-09-07T17:22:18.945+0900 [DEBUG] [org.gradle.cache.internal.DefaultFileLockManager] Lock acquired on daemon addresses registry.
2026-09-07T17:22:18.945+0900 [DEBUG] [org.gradle.cache.internal.DefaultFileLockManager] Releasing lock on daemon addresses registry.
2026-09-07T17:22:18.946+0900 [DEBUG] [org.gradle.launcher.daemon.server.Daemon] Finished periodic daemon health check.
2026-09-07T17:22:28.944+0900 [DEBUG] [org.gradle.launcher.daemon.server.Daemon] Starting periodic daemon health check.
2026-09-07T17:22:28.945+0900 [DEBUG] [org.gradle.cache.internal.DefaultFileLockManager] Waiting to acquire shared lock on daemon addresses registry.
2026-09-07T17:22:28.945+0900 [DEBUG] [org.gradle.cache.internal.DefaultFileLockManager] Lock acquired on daemon addresses registry.
2026-09-07T17:22:28.946+0900 [DEBUG] [org.gradle.cache.internal.DefaultFileLockManager] Releasing lock on daemon addresses registry.
2026-09-07T17:22:28.946+0900 [DEBUG] [org.gradle.cache.internal.DefaultFileLockManager] Waiting to acquire shared lock on daemon addresses registry.
2026-09-07T17:22:28.946+0900 [DEBUG] [org.gradle.cache.internal.DefaultFileLockManager] Lock acquired on daemon addresses registry.
2026-09-07T17:22:28.947+0900 [DEBUG] [org.gradle.cache.internal.DefaultFileLockManager] Releasing lock on daemon addresses registry.
2026-09-07T17:22:28.947+0900 [DEBUG] [org.gradle.launcher.daemon.server.Daemon] Finished periodic daemon health check.
2026-09-07T17:22:38.947+0900 [DEBUG] [org.gradle.launcher.daemon.server.Daemon] Starting periodic daemon health check.
2026-09-07T17:22:38.948+0900 [DEBUG] [org.gradle.cache.internal.DefaultFileLockManager] Waiting to acquire shared lock on daemon addresses registry.
2026-09-07T17:22:38.948+0900 [DEBUG] [org.gradle.cache.internal.DefaultFileLockManager] Lock acquired on daemon addresses registry.
2026-09-07T17:22:38.949+0900 [DEBUG] [org.gradle.cache.internal.DefaultFileLockManager] Releasing lock on daemon addresses registry.
2026-09-07T17:22:38.950+0900 [DEBUG] [org.gradle.cache.internal.DefaultFileLockManager] Waiting to acquire shared lock on daemon addresses registry.
2026-09-07T17:22:38.950+0900 [DEBUG] [org.gradle.cache.internal.DefaultFileLockManager] Lock acquired on daemon addresses registry.
2026-09-07T17:22:38.950+0900 [DEBUG] [org.gradle.cache.internal.DefaultFileLockManager] Releasing lock on daemon addresses registry.
2026-09-07T17:22:38.950+0900 [DEBUG] [org.gradle.launcher.daemon.server.Daemon] Finished periodic daemon health check.
2026-09-07T17:22:48.948+0900 [DEBUG] [org.gradle.launcher.daemon.server.Daemon] Starting periodic daemon health check.
2026-09-07T17:22:48.949+0900 [DEBUG] [org.gradle.cache.internal.DefaultFileLockManager] Waiting to acquire shared lock on daemon addresses registry.
2026-09-07T17:22:48.949+0900 [DEBUG] [org.gradle.cache.internal.DefaultFileLockManager] Lock acquired on daemon addresses registry.
2026-09-07T17:22:48.949+0900 [DEBUG] [org.gradle.cache.internal.DefaultFileLockManager] Releasing lock on daemon addresses registry.
2026-09-07T17:22:48.950+0900 [DEBUG] [org.gradle.cache.internal.DefaultFileLockManager] Waiting to acquire shared lock on daemon addresses registry.
2026-09-07T17:22:48.950+0900 [DEBUG] [org.gradle.cache.internal.DefaultFileLockManager] Lock acquired on daemon addresses registry.
2026-09-07T17:22:48.951+0900 [DEBUG] [org.gradle.cache.internal.DefaultFileLockManager] Releasing lock on daemon addresses registry.
2026-09-07T17:22:48.951+0900 [DEBUG] [org.gradle.launcher.daemon.server.Daemon] Finished periodic daemon health check.
2026-09-07T17:22:58.942+0900 [DEBUG] [org.gradle.launcher.daemon.server.Daemon] Starting periodic daemon health check.
2026-09-07T17:22:58.944+0900 [DEBUG] [org.gradle.cache.internal.DefaultFileLockManager] Waiting to acquire shared lock on daemon addresses registry.
2026-09-07T17:22:58.944+0900 [DEBUG] [org.gradle.cache.internal.DefaultFileLockManager] Lock acquired on daemon addresses registry.
2026-09-07T17:22:58.944+0900 [DEBUG] [org.gradle.cache.internal.DefaultFileLockManager] Releasing lock on daemon addresses registry.
2026-09-07T17:22:58.945+0900 [DEBUG] [org.gradle.cache.internal.DefaultFileLockManager] Waiting to acquire shared lock on daemon addresses registry.
2026-09-07T17:22:58.945+0900 [DEBUG] [org.gradle.cache.internal.DefaultFileLockManager] Lock acquired on daemon addresses registry.
2026-09-07T17:22:58.946+0900 [DEBUG] [org.gradle.cache.internal.DefaultFileLockManager] Releasing lock on daemon addresses registry.
2026-09-07T17:22:58.946+0900 [DEBUG] [org.gradle.launcher.daemon.server.Daemon] Finished periodic daemon health check.
2026-09-07T17:23:08.943+0900 [DEBUG] [org.gradle.launcher.daemon.server.Daemon] Starting periodic daemon health check.
2026-09-07T17:23:08.944+0900 [DEBUG] [org.gradle.cache.internal.DefaultFileLockManager] Waiting to acquire shared lock on daemon addresses registry.
2026-09-07T17:23:08.944+0900 [DEBUG] [org.gradle.cache.internal.DefaultFileLockManager] Lock acquired on daemon addresses registry.
2026-09-07T17:23:08.944+0900 [DEBUG] [org.gradle.cache.internal.DefaultFileLockManager] Releasing lock on daemon addresses registry.
2026-09-07T17:23:08.945+0900 [DEBUG] [org.gradle.cache.internal.DefaultFileLockManager] Waiting to acquire shared lock on daemon addresses registry.
2026-09-07T17:23:08.945+0900 [DEBUG] [org.gradle.cache.internal.DefaultFileLockManager] Lock acquired on daemon addresses registry.
2026-09-07T17:23:08.946+0900 [DEBUG] [org.gradle.cache.internal.DefaultFileLockManager] Releasing lock on daemon addresses registry.
2026-09-07T17:23:08.946+0900 [DEBUG] [org.gradle.launcher.daemon.server.Daemon] Finished periodic daemon health check.
2026-09-07T17:23:18.949+0900 [DEBUG] [org.gradle.launcher.daemon.server.Daemon] Starting periodic daemon health check.
2026-09-07T17:23:18.950+0900 [DEBUG] [org.gradle.cache.internal.DefaultFileLockManager] Waiting to acquire shared lock on daemon addresses registry.
2026-09-07T17:23:18.951+0900 [DEBUG] [org.gradle.cache.internal.DefaultFileLockManager] Lock acquired on daemon addresses registry.
2026-09-07T17:23:18.951+0900 [DEBUG] [org.gradle.cache.internal.DefaultFileLockManager] Releasing lock on daemon addresses registry.
2026-09-07T17:23:18.952+0900 [DEBUG] [org.gradle.cache.internal.DefaultFileLockManager] Waiting to acquire shared lock on daemon addresses registry.
2026-09-07T17:23:18.952+0900 [DEBUG] [org.gradle.cache.internal.DefaultFileLockManager] Lock acquired on daemon addresses registry.
2026-09-07T17:23:18.953+0900 [DEBUG] [org.gradle.cache.internal.DefaultFileLockManager] Releasing lock on daemon addresses registry.
2026-09-07T17:23:18.953+0900 [DEBUG] [org.gradle.launcher.daemon.server.Daemon] Finished periodic daemon health check.
2026-09-07T17:23:28.951+0900 [DEBUG] [org.gradle.launcher.daemon.server.Daemon] Starting periodic daemon health check.
2026-09-07T17:23:28.951+0900 [DEBUG] [org.gradle.cache.internal.DefaultFileLockManager] Waiting to acquire shared lock on daemon addresses registry.
2026-09-07T17:23:28.951+0900 [DEBUG] [org.gradle.cache.internal.DefaultFileLockManager] Lock acquired on daemon addresses registry.
2026-09-07T17:23:28.951+0900 [DEBUG] [org.gradle.cache.internal.DefaultFileLockManager] Releasing lock on daemon addresses registry.
2026-09-07T17:23:28.952+0900 [DEBUG] [org.gradle.cache.internal.DefaultFileLockManager] Waiting to acquire shared lock on daemon addresses registry.
2026-09-07T17:23:28.952+0900 [DEBUG] [org.gradle.cache.internal.DefaultFileLockManager] Lock acquired on daemon addresses registry.
2026-09-07T17:23:28.952+0900 [DEBUG] [org.gradle.cache.internal.DefaultFileLockManager] Releasing lock on daemon addresses registry.
2026-09-07T17:23:28.952+0900 [DEBUG] [org.gradle.launcher.daemon.server.Daemon] Finished periodic daemon health check.
2026-09-07T17:23:38.939+0900 [DEBUG] [org.gradle.launcher.daemon.server.Daemon] Starting periodic daemon health check.
2026-09-07T17:23:38.940+0900 [DEBUG] [org.gradle.cache.internal.DefaultFileLockManager] Waiting to acquire shared lock on daemon addresses registry.
2026-09-07T17:23:38.940+0900 [DEBUG] [org.gradle.cache.internal.DefaultFileLockManager] Lock acquired on daemon addresses registry.
2026-09-07T17:23:38.940+0900 [DEBUG] [org.gradle.cache.internal.DefaultFileLockManager] Releasing lock on daemon addresses registry.
2026-09-07T17:23:38.941+0900 [DEBUG] [org.gradle.cache.internal.DefaultFileLockManager] Waiting to acquire shared lock on daemon addresses registry.
2026-09-07T17:23:38.941+0900 [DEBUG] [org.gradle.cache.internal.DefaultFileLockManager] Lock acquired on daemon addresses registry.
2026-09-07T17:23:38.941+0900 [DEBUG] [org.gradle.cache.internal.DefaultFileLockManager] Releasing lock on daemon addresses registry.
2026-09-07T17:23:38.941+0900 [DEBUG] [org.gradle.launcher.daemon.server.Daemon] Finished periodic daemon health check.
2026-09-07T17:23:48.938+0900 [DEBUG] [org.gradle.launcher.daemon.server.Daemon] Starting periodic daemon health check.
2026-09-07T17:23:48.939+0900 [DEBUG] [org.gradle.cache.internal.DefaultFileLockManager] Waiting to acquire shared lock on daemon addresses registry.
2026-09-07T17:23:48.939+0900 [DEBUG] [org.gradle.cache.internal.DefaultFileLockManager] Lock acquired on daemon addresses registry.
2026-09-07T17:23:48.940+0900 [DEBUG] [org.gradle.cache.internal.DefaultFileLockManager] Releasing lock on daemon addresses registry.
2026-09-07T17:23:48.940+0900 [DEBUG] [org.gradle.cache.internal.DefaultFileLockManager] Waiting to acquire shared lock on daemon addresses registry.
2026-09-07T17:23:48.940+0900 [DEBUG] [org.gradle.cache.internal.DefaultFileLockManager] Lock acquired on daemon addresses registry.
2026-09-07T17:23:48.941+0900 [DEBUG] [org.gradle.cache.internal.DefaultFileLockManager] Releasing lock on daemon addresses registry.
2026-09-07T17:23:48.941+0900 [DEBUG] [org.gradle.launcher.daemon.server.Daemon] Finished periodic daemon health check.
2026-09-07T17:23:58.941+0900 [DEBUG] [org.gradle.launcher.daemon.server.Daemon] Starting periodic daemon health check.
2026-09-07T17:23:58.943+0900 [DEBUG] [org.gradle.cache.internal.DefaultFileLockManager] Waiting to acquire shared lock on daemon addresses registry.
2026-09-07T17:23:58.943+0900 [DEBUG] [org.gradle.cache.internal.DefaultFileLockManager] Lock acquired on daemon addresses registry.
2026-09-07T17:23:58.943+0900 [DEBUG] [org.gradle.cache.internal.DefaultFileLockManager] Releasing lock on daemon addresses registry.
2026-09-07T17:23:58.944+0900 [DEBUG] [org.gradle.cache.internal.DefaultFileLockManager] Waiting to acquire shared lock on daemon addresses registry.
2026-09-07T17:23:58.944+0900 [DEBUG] [org.gradle.cache.internal.DefaultFileLockManager] Lock acquired on daemon addresses registry.
2026-09-07T17:23:58.945+0900 [DEBUG] [org.gradle.cache.internal.DefaultFileLockManager] Releasing lock on daemon addresses registry.
2026-09-07T17:23:58.945+0900 [DEBUG] [org.gradle.launcher.daemon.server.Daemon] Finished periodic daemon health check.
2026-09-07T17:24:08.945+0900 [DEBUG] [org.gradle.launcher.daemon.server.Daemon] Starting periodic daemon health check.
2026-09-07T17:24:08.946+0900 [DEBUG] [org.gradle.cache.internal.DefaultFileLockManager] Waiting to acquire shared lock on daemon addresses registry.
2026-09-07T17:24:08.946+0900 [DEBUG] [org.gradle.cache.internal.DefaultFileLockManager] Lock acquired on daemon addresses registry.
2026-09-07T17:24:08.946+0900 [DEBUG] [org.gradle.cache.internal.DefaultFileLockManager] Releasing lock on daemon addresses registry.
2026-09-07T17:24:08.947+0900 [DEBUG] [org.gradle.cache.internal.DefaultFileLockManager] Waiting to acquire shared lock on daemon addresses registry.
2026-09-07T17:24:08.948+0900 [DEBUG] [org.gradle.cache.internal.DefaultFileLockManager] Lock acquired on daemon addresses registry.
2026-09-07T17:24:08.948+0900 [DEBUG] [org.gradle.cache.internal.DefaultFileLockManager] Releasing lock on daemon addresses registry.
2026-09-07T17:24:08.948+0900 [DEBUG] [org.gradle.launcher.daemon.server.Daemon] Finished periodic daemon health check.
2026-09-07T17:24:18.949+0900 [DEBUG] [org.gradle.launcher.daemon.server.Daemon] Starting periodic daemon health check.
2026-09-07T17:24:18.950+0900 [DEBUG] [org.gradle.cache.internal.DefaultFileLockManager] Waiting to acquire shared lock on daemon addresses registry.
2026-09-07T17:24:18.950+0900 [DEBUG] [org.gradle.cache.internal.DefaultFileLockManager] Lock acquired on daemon addresses registry.
2026-09-07T17:24:18.950+0900 [DEBUG] [org.gradle.cache.internal.DefaultFileLockManager] Releasing lock on daemon addresses registry.
2026-09-07T17:24:18.951+0900 [DEBUG] [org.gradle.cache.internal.DefaultFileLockManager] Waiting to acquire shared lock on daemon addresses registry.
2026-09-07T17:24:18.951+0900 [DEBUG] [org.gradle.cache.internal.DefaultFileLockManager] Lock acquired on daemon addresses registry.
2026-09-07T17:24:18.951+0900 [DEBUG] [org.gradle.cache.internal.DefaultFileLockManager] Releasing lock on daemon addresses registry.
2026-09-07T17:24:18.951+0900 [DEBUG] [org.gradle.launcher.daemon.server.Daemon] Finished periodic daemon health check.
2026-09-07T17:24:28.937+0900 [DEBUG] [org.gradle.launcher.daemon.server.Daemon] Starting periodic daemon health check.
2026-09-07T17:24:28.938+0900 [DEBUG] [org.gradle.cache.internal.DefaultFileLockManager] Waiting to acquire shared lock on daemon addresses registry.
2026-09-07T17:24:28.938+0900 [DEBUG] [org.gradle.cache.internal.DefaultFileLockManager] Lock acquired on daemon addresses registry.
2026-09-07T17:24:28.939+0900 [DEBUG] [org.gradle.cache.internal.DefaultFileLockManager] Releasing lock on daemon addresses registry.
2026-09-07T17:24:28.939+0900 [DEBUG] [org.gradle.cache.internal.DefaultFileLockManager] Waiting to acquire shared lock on daemon addresses registry.
2026-09-07T17:24:28.939+0900 [DEBUG] [org.gradle.cache.internal.DefaultFileLockManager] Lock acquired on daemon addresses registry.
2026-09-07T17:24:28.940+0900 [DEBUG] [org.gradle.cache.internal.DefaultFileLockManager] Releasing lock on daemon addresses registry.
2026-09-07T17:24:28.940+0900 [DEBUG] [org.gradle.launcher.daemon.server.Daemon] Finished periodic daemon health check.
2026-09-07T17:24:38.950+0900 [DEBUG] [org.gradle.launcher.daemon.server.Daemon] Starting periodic daemon health check.
2026-09-07T17:24:38.951+0900 [DEBUG] [org.gradle.cache.internal.DefaultFileLockManager] Waiting to acquire shared lock on daemon addresses registry.
2026-09-07T17:24:38.951+0900 [DEBUG] [org.gradle.cache.internal.DefaultFileLockManager] Lock acquired on daemon addresses registry.
2026-09-07T17:24:38.951+0900 [DEBUG] [org.gradle.cache.internal.DefaultFileLockManager] Releasing lock on daemon addresses registry.
2026-09-07T17:24:38.952+0900 [DEBUG] [org.gradle.cache.internal.DefaultFileLockManager] Waiting to acquire shared lock on daemon addresses registry.
2026-09-07T17:24:38.952+0900 [DEBUG] [org.gradle.cache.internal.DefaultFileLockManager] Lock acquired on daemon addresses registry.
2026-09-07T17:24:38.952+0900 [DEBUG] [org.gradle.cache.internal.DefaultFileLockManager] Releasing lock on daemon addresses registry.
2026-09-07T17:24:38.952+0900 [DEBUG] [org.gradle.launcher.daemon.server.Daemon] Finished periodic daemon health check.
2026-09-07T17:24:48.938+0900 [DEBUG] [org.gradle.launcher.daemon.server.Daemon] Starting periodic daemon health check.
2026-09-07T17:24:48.939+0900 [DEBUG] [org.gradle.cache.internal.DefaultFileLockManager] Waiting to acquire shared lock on daemon addresses registry.
2026-09-07T17:24:48.939+0900 [DEBUG] [org.gradle.cache.internal.DefaultFileLockManager] Lock acquired on daemon addresses registry.
2026-09-07T17:24:48.939+0900 [DEBUG] [org.gradle.cache.internal.DefaultFileLockManager] Releasing lock on daemon addresses registry.
2026-09-07T17:24:48.940+0900 [DEBUG] [org.gradle.cache.internal.DefaultFileLockManager] Waiting to acquire shared lock on daemon addresses registry.
2026-09-07T17:24:48.940+0900 [DEBUG] [org.gradle.cache.internal.DefaultFileLockManager] Lock acquired on daemon addresses registry.
2026-09-07T17:24:48.940+0900 [DEBUG] [org.gradle.cache.internal.DefaultFileLockManager] Releasing lock on daemon addresses registry.
2026-09-07T17:24:48.940+0900 [DEBUG] [org.gradle.launcher.daemon.server.Daemon] Finished periodic daemon health check.
2026-09-07T17:24:58.947+0900 [DEBUG] [org.gradle.launcher.daemon.server.Daemon] Starting periodic daemon health check.
2026-09-07T17:24:58.948+0900 [DEBUG] [org.gradle.cache.internal.DefaultFileLockManager] Waiting to acquire shared lock on daemon addresses registry.
2026-09-07T17:24:58.948+0900 [DEBUG] [org.gradle.cache.internal.DefaultFileLockManager] Lock acquired on daemon addresses registry.
2026-09-07T17:24:58.949+0900 [DEBUG] [org.gradle.cache.internal.DefaultFileLockManager] Releasing lock on daemon addresses registry.
2026-09-07T17:24:58.950+0900 [DEBUG] [org.gradle.cache.internal.DefaultFileLockManager] Waiting to acquire shared lock on daemon addresses registry.
2026-09-07T17:24:58.950+0900 [DEBUG] [org.gradle.cache.internal.DefaultFileLockManager] Lock acquired on daemon addresses registry.
2026-09-07T17:24:58.950+0900 [DEBUG] [org.gradle.cache.internal.DefaultFileLockManager] Releasing lock on daemon addresses registry.
2026-09-07T17:24:58.950+0900 [DEBUG] [org.gradle.launcher.daemon.server.Daemon] Finished periodic daemon health check.
2026-09-07T17:25:08.950+0900 [DEBUG] [org.gradle.launcher.daemon.server.Daemon] Starting periodic daemon health check.
2026-09-07T17:25:08.951+0900 [DEBUG] [org.gradle.cache.internal.DefaultFileLockManager] Waiting to acquire shared lock on daemon addresses registry.
2026-09-07T17:25:08.951+0900 [DEBUG] [org.gradle.cache.internal.DefaultFileLockManager] Lock acquired on daemon addresses registry.
2026-09-07T17:25:08.951+0900 [DEBUG] [org.gradle.cache.internal.DefaultFileLockManager] Releasing lock on daemon addresses registry.
2026-09-07T17:25:08.952+0900 [DEBUG] [org.gradle.cache.internal.DefaultFileLockManager] Waiting to acquire shared lock on daemon addresses registry.
2026-09-07T17:25:08.952+0900 [DEBUG] [org.gradle.cache.internal.DefaultFileLockManager] Lock acquired on daemon addresses registry.
2026-09-07T17:25:08.952+0900 [DEBUG] [org.gradle.cache.internal.DefaultFileLockManager] Releasing lock on daemon addresses registry.
2026-09-07T17:25:08.953+0900 [DEBUG] [org.gradle.launcher.daemon.server.Daemon] Finished periodic daemon health check.
2026-09-07T17:25:18.940+0900 [DEBUG] [org.gradle.launcher.daemon.server.Daemon] Starting periodic daemon health check.
2026-09-07T17:25:18.941+0900 [DEBUG] [org.gradle.cache.internal.DefaultFileLockManager] Waiting to acquire shared lock on daemon addresses registry.
2026-09-07T17:25:18.941+0900 [DEBUG] [org.gradle.cache.internal.DefaultFileLockManager] Lock acquired on daemon addresses registry.
2026-09-07T17:25:18.941+0900 [DEBUG] [org.gradle.cache.internal.DefaultFileLockManager] Releasing lock on daemon addresses registry.
2026-09-07T17:25:18.941+0900 [DEBUG] [org.gradle.cache.internal.DefaultFileLockManager] Waiting to acquire shared lock on daemon addresses registry.
2026-09-07T17:25:18.941+0900 [DEBUG] [org.gradle.cache.internal.DefaultFileLockManager] Lock acquired on daemon addresses registry.
2026-09-07T17:25:18.941+0900 [DEBUG] [org.gradle.cache.internal.DefaultFileLockManager] Releasing lock on daemon addresses registry.
2026-09-07T17:25:18.942+0900 [DEBUG] [org.gradle.launcher.daemon.server.Daemon] Finished periodic daemon health check.
2026-09-07T17:25:28.949+0900 [DEBUG] [org.gradle.launcher.daemon.server.Daemon] Starting periodic daemon health check.
2026-09-07T17:25:28.950+0900 [DEBUG] [org.gradle.cache.internal.DefaultFileLockManager] Waiting to acquire shared lock on daemon addresses registry.
2026-09-07T17:25:28.950+0900 [DEBUG] [org.gradle.cache.internal.DefaultFileLockManager] Lock acquired on daemon addresses registry.
2026-09-07T17:25:28.950+0900 [DEBUG] [org.gradle.cache.internal.DefaultFileLockManager] Releasing lock on daemon addresses registry.
2026-09-07T17:25:28.951+0900 [DEBUG] [org.gradle.cache.internal.DefaultFileLockManager] Waiting to acquire shared lock on daemon addresses registry.
2026-09-07T17:25:28.951+0900 [DEBUG] [org.gradle.cache.internal.DefaultFileLockManager] Lock acquired on daemon addresses registry.
2026-09-07T17:25:28.951+0900 [DEBUG] [org.gradle.cache.internal.DefaultFileLockManager] Releasing lock on daemon addresses registry.
2026-09-07T17:25:28.951+0900 [DEBUG] [org.gradle.launcher.daemon.server.Daemon] Finished periodic daemon health check.
2026-09-07T17:25:38.940+0900 [DEBUG] [org.gradle.launcher.daemon.server.Daemon] Starting periodic daemon health check.
2026-09-07T17:25:38.941+0900 [DEBUG] [org.gradle.cache.internal.DefaultFileLockManager] Waiting to acquire shared lock on daemon addresses registry.
2026-09-07T17:25:38.942+0900 [DEBUG] [org.gradle.cache.internal.DefaultFileLockManager] Lock acquired on daemon addresses registry.
2026-09-07T17:25:38.942+0900 [DEBUG] [org.gradle.cache.internal.DefaultFileLockManager] Releasing lock on daemon addresses registry.
2026-09-07T17:25:38.943+0900 [DEBUG] [org.gradle.cache.internal.DefaultFileLockManager] Waiting to acquire shared lock on daemon addresses registry.
2026-09-07T17:25:38.943+0900 [DEBUG] [org.gradle.cache.internal.DefaultFileLockManager] Lock acquired on daemon addresses registry.
2026-09-07T17:25:38.943+0900 [DEBUG] [org.gradle.cache.internal.DefaultFileLockManager] Releasing lock on daemon addresses registry.
2026-09-07T17:25:38.943+0900 [DEBUG] [org.gradle.launcher.daemon.server.Daemon] Finished periodic daemon health check.
2026-09-07T17:25:48.950+0900 [DEBUG] [org.gradle.launcher.daemon.server.Daemon] Starting periodic daemon health check.
2026-09-07T17:25:48.951+0900 [DEBUG] [org.gradle.cache.internal.DefaultFileLockManager] Waiting to acquire shared lock on daemon addresses registry.
2026-09-07T17:25:48.951+0900 [DEBUG] [org.gradle.cache.internal.DefaultFileLockManager] Lock acquired on daemon addresses registry.
2026-09-07T17:25:48.951+0900 [DEBUG] [org.gradle.cache.internal.DefaultFileLockManager] Releasing lock on daemon addresses registry.
2026-09-07T17:25:48.952+0900 [DEBUG] [org.gradle.cache.internal.DefaultFileLockManager] Waiting to acquire shared lock on daemon addresses registry.
2026-09-07T17:25:48.953+0900 [DEBUG] [org.gradle.cache.internal.DefaultFileLockManager] Lock acquired on daemon addresses registry.
2026-09-07T17:25:48.953+0900 [DEBUG] [org.gradle.cache.internal.DefaultFileLockManager] Releasing lock on daemon addresses registry.
2026-09-07T17:25:48.953+0900 [DEBUG] [org.gradle.launcher.daemon.server.Daemon] Finished periodic daemon health check.
2026-09-07T17:25:58.951+0900 [DEBUG] [org.gradle.launcher.daemon.server.Daemon] Starting periodic daemon health check.
2026-09-07T17:25:58.952+0900 [DEBUG] [org.gradle.cache.internal.DefaultFileLockManager] Waiting to acquire shared lock on daemon addresses registry.
2026-09-07T17:25:58.952+0900 [DEBUG] [org.gradle.cache.internal.DefaultFileLockManager] Lock acquired on daemon addresses registry.
2026-09-07T17:25:58.952+0900 [DEBUG] [org.gradle.cache.internal.DefaultFileLockManager] Releasing lock on daemon addresses registry.
2026-09-07T17:25:58.953+0900 [DEBUG] [org.gradle.cache.internal.DefaultFileLockManager] Waiting to acquire shared lock on daemon addresses registry.
2026-09-07T17:25:58.953+0900 [DEBUG] [org.gradle.cache.internal.DefaultFileLockManager] Lock acquired on daemon addresses registry.
2026-09-07T17:25:58.953+0900 [DEBUG] [org.gradle.cache.internal.DefaultFileLockManager] Releasing lock on daemon addresses registry.
2026-09-07T17:25:58.954+0900 [DEBUG] [org.gradle.launcher.daemon.server.Daemon] Finished periodic daemon health check.
2026-09-07T17:26:08.945+0900 [DEBUG] [org.gradle.launcher.daemon.server.Daemon] Starting periodic daemon health check.
2026-09-07T17:26:08.946+0900 [DEBUG] [org.gradle.cache.internal.DefaultFileLockManager] Waiting to acquire shared lock on daemon addresses registry.
2026-09-07T17:26:08.946+0900 [DEBUG] [org.gradle.cache.internal.DefaultFileLockManager] Lock acquired on daemon addresses registry.
2026-09-07T17:26:08.946+0900 [DEBUG] [org.gradle.cache.internal.DefaultFileLockManager] Releasing lock on daemon addresses registry.
2026-09-07T17:26:08.947+0900 [DEBUG] [org.gradle.cache.internal.DefaultFileLockManager] Waiting to acquire shared lock on daemon addresses registry.
2026-09-07T17:26:08.947+0900 [DEBUG] [org.gradle.cache.internal.DefaultFileLockManager] Lock acquired on daemon addresses registry.
2026-09-07T17:26:08.948+0900 [DEBUG] [org.gradle.cache.internal.DefaultFileLockManager] Releasing lock on daemon addresses registry.
2026-09-07T17:26:08.948+0900 [DEBUG] [org.gradle.launcher.daemon.server.Daemon] Finished periodic daemon health check.
2026-09-07T17:26:18.950+0900 [DEBUG] [org.gradle.launcher.daemon.server.Daemon] Starting periodic daemon health check.
2026-09-07T17:26:18.951+0900 [DEBUG] [org.gradle.cache.internal.DefaultFileLockManager] Waiting to acquire shared lock on daemon addresses registry.
2026-09-07T17:26:18.952+0900 [DEBUG] [org.gradle.cache.internal.DefaultFileLockManager] Lock acquired on daemon addresses registry.
2026-09-07T17:26:18.952+0900 [DEBUG] [org.gradle.cache.internal.DefaultFileLockManager] Releasing lock on daemon addresses registry.
2026-09-07T17:26:18.953+0900 [DEBUG] [org.gradle.cache.internal.DefaultFileLockManager] Waiting to acquire shared lock on daemon addresses registry.
2026-09-07T17:26:18.953+0900 [DEBUG] [org.gradle.cache.internal.DefaultFileLockManager] Lock acquired on daemon addresses registry.
2026-09-07T17:26:18.953+0900 [DEBUG] [org.gradle.cache.internal.DefaultFileLockManager] Releasing lock on daemon addresses registry.
2026-09-07T17:26:18.954+0900 [DEBUG] [org.gradle.launcher.daemon.server.Daemon] Finished periodic daemon health check.
2026-09-07T17:26:28.949+0900 [DEBUG] [org.gradle.launcher.daemon.server.Daemon] Starting periodic daemon health check.
2026-09-07T17:26:28.950+0900 [DEBUG] [org.gradle.cache.internal.DefaultFileLockManager] Waiting to acquire shared lock on daemon addresses registry.
2026-09-07T17:26:28.950+0900 [DEBUG] [org.gradle.cache.internal.DefaultFileLockManager] Lock acquired on daemon addresses registry.
2026-09-07T17:26:28.951+0900 [DEBUG] [org.gradle.cache.internal.DefaultFileLockManager] Releasing lock on daemon addresses registry.
2026-09-07T17:26:28.952+0900 [DEBUG] [org.gradle.cache.internal.DefaultFileLockManager] Waiting to acquire shared lock on daemon addresses registry.
2026-09-07T17:26:28.952+0900 [DEBUG] [org.gradle.cache.internal.DefaultFileLockManager] Lock acquired on daemon addresses registry.
2026-09-07T17:26:28.952+0900 [DEBUG] [org.gradle.cache.internal.DefaultFileLockManager] Releasing lock on daemon addresses registry.
2026-09-07T17:26:28.952+0900 [DEBUG] [org.gradle.launcher.daemon.server.Daemon] Finished periodic daemon health check.
2026-09-07T17:26:38.942+0900 [DEBUG] [org.gradle.launcher.daemon.server.Daemon] Starting periodic daemon health check.
2026-09-07T17:26:38.943+0900 [DEBUG] [org.gradle.cache.internal.DefaultFileLockManager] Waiting to acquire shared lock on daemon addresses registry.
2026-09-07T17:26:38.943+0900 [DEBUG] [org.gradle.cache.internal.DefaultFileLockManager] Lock acquired on daemon addresses registry.
2026-09-07T17:26:38.943+0900 [DEBUG] [org.gradle.cache.internal.DefaultFileLockManager] Releasing lock on daemon addresses registry.
2026-09-07T17:26:38.944+0900 [DEBUG] [org.gradle.cache.internal.DefaultFileLockManager] Waiting to acquire shared lock on daemon addresses registry.
2026-09-07T17:26:38.945+0900 [DEBUG] [org.gradle.cache.internal.DefaultFileLockManager] Lock acquired on daemon addresses registry.
2026-09-07T17:26:38.945+0900 [DEBUG] [org.gradle.cache.internal.DefaultFileLockManager] Releasing lock on daemon addresses registry.
2026-09-07T17:26:38.945+0900 [DEBUG] [org.gradle.launcher.daemon.server.Daemon] Finished periodic daemon health check.
2026-09-07T17:26:48.947+0900 [DEBUG] [org.gradle.launcher.daemon.server.Daemon] Starting periodic daemon health check.
2026-09-07T17:26:48.948+0900 [DEBUG] [org.gradle.cache.internal.DefaultFileLockManager] Waiting to acquire shared lock on daemon addresses registry.
2026-09-07T17:26:48.949+0900 [DEBUG] [org.gradle.cache.internal.DefaultFileLockManager] Lock acquired on daemon addresses registry.
2026-09-07T17:26:48.949+0900 [DEBUG] [org.gradle.cache.internal.DefaultFileLockManager] Releasing lock on daemon addresses registry.
2026-09-07T17:26:48.950+0900 [DEBUG] [org.gradle.cache.internal.DefaultFileLockManager] Waiting to acquire shared lock on daemon addresses registry.
2026-09-07T17:26:48.950+0900 [DEBUG] [org.gradle.cache.internal.DefaultFileLockManager] Lock acquired on daemon addresses registry.
2026-09-07T17:26:48.951+0900 [DEBUG] [org.gradle.cache.internal.DefaultFileLockManager] Releasing lock on daemon addresses registry.
2026-09-07T17:26:48.951+0900 [DEBUG] [org.gradle.launcher.daemon.server.Daemon] Finished periodic daemon health check.
2026-09-07T17:26:58.936+0900 [DEBUG] [org.gradle.launcher.daemon.server.Daemon] Starting periodic daemon health check.
2026-09-07T17:26:58.937+0900 [DEBUG] [org.gradle.cache.internal.DefaultFileLockManager] Waiting to acquire shared lock on daemon addresses registry.
2026-09-07T17:26:58.937+0900 [DEBUG] [org.gradle.cache.internal.DefaultFileLockManager] Lock acquired on daemon addresses registry.
2026-09-07T17:26:58.938+0900 [DEBUG] [org.gradle.cache.internal.DefaultFileLockManager] Releasing lock on daemon addresses registry.
2026-09-07T17:26:58.938+0900 [DEBUG] [org.gradle.cache.internal.DefaultFileLockManager] Waiting to acquire shared lock on daemon addresses registry.
2026-09-07T17:26:58.938+0900 [DEBUG] [org.gradle.cache.internal.DefaultFileLockManager] Lock acquired on daemon addresses registry.
2026-09-07T17:26:58.939+0900 [DEBUG] [org.gradle.cache.internal.DefaultFileLockManager] Releasing lock on daemon addresses registry.
2026-09-07T17:26:58.939+0900 [DEBUG] [org.gradle.launcher.daemon.server.Daemon] Finished periodic daemon health check.
2026-09-07T17:27:08.941+0900 [DEBUG] [org.gradle.launcher.daemon.server.Daemon] Starting periodic daemon health check.
2026-09-07T17:27:08.942+0900 [DEBUG] [org.gradle.cache.internal.DefaultFileLockManager] Waiting to acquire shared lock on daemon addresses registry.
2026-09-07T17:27:08.942+0900 [DEBUG] [org.gradle.cache.internal.DefaultFileLockManager] Lock acquired on daemon addresses registry.
2026-09-07T17:27:08.942+0900 [DEBUG] [org.gradle.cache.internal.DefaultFileLockManager] Releasing lock on daemon addresses registry.
2026-09-07T17:27:08.943+0900 [DEBUG] [org.gradle.cache.internal.DefaultFileLockManager] Waiting to acquire shared lock on daemon addresses registry.
2026-09-07T17:27:08.943+0900 [DEBUG] [org.gradle.cache.internal.DefaultFileLockManager] Lock acquired on daemon addresses registry.
2026-09-07T17:27:08.944+0900 [DEBUG] [org.gradle.cache.internal.DefaultFileLockManager] Releasing lock on daemon addresses registry.
2026-09-07T17:27:08.944+0900 [DEBUG] [org.gradle.launcher.daemon.server.Daemon] Finished periodic daemon health check.
2026-09-07T17:27:18.950+0900 [DEBUG] [org.gradle.launcher.daemon.server.Daemon] Starting periodic daemon health check.
2026-09-07T17:27:18.951+0900 [DEBUG] [org.gradle.cache.internal.DefaultFileLockManager] Waiting to acquire shared lock on daemon addresses registry.
2026-09-07T17:27:18.952+0900 [DEBUG] [org.gradle.cache.internal.DefaultFileLockManager] Lock acquired on daemon addresses registry.
2026-09-07T17:27:18.952+0900 [DEBUG] [org.gradle.cache.internal.DefaultFileLockManager] Releasing lock on daemon addresses registry.
2026-09-07T17:27:18.953+0900 [DEBUG] [org.gradle.cache.internal.DefaultFileLockManager] Waiting to acquire shared lock on daemon addresses registry.
2026-09-07T17:27:18.953+0900 [DEBUG] [org.gradle.cache.internal.DefaultFileLockManager] Lock acquired on daemon addresses registry.
2026-09-07T17:27:18.953+0900 [DEBUG] [org.gradle.cache.internal.DefaultFileLockManager] Releasing lock on daemon addresses registry.
2026-09-07T17:27:18.953+0900 [DEBUG] [org.gradle.launcher.daemon.server.Daemon] Finished periodic daemon health check.
2026-09-07T17:27:28.946+0900 [DEBUG] [org.gradle.launcher.daemon.server.Daemon] Starting periodic daemon health check.
2026-09-07T17:27:28.947+0900 [DEBUG] [org.gradle.cache.internal.DefaultFileLockManager] Waiting to acquire shared lock on daemon addresses registry.
2026-09-07T17:27:28.947+0900 [DEBUG] [org.gradle.cache.internal.DefaultFileLockManager] Lock acquired on daemon addresses registry.
2026-09-07T17:27:28.948+0900 [DEBUG] [org.gradle.cache.internal.DefaultFileLockManager] Releasing lock on daemon addresses registry.
2026-09-07T17:27:28.949+0900 [DEBUG] [org.gradle.cache.internal.DefaultFileLockManager] Waiting to acquire shared lock on daemon addresses registry.
2026-09-07T17:27:28.949+0900 [DEBUG] [org.gradle.cache.internal.DefaultFileLockManager] Lock acquired on daemon addresses registry.
2026-09-07T17:27:28.949+0900 [DEBUG] [org.gradle.cache.internal.DefaultFileLockManager] Releasing lock on daemon addresses registry.
2026-09-07T17:27:28.949+0900 [DEBUG] [org.gradle.launcher.daemon.server.Daemon] Finished periodic daemon health check.
2026-09-07T17:27:38.948+0900 [DEBUG] [org.gradle.launcher.daemon.server.Daemon] Starting periodic daemon health check.
2026-09-07T17:27:38.949+0900 [DEBUG] [org.gradle.cache.internal.DefaultFileLockManager] Waiting to acquire shared lock on daemon addresses registry.
2026-09-07T17:27:38.949+0900 [DEBUG] [org.gradle.cache.internal.DefaultFileLockManager] Lock acquired on daemon addresses registry.
2026-09-07T17:27:38.949+0900 [DEBUG] [org.gradle.cache.internal.DefaultFileLockManager] Releasing lock on daemon addresses registry.
2026-09-07T17:27:38.950+0900 [DEBUG] [org.gradle.cache.internal.DefaultFileLockManager] Waiting to acquire shared lock on daemon addresses registry.
2026-09-07T17:27:38.950+0900 [DEBUG] [org.gradle.cache.internal.DefaultFileLockManager] Lock acquired on daemon addresses registry.
2026-09-07T17:27:38.950+0900 [DEBUG] [org.gradle.cache.internal.DefaultFileLockManager] Releasing lock on daemon addresses registry.
2026-09-07T17:27:38.951+0900 [DEBUG] [org.gradle.launcher.daemon.server.Daemon] Finished periodic daemon health check.
2026-09-07T17:27:48.939+0900 [DEBUG] [org.gradle.launcher.daemon.server.Daemon] Starting periodic daemon health check.
2026-09-07T17:27:48.940+0900 [DEBUG] [org.gradle.cache.internal.DefaultFileLockManager] Waiting to acquire shared lock on daemon addresses registry.
2026-09-07T17:27:48.940+0900 [DEBUG] [org.gradle.cache.internal.DefaultFileLockManager] Lock acquired on daemon addresses registry.
2026-09-07T17:27:48.940+0900 [DEBUG] [org.gradle.cache.internal.DefaultFileLockManager] Releasing lock on daemon addresses registry.
2026-09-07T17:27:48.941+0900 [DEBUG] [org.gradle.cache.internal.DefaultFileLockManager] Waiting to acquire shared lock on daemon addresses registry.
2026-09-07T17:27:48.942+0900 [DEBUG] [org.gradle.cache.internal.DefaultFileLockManager] Lock acquired on daemon addresses registry.
2026-09-07T17:27:48.942+0900 [DEBUG] [org.gradle.cache.internal.DefaultFileLockManager] Releasing lock on daemon addresses registry.
2026-09-07T17:27:48.942+0900 [DEBUG] [org.gradle.launcher.daemon.server.Daemon] Finished periodic daemon health check.
2026-09-07T17:27:58.943+0900 [DEBUG] [org.gradle.launcher.daemon.server.Daemon] Starting periodic daemon health check.
2026-09-07T17:27:58.944+0900 [DEBUG] [org.gradle.cache.internal.DefaultFileLockManager] Waiting to acquire shared lock on daemon addresses registry.
2026-09-07T17:27:58.944+0900 [DEBUG] [org.gradle.cache.internal.DefaultFileLockManager] Lock acquired on daemon addresses registry.
2026-09-07T17:27:58.944+0900 [DEBUG] [org.gradle.cache.internal.DefaultFileLockManager] Releasing lock on daemon addresses registry.
2026-09-07T17:27:58.945+0900 [DEBUG] [org.gradle.cache.internal.DefaultFileLockManager] Waiting to acquire shared lock on daemon addresses registry.
2026-09-07T17:27:58.946+0900 [DEBUG] [org.gradle.cache.internal.DefaultFileLockManager] Lock acquired on daemon addresses registry.
2026-09-07T17:27:58.946+0900 [DEBUG] [org.gradle.cache.internal.DefaultFileLockManager] Releasing lock on daemon addresses registry.
2026-09-07T17:27:58.946+0900 [DEBUG] [org.gradle.launcher.daemon.server.Daemon] Finished periodic daemon health check.
2026-09-07T17:28:08.946+0900 [DEBUG] [org.gradle.launcher.daemon.server.Daemon] Starting periodic daemon health check.
2026-09-07T17:28:08.947+0900 [DEBUG] [org.gradle.cache.internal.DefaultFileLockManager] Waiting to acquire shared lock on daemon addresses registry.
2026-09-07T17:28:08.947+0900 [DEBUG] [org.gradle.cache.internal.DefaultFileLockManager] Lock acquired on daemon addresses registry.
2026-09-07T17:28:08.948+0900 [DEBUG] [org.gradle.cache.internal.DefaultFileLockManager] Releasing lock on daemon addresses registry.
2026-09-07T17:28:08.949+0900 [DEBUG] [org.gradle.cache.internal.DefaultFileLockManager] Waiting to acquire shared lock on daemon addresses registry.
2026-09-07T17:28:08.949+0900 [DEBUG] [org.gradle.cache.internal.DefaultFileLockManager] Lock acquired on daemon addresses registry.
2026-09-07T17:28:08.949+0900 [DEBUG] [org.gradle.cache.internal.DefaultFileLockManager] Releasing lock on daemon addresses registry.
2026-09-07T17:28:08.949+0900 [DEBUG] [org.gradle.launcher.daemon.server.Daemon] Finished periodic daemon health check.
2026-09-07T17:28:18.944+0900 [DEBUG] [org.gradle.launcher.daemon.server.Daemon] Starting periodic daemon health check.
2026-09-07T17:28:18.945+0900 [DEBUG] [org.gradle.cache.internal.DefaultFileLockManager] Waiting to acquire shared lock on daemon addresses registry.
2026-09-07T17:28:18.945+0900 [DEBUG] [org.gradle.cache.internal.DefaultFileLockManager] Lock acquired on daemon addresses registry.
2026-09-07T17:28:18.946+0900 [DEBUG] [org.gradle.cache.internal.DefaultFileLockManager] Releasing lock on daemon addresses registry.
2026-09-07T17:28:18.947+0900 [DEBUG] [org.gradle.cache.internal.DefaultFileLockManager] Waiting to acquire shared lock on daemon addresses registry.
2026-09-07T17:28:18.947+0900 [DEBUG] [org.gradle.cache.internal.DefaultFileLockManager] Lock acquired on daemon addresses registry.
2026-09-07T17:28:18.947+0900 [DEBUG] [org.gradle.cache.internal.DefaultFileLockManager] Releasing lock on daemon addresses registry.
2026-09-07T17:28:18.947+0900 [DEBUG] [org.gradle.launcher.daemon.server.Daemon] Finished periodic daemon health check.
2026-09-07T17:28:28.948+0900 [DEBUG] [org.gradle.launcher.daemon.server.Daemon] Starting periodic daemon health check.
2026-09-07T17:28:28.950+0900 [DEBUG] [org.gradle.cache.internal.DefaultFileLockManager] Waiting to acquire shared lock on daemon addresses registry.
2026-09-07T17:28:28.950+0900 [DEBUG] [org.gradle.cache.internal.DefaultFileLockManager] Lock acquired on daemon addresses registry.
2026-09-07T17:28:28.950+0900 [DEBUG] [org.gradle.cache.internal.DefaultFileLockManager] Releasing lock on daemon addresses registry.
2026-09-07T17:28:28.951+0900 [DEBUG] [org.gradle.cache.internal.DefaultFileLockManager] Waiting to acquire shared lock on daemon addresses registry.
2026-09-07T17:28:28.951+0900 [DEBUG] [org.gradle.cache.internal.DefaultFileLockManager] Lock acquired on daemon addresses registry.
2026-09-07T17:28:28.951+0900 [DEBUG] [org.gradle.cache.internal.DefaultFileLockManager] Releasing lock on daemon addresses registry.
2026-09-07T17:28:28.952+0900 [DEBUG] [org.gradle.launcher.daemon.server.Daemon] Finished periodic daemon health check.
2026-09-07T17:28:38.939+0900 [DEBUG] [org.gradle.launcher.daemon.server.Daemon] Starting periodic daemon health check.
2026-09-07T17:28:38.940+0900 [DEBUG] [org.gradle.cache.internal.DefaultFileLockManager] Waiting to acquire shared lock on daemon addresses registry.
2026-09-07T17:28:38.941+0900 [DEBUG] [org.gradle.cache.internal.DefaultFileLockManager] Lock acquired on daemon addresses registry.
2026-09-07T17:28:38.941+0900 [DEBUG] [org.gradle.cache.internal.DefaultFileLockManager] Releasing lock on daemon addresses registry.
2026-09-07T17:28:38.942+0900 [DEBUG] [org.gradle.cache.internal.DefaultFileLockManager] Waiting to acquire shared lock on daemon addresses registry.
2026-09-07T17:28:38.942+0900 [DEBUG] [org.gradle.cache.internal.DefaultFileLockManager] Lock acquired on daemon addresses registry.
2026-09-07T17:28:38.942+0900 [DEBUG] [org.gradle.cache.internal.DefaultFileLockManager] Releasing lock on daemon addresses registry.
2026-09-07T17:28:38.942+0900 [DEBUG] [org.gradle.launcher.daemon.server.Daemon] Finished periodic daemon health check.
2026-09-07T17:28:48.938+0900 [DEBUG] [org.gradle.launcher.daemon.server.Daemon] Starting periodic daemon health check.
2026-09-07T17:28:48.939+0900 [DEBUG] [org.gradle.cache.internal.DefaultFileLockManager] Waiting to acquire shared lock on daemon addresses registry.
2026-09-07T17:28:48.939+0900 [DEBUG] [org.gradle.cache.internal.DefaultFileLockManager] Lock acquired on daemon addresses registry.
2026-09-07T17:28:48.940+0900 [DEBUG] [org.gradle.cache.internal.DefaultFileLockManager] Releasing lock on daemon addresses registry.
2026-09-07T17:28:48.941+0900 [DEBUG] [org.gradle.cache.internal.DefaultFileLockManager] Waiting to acquire shared lock on daemon addresses registry.
2026-09-07T17:28:48.941+0900 [DEBUG] [org.gradle.cache.internal.DefaultFileLockManager] Lock acquired on daemon addresses registry.
2026-09-07T17:28:48.941+0900 [DEBUG] [org.gradle.cache.internal.DefaultFileLockManager] Releasing lock on daemon addresses registry.
2026-09-07T17:28:48.941+0900 [DEBUG] [org.gradle.launcher.daemon.server.Daemon] Finished periodic daemon health check.
2026-09-07T17:28:58.950+0900 [DEBUG] [org.gradle.launcher.daemon.server.Daemon] Starting periodic daemon health check.
2026-09-07T17:28:58.951+0900 [DEBUG] [org.gradle.cache.internal.DefaultFileLockManager] Waiting to acquire shared lock on daemon addresses registry.
2026-09-07T17:28:58.951+0900 [DEBUG] [org.gradle.cache.internal.DefaultFileLockManager] Lock acquired on daemon addresses registry.
2026-09-07T17:28:58.952+0900 [DEBUG] [org.gradle.cache.internal.DefaultFileLockManager] Releasing lock on daemon addresses registry.
2026-09-07T17:28:58.953+0900 [DEBUG] [org.gradle.cache.internal.DefaultFileLockManager] Waiting to acquire shared lock on daemon addresses registry.
2026-09-07T17:28:58.953+0900 [DEBUG] [org.gradle.cache.internal.DefaultFileLockManager] Lock acquired on daemon addresses registry.
2026-09-07T17:28:58.953+0900 [DEBUG] [org.gradle.cache.internal.DefaultFileLockManager] Releasing lock on daemon addresses registry.
2026-09-07T17:28:58.953+0900 [DEBUG] [org.gradle.launcher.daemon.server.Daemon] Finished periodic daemon health check.
2026-09-07T17:29:08.941+0900 [DEBUG] [org.gradle.launcher.daemon.server.Daemon] Starting periodic daemon health check.
2026-09-07T17:29:08.942+0900 [DEBUG] [org.gradle.cache.internal.DefaultFileLockManager] Waiting to acquire shared lock on daemon addresses registry.
2026-09-07T17:29:08.943+0900 [DEBUG] [org.gradle.cache.internal.DefaultFileLockManager] Lock acquired on daemon addresses registry.
2026-09-07T17:29:08.943+0900 [DEBUG] [org.gradle.cache.internal.DefaultFileLockManager] Releasing lock on daemon addresses registry.
2026-09-07T17:29:08.944+0900 [DEBUG] [org.gradle.cache.internal.DefaultFileLockManager] Waiting to acquire shared lock on daemon addresses registry.
2026-09-07T17:29:08.944+0900 [DEBUG] [org.gradle.cache.internal.DefaultFileLockManager] Lock acquired on daemon addresses registry.
2026-09-07T17:29:08.944+0900 [DEBUG] [org.gradle.cache.internal.DefaultFileLockManager] Releasing lock on daemon addresses registry.
2026-09-07T17:29:08.944+0900 [DEBUG] [org.gradle.launcher.daemon.server.Daemon] Finished periodic daemon health check.
2026-09-07T17:29:18.949+0900 [DEBUG] [org.gradle.launcher.daemon.server.Daemon] Starting periodic daemon health check.
2026-09-07T17:29:18.950+0900 [DEBUG] [org.gradle.cache.internal.DefaultFileLockManager] Waiting to acquire shared lock on daemon addresses registry.
2026-09-07T17:29:18.950+0900 [DEBUG] [org.gradle.cache.internal.DefaultFileLockManager] Lock acquired on daemon addresses registry.
2026-09-07T17:29:18.950+0900 [DEBUG] [org.gradle.cache.internal.DefaultFileLockManager] Releasing lock on daemon addresses registry.
2026-09-07T17:29:18.952+0900 [DEBUG] [org.gradle.cache.internal.DefaultFileLockManager] Waiting to acquire shared lock on daemon addresses registry.
2026-09-07T17:29:18.952+0900 [DEBUG] [org.gradle.cache.internal.DefaultFileLockManager] Lock acquired on daemon addresses registry.
2026-09-07T17:29:18.952+0900 [DEBUG] [org.gradle.cache.internal.DefaultFileLockManager] Releasing lock on daemon addresses registry.
2026-09-07T17:29:18.952+0900 [DEBUG] [org.gradle.launcher.daemon.server.Daemon] Finished periodic daemon health check.
2026-09-07T17:29:28.936+0900 [DEBUG] [org.gradle.launcher.daemon.server.Daemon] Starting periodic daemon health check.
2026-09-07T17:29:28.937+0900 [DEBUG] [org.gradle.cache.internal.DefaultFileLockManager] Waiting to acquire shared lock on daemon addresses registry.
2026-09-07T17:29:28.938+0900 [DEBUG] [org.gradle.cache.internal.DefaultFileLockManager] Lock acquired on daemon addresses registry.
2026-09-07T17:29:28.938+0900 [DEBUG] [org.gradle.cache.internal.DefaultFileLockManager] Releasing lock on daemon addresses registry.
2026-09-07T17:29:28.939+0900 [DEBUG] [org.gradle.cache.internal.DefaultFileLockManager] Waiting to acquire shared lock on daemon addresses registry.
2026-09-07T17:29:28.939+0900 [DEBUG] [org.gradle.cache.internal.DefaultFileLockManager] Lock acquired on daemon addresses registry.
2026-09-07T17:29:28.939+0900 [DEBUG] [org.gradle.cache.internal.DefaultFileLockManager] Releasing lock on daemon addresses registry.
2026-09-07T17:29:28.939+0900 [DEBUG] [org.gradle.launcher.daemon.server.Daemon] Finished periodic daemon health check.
2026-09-07T17:29:38.947+0900 [DEBUG] [org.gradle.launcher.daemon.server.Daemon] Starting periodic daemon health check.
2026-09-07T17:29:38.948+0900 [DEBUG] [org.gradle.cache.internal.DefaultFileLockManager] Waiting to acquire shared lock on daemon addresses registry.
2026-09-07T17:29:38.949+0900 [DEBUG] [org.gradle.cache.internal.DefaultFileLockManager] Lock acquired on daemon addresses registry.
2026-09-07T17:29:38.949+0900 [DEBUG] [org.gradle.cache.internal.DefaultFileLockManager] Releasing lock on daemon addresses registry.
2026-09-07T17:29:38.950+0900 [DEBUG] [org.gradle.cache.internal.DefaultFileLockManager] Waiting to acquire shared lock on daemon addresses registry.
2026-09-07T17:29:38.950+0900 [DEBUG] [org.gradle.cache.internal.DefaultFileLockManager] Lock acquired on daemon addresses registry.
2026-09-07T17:29:38.951+0900 [DEBUG] [org.gradle.cache.internal.DefaultFileLockManager] Releasing lock on daemon addresses registry.
2026-09-07T17:29:38.951+0900 [DEBUG] [org.gradle.launcher.daemon.server.Daemon] Finished periodic daemon health check.
2026-09-07T17:29:48.948+0900 [DEBUG] [org.gradle.launcher.daemon.server.Daemon] Starting periodic daemon health check.
2026-09-07T17:29:48.949+0900 [DEBUG] [org.gradle.cache.internal.DefaultFileLockManager] Waiting to acquire shared lock on daemon addresses registry.
2026-09-07T17:29:48.949+0900 [DEBUG] [org.gradle.cache.internal.DefaultFileLockManager] Lock acquired on daemon addresses registry.
2026-09-07T17:29:48.949+0900 [DEBUG] [org.gradle.cache.internal.DefaultFileLockManager] Releasing lock on daemon addresses registry.
2026-09-07T17:29:48.951+0900 [DEBUG] [org.gradle.cache.internal.DefaultFileLockManager] Waiting to acquire shared lock on daemon addresses registry.
2026-09-07T17:29:48.951+0900 [DEBUG] [org.gradle.cache.internal.DefaultFileLockManager] Lock acquired on daemon addresses registry.
2026-09-07T17:29:48.951+0900 [DEBUG] [org.gradle.cache.internal.DefaultFileLockManager] Releasing lock on daemon addresses registry.
2026-09-07T17:29:48.951+0900 [DEBUG] [org.gradle.launcher.daemon.server.Daemon] Finished periodic daemon health check.
2026-09-07T17:29:58.940+0900 [DEBUG] [org.gradle.launcher.daemon.server.Daemon] Starting periodic daemon health check.
2026-09-07T17:29:58.941+0900 [DEBUG] [org.gradle.cache.internal.DefaultFileLockManager] Waiting to acquire shared lock on daemon addresses registry.
2026-09-07T17:29:58.941+0900 [DEBUG] [org.gradle.cache.internal.DefaultFileLockManager] Lock acquired on daemon addresses registry.
2026-09-07T17:29:58.941+0900 [DEBUG] [org.gradle.cache.internal.DefaultFileLockManager] Releasing lock on daemon addresses registry.
2026-09-07T17:29:58.942+0900 [DEBUG] [org.gradle.cache.internal.DefaultFileLockManager] Waiting to acquire shared lock on daemon addresses registry.
2026-09-07T17:29:58.942+0900 [DEBUG] [org.gradle.cache.internal.DefaultFileLockManager] Lock acquired on daemon addresses registry.
2026-09-07T17:29:58.942+0900 [DEBUG] [org.gradle.cache.internal.DefaultFileLockManager] Releasing lock on daemon addresses registry.
2026-09-07T17:29:58.942+0900 [DEBUG] [org.gradle.launcher.daemon.server.Daemon] Finished periodic daemon health check.
2026-09-07T17:30:08.936+0900 [DEBUG] [org.gradle.launcher.daemon.server.Daemon] Starting periodic daemon health check.
2026-09-07T17:30:08.937+0900 [DEBUG] [org.gradle.cache.internal.DefaultFileLockManager] Waiting to acquire shared lock on daemon addresses registry.
2026-09-07T17:30:08.938+0900 [DEBUG] [org.gradle.cache.internal.DefaultFileLockManager] Lock acquired on daemon addresses registry.
2026-09-07T17:30:08.938+0900 [DEBUG] [org.gradle.cache.internal.DefaultFileLockManager] Releasing lock on daemon addresses registry.
2026-09-07T17:30:08.939+0900 [DEBUG] [org.gradle.cache.internal.DefaultFileLockManager] Waiting to acquire shared lock on daemon addresses registry.
2026-09-07T17:30:08.939+0900 [DEBUG] [org.gradle.cache.internal.DefaultFileLockManager] Lock acquired on daemon addresses registry.
2026-09-07T17:30:08.939+0900 [DEBUG] [org.gradle.cache.internal.DefaultFileLockManager] Releasing lock on daemon addresses registry.
2026-09-07T17:30:08.939+0900 [DEBUG] [org.gradle.launcher.daemon.server.Daemon] Finished periodic daemon health check.
2026-09-07T17:30:18.938+0900 [DEBUG] [org.gradle.launcher.daemon.server.Daemon] Starting periodic daemon health check.
2026-09-07T17:30:18.939+0900 [DEBUG] [org.gradle.cache.internal.DefaultFileLockManager] Waiting to acquire shared lock on daemon addresses registry.
2026-09-07T17:30:18.939+0900 [DEBUG] [org.gradle.cache.internal.DefaultFileLockManager] Lock acquired on daemon addresses registry.
2026-09-07T17:30:18.939+0900 [DEBUG] [org.gradle.cache.internal.DefaultFileLockManager] Releasing lock on daemon addresses registry.
2026-09-07T17:30:18.940+0900 [DEBUG] [org.gradle.cache.internal.DefaultFileLockManager] Waiting to acquire shared lock on daemon addresses registry.
2026-09-07T17:30:18.940+0900 [DEBUG] [org.gradle.cache.internal.DefaultFileLockManager] Lock acquired on daemon addresses registry.
2026-09-07T17:30:18.940+0900 [DEBUG] [org.gradle.cache.internal.DefaultFileLockManager] Releasing lock on daemon addresses registry.
2026-09-07T17:30:18.940+0900 [DEBUG] [org.gradle.launcher.daemon.server.Daemon] Finished periodic daemon health check.
2026-09-07T17:30:28.947+0900 [DEBUG] [org.gradle.launcher.daemon.server.Daemon] Starting periodic daemon health check.
2026-09-07T17:30:28.947+0900 [DEBUG] [org.gradle.cache.internal.DefaultFileLockManager] Waiting to acquire shared lock on daemon addresses registry.
2026-09-07T17:30:28.948+0900 [DEBUG] [org.gradle.cache.internal.DefaultFileLockManager] Lock acquired on daemon addresses registry.
2026-09-07T17:30:28.948+0900 [DEBUG] [org.gradle.cache.internal.DefaultFileLockManager] Releasing lock on daemon addresses registry.
2026-09-07T17:30:28.948+0900 [DEBUG] [org.gradle.cache.internal.DefaultFileLockManager] Waiting to acquire shared lock on daemon addresses registry.
2026-09-07T17:30:28.948+0900 [DEBUG] [org.gradle.cache.internal.DefaultFileLockManager] Lock acquired on daemon addresses registry.
2026-09-07T17:30:28.948+0900 [DEBUG] [org.gradle.cache.internal.DefaultFileLockManager] Releasing lock on daemon addresses registry.
2026-09-07T17:30:28.948+0900 [DEBUG] [org.gradle.launcher.daemon.server.Daemon] Finished periodic daemon health check.
2026-09-07T17:30:36.378+0900 [DEBUG] [org.gradle.internal.watch.vfs.impl.WatchingVirtualFileSystem] Handling VFS change MODIFIED C:\Users\SSAFY\Desktop\스터디\travel\src\main\resources\static\Routy\css\style.css
2026-09-07T17:30:38.950+0900 [DEBUG] [org.gradle.launcher.daemon.server.Daemon] Starting periodic daemon health check.
2026-09-07T17:30:38.951+0900 [DEBUG] [org.gradle.cache.internal.DefaultFileLockManager] Waiting to acquire shared lock on daemon addresses registry.
2026-09-07T17:30:38.951+0900 [DEBUG] [org.gradle.cache.internal.DefaultFileLockManager] Lock acquired on daemon addresses registry.
2026-09-07T17:30:38.951+0900 [DEBUG] [org.gradle.cache.internal.DefaultFileLockManager] Releasing lock on daemon addresses registry.
2026-09-07T17:30:38.952+0900 [DEBUG] [org.gradle.cache.internal.DefaultFileLockManager] Waiting to acquire shared lock on daemon addresses registry.
2026-09-07T17:30:38.952+0900 [DEBUG] [org.gradle.cache.internal.DefaultFileLockManager] Lock acquired on daemon addresses registry.
2026-09-07T17:30:38.953+0900 [DEBUG] [org.gradle.cache.internal.DefaultFileLockManager] Releasing lock on daemon addresses registry.
2026-09-07T17:30:38.953+0900 [DEBUG] [org.gradle.launcher.daemon.server.Daemon] Finished periodic daemon health check.
2026-09-07T17:30:48.949+0900 [DEBUG] [org.gradle.launcher.daemon.server.Daemon] Starting periodic daemon health check.
2026-09-07T17:30:48.950+0900 [DEBUG] [org.gradle.cache.internal.DefaultFileLockManager] Waiting to acquire shared lock on daemon addresses registry.
2026-09-07T17:30:48.950+0900 [DEBUG] [org.gradle.cache.internal.DefaultFileLockManager] Lock acquired on daemon addresses registry.
2026-09-07T17:30:48.950+0900 [DEBUG] [org.gradle.cache.internal.DefaultFileLockManager] Releasing lock on daemon addresses registry.
2026-09-07T17:30:48.951+0900 [DEBUG] [org.gradle.cache.internal.DefaultFileLockManager] Waiting to acquire shared lock on daemon addresses registry.
2026-09-07T17:30:48.952+0900 [DEBUG] [org.gradle.cache.internal.DefaultFileLockManager] Lock acquired on daemon addresses registry.
2026-09-07T17:30:48.952+0900 [DEBUG] [org.gradle.cache.internal.DefaultFileLockManager] Releasing lock on daemon addresses registry.
2026-09-07T17:30:48.952+0900 [DEBUG] [org.gradle.launcher.daemon.server.Daemon] Finished periodic daemon health check.
2026-09-07T17:30:58.936+0900 [DEBUG] [org.gradle.launcher.daemon.server.Daemon] Starting periodic daemon health check.
2026-09-07T17:30:58.937+0900 [DEBUG] [org.gradle.cache.internal.DefaultFileLockManager] Waiting to acquire shared lock on daemon addresses registry.
2026-09-07T17:30:58.937+0900 [DEBUG] [org.gradle.cache.internal.DefaultFileLockManager] Lock acquired on daemon addresses registry.
2026-09-07T17:30:58.937+0900 [DEBUG] [org.gradle.cache.internal.DefaultFileLockManager] Releasing lock on daemon addresses registry.
2026-09-07T17:30:58.938+0900 [DEBUG] [org.gradle.cache.internal.DefaultFileLockManager] Waiting to acquire shared lock on daemon addresses registry.
2026-09-07T17:30:58.938+0900 [DEBUG] [org.gradle.cache.internal.DefaultFileLockManager] Lock acquired on daemon addresses registry.
2026-09-07T17:30:58.938+0900 [DEBUG] [org.gradle.cache.internal.DefaultFileLockManager] Releasing lock on daemon addresses registry.
2026-09-07T17:30:58.938+0900 [DEBUG] [org.gradle.launcher.daemon.server.Daemon] Finished periodic daemon health check.
2026-09-07T17:31:08.950+0900 [DEBUG] [org.gradle.launcher.daemon.server.Daemon] Starting periodic daemon health check.
2026-09-07T17:31:08.951+0900 [DEBUG] [org.gradle.cache.internal.DefaultFileLockManager] Waiting to acquire shared lock on daemon addresses registry.
2026-09-07T17:31:08.951+0900 [DEBUG] [org.gradle.cache.internal.DefaultFileLockManager] Lock acquired on daemon addresses registry.
2026-09-07T17:31:08.952+0900 [DEBUG] [org.gradle.cache.internal.DefaultFileLockManager] Releasing lock on daemon addresses registry.
2026-09-07T17:31:08.953+0900 [DEBUG] [org.gradle.cache.internal.DefaultFileLockManager] Waiting to acquire shared lock on daemon addresses registry.
2026-09-07T17:31:08.953+0900 [DEBUG] [org.gradle.cache.internal.DefaultFileLockManager] Lock acquired on daemon addresses registry.
2026-09-07T17:31:08.953+0900 [DEBUG] [org.gradle.cache.internal.DefaultFileLockManager] Releasing lock on daemon addresses registry.
2026-09-07T17:31:08.953+0900 [DEBUG] [org.gradle.launcher.daemon.server.Daemon] Finished periodic daemon health check.
2026-09-07T17:31:18.944+0900 [DEBUG] [org.gradle.launcher.daemon.server.Daemon] Starting periodic daemon health check.
2026-09-07T17:31:18.945+0900 [DEBUG] [org.gradle.cache.internal.DefaultFileLockManager] Waiting to acquire shared lock on daemon addresses registry.
2026-09-07T17:31:18.945+0900 [DEBUG] [org.gradle.cache.internal.DefaultFileLockManager] Lock acquired on daemon addresses registry.
2026-09-07T17:31:18.945+0900 [DEBUG] [org.gradle.cache.internal.DefaultFileLockManager] Releasing lock on daemon addresses registry.
2026-09-07T17:31:18.945+0900 [DEBUG] [org.gradle.cache.internal.DefaultFileLockManager] Waiting to acquire shared lock on daemon addresses registry.
2026-09-07T17:31:18.945+0900 [DEBUG] [org.gradle.cache.internal.DefaultFileLockManager] Lock acquired on daemon addresses registry.
2026-09-07T17:31:18.946+0900 [DEBUG] [org.gradle.cache.internal.DefaultFileLockManager] Releasing lock on daemon addresses registry.
2026-09-07T17:31:18.946+0900 [DEBUG] [org.gradle.launcher.daemon.server.Daemon] Finished periodic daemon health check.
2026-09-07T17:31:28.943+0900 [DEBUG] [org.gradle.launcher.daemon.server.Daemon] Starting periodic daemon health check.
2026-09-07T17:31:28.944+0900 [DEBUG] [org.gradle.cache.internal.DefaultFileLockManager] Waiting to acquire shared lock on daemon addresses registry.
2026-09-07T17:31:28.945+0900 [DEBUG] [org.gradle.cache.internal.DefaultFileLockManager] Lock acquired on daemon addresses registry.
2026-09-07T17:31:28.945+0900 [DEBUG] [org.gradle.cache.internal.DefaultFileLockManager] Releasing lock on daemon addresses registry.
2026-09-07T17:31:28.945+0900 [DEBUG] [org.gradle.cache.internal.DefaultFileLockManager] Waiting to acquire shared lock on daemon addresses registry.
2026-09-07T17:31:28.945+0900 [DEBUG] [org.gradle.cache.internal.DefaultFileLockManager] Lock acquired on daemon addresses registry.
2026-09-07T17:31:28.945+0900 [DEBUG] [org.gradle.cache.internal.DefaultFileLockManager] Releasing lock on daemon addresses registry.
2026-09-07T17:31:28.946+0900 [DEBUG] [org.gradle.launcher.daemon.server.Daemon] Finished periodic daemon health check.
2026-09-07T17:31:38.936+0900 [DEBUG] [org.gradle.launcher.daemon.server.Daemon] Starting periodic daemon health check.
2026-09-07T17:31:38.937+0900 [DEBUG] [org.gradle.cache.internal.DefaultFileLockManager] Waiting to acquire shared lock on daemon addresses registry.
2026-09-07T17:31:38.937+0900 [DEBUG] [org.gradle.cache.internal.DefaultFileLockManager] Lock acquired on daemon addresses registry.
2026-09-07T17:31:38.938+0900 [DEBUG] [org.gradle.cache.internal.DefaultFileLockManager] Releasing lock on daemon addresses registry.
2026-09-07T17:31:38.939+0900 [DEBUG] [org.gradle.cache.internal.DefaultFileLockManager] Waiting to acquire shared lock on daemon addresses registry.
2026-09-07T17:31:38.939+0900 [DEBUG] [org.gradle.cache.internal.DefaultFileLockManager] Lock acquired on daemon addresses registry.
2026-09-07T17:31:38.939+0900 [DEBUG] [org.gradle.cache.internal.DefaultFileLockManager] Releasing lock on daemon addresses registry.
2026-09-07T17:31:38.939+0900 [DEBUG] [org.gradle.launcher.daemon.server.Daemon] Finished periodic daemon health check.
2026-09-07T17:31:48.950+0900 [DEBUG] [org.gradle.launcher.daemon.server.Daemon] Starting periodic daemon health check.
2026-09-07T17:31:48.951+0900 [DEBUG] [org.gradle.cache.internal.DefaultFileLockManager] Waiting to acquire shared lock on daemon addresses registry.
2026-09-07T17:31:48.951+0900 [DEBUG] [org.gradle.cache.internal.DefaultFileLockManager] Lock acquired on daemon addresses registry.
2026-09-07T17:31:48.951+0900 [DEBUG] [org.gradle.cache.internal.DefaultFileLockManager] Releasing lock on daemon addresses registry.
2026-09-07T17:31:48.952+0900 [DEBUG] [org.gradle.cache.internal.DefaultFileLockManager] Waiting to acquire shared lock on daemon addresses registry.
2026-09-07T17:31:48.952+0900 [DEBUG] [org.gradle.cache.internal.DefaultFileLockManager] Lock acquired on daemon addresses registry.
2026-09-07T17:31:48.952+0900 [DEBUG] [org.gradle.cache.internal.DefaultFileLockManager] Releasing lock on daemon addresses registry.
2026-09-07T17:31:48.952+0900 [DEBUG] [org.gradle.launcher.daemon.server.Daemon] Finished periodic daemon health check.
2026-09-07T17:31:58.939+0900 [DEBUG] [org.gradle.launcher.daemon.server.Daemon] Starting periodic daemon health check.
2026-09-07T17:31:58.940+0900 [DEBUG] [org.gradle.cache.internal.DefaultFileLockManager] Waiting to acquire shared lock on daemon addresses registry.
2026-09-07T17:31:58.940+0900 [DEBUG] [org.gradle.cache.internal.DefaultFileLockManager] Lock acquired on daemon addresses registry.
2026-09-07T17:31:58.940+0900 [DEBUG] [org.gradle.cache.internal.DefaultFileLockManager] Releasing lock on daemon addresses registry.
2026-09-07T17:31:58.941+0900 [DEBUG] [org.gradle.cache.internal.DefaultFileLockManager] Waiting to acquire shared lock on daemon addresses registry.
2026-09-07T17:31:58.941+0900 [DEBUG] [org.gradle.cache.internal.DefaultFileLockManager] Lock acquired on daemon addresses registry.
2026-09-07T17:31:58.941+0900 [DEBUG] [org.gradle.cache.internal.DefaultFileLockManager] Releasing lock on daemon addresses registry.
2026-09-07T17:31:58.941+0900 [DEBUG] [org.gradle.launcher.daemon.server.Daemon] Finished periodic daemon health check.
2026-09-07T17:32:08.943+0900 [DEBUG] [org.gradle.launcher.daemon.server.Daemon] Starting periodic daemon health check.
2026-09-07T17:32:08.944+0900 [DEBUG] [org.gradle.cache.internal.DefaultFileLockManager] Waiting to acquire shared lock on daemon addresses registry.
2026-09-07T17:32:08.945+0900 [DEBUG] [org.gradle.cache.internal.DefaultFileLockManager] Lock acquired on daemon addresses registry.
2026-09-07T17:32:08.945+0900 [DEBUG] [org.gradle.cache.internal.DefaultFileLockManager] Releasing lock on daemon addresses registry.
2026-09-07T17:32:08.946+0900 [DEBUG] [org.gradle.cache.internal.DefaultFileLockManager] Waiting to acquire shared lock on daemon addresses registry.
2026-09-07T17:32:08.946+0900 [DEBUG] [org.gradle.cache.internal.DefaultFileLockManager] Lock acquired on daemon addresses registry.
2026-09-07T17:32:08.946+0900 [DEBUG] [org.gradle.cache.internal.DefaultFileLockManager] Releasing lock on daemon addresses registry.
2026-09-07T17:32:08.946+0900 [DEBUG] [org.gradle.launcher.daemon.server.Daemon] Finished periodic daemon health check.
2026-09-07T17:32:18.939+0900 [DEBUG] [org.gradle.launcher.daemon.server.Daemon] Starting periodic daemon health check.
2026-09-07T17:32:18.940+0900 [DEBUG] [org.gradle.cache.internal.DefaultFileLockManager] Waiting to acquire shared lock on daemon addresses registry.
2026-09-07T17:32:18.941+0900 [DEBUG] [org.gradle.cache.internal.DefaultFileLockManager] Lock acquired on daemon addresses registry.
2026-09-07T17:32:18.941+0900 [DEBUG] [org.gradle.cache.internal.DefaultFileLockManager] Releasing lock on daemon addresses registry.
2026-09-07T17:32:18.942+0900 [DEBUG] [org.gradle.cache.internal.DefaultFileLockManager] Waiting to acquire shared lock on daemon addresses registry.
2026-09-07T17:32:18.942+0900 [DEBUG] [org.gradle.cache.internal.DefaultFileLockManager] Lock acquired on daemon addresses registry.
2026-09-07T17:32:18.942+0900 [DEBUG] [org.gradle.cache.internal.DefaultFileLockManager] Releasing lock on daemon addresses registry.
2026-09-07T17:32:18.942+0900 [DEBUG] [org.gradle.launcher.daemon.server.Daemon] Finished periodic daemon health check.
2026-09-07T17:32:28.938+0900 [DEBUG] [org.gradle.launcher.daemon.server.Daemon] Starting periodic daemon health check.
2026-09-07T17:32:28.939+0900 [DEBUG] [org.gradle.cache.internal.DefaultFileLockManager] Waiting to acquire shared lock on daemon addresses registry.
2026-09-07T17:32:28.939+0900 [DEBUG] [org.gradle.cache.internal.DefaultFileLockManager] Lock acquired on daemon addresses registry.
2026-09-07T17:32:28.939+0900 [DEBUG] [org.gradle.cache.internal.DefaultFileLockManager] Releasing lock on daemon addresses registry.
2026-09-07T17:32:28.940+0900 [DEBUG] [org.gradle.cache.internal.DefaultFileLockManager] Waiting to acquire shared lock on daemon addresses registry.
2026-09-07T17:32:28.940+0900 [DEBUG] [org.gradle.cache.internal.DefaultFileLockManager] Lock acquired on daemon addresses registry.
2026-09-07T17:32:28.940+0900 [DEBUG] [org.gradle.cache.internal.DefaultFileLockManager] Releasing lock on daemon addresses registry.
2026-09-07T17:32:28.940+0900 [DEBUG] [org.gradle.launcher.daemon.server.Daemon] Finished periodic daemon health check.
2026-09-07T17:32:38.946+0900 [DEBUG] [org.gradle.launcher.daemon.server.Daemon] Starting periodic daemon health check.
2026-09-07T17:32:38.947+0900 [DEBUG] [org.gradle.cache.internal.DefaultFileLockManager] Waiting to acquire shared lock on daemon addresses registry.
2026-09-07T17:32:38.947+0900 [DEBUG] [org.gradle.cache.internal.DefaultFileLockManager] Lock acquired on daemon addresses registry.
2026-09-07T17:32:38.948+0900 [DEBUG] [org.gradle.cache.internal.DefaultFileLockManager] Releasing lock on daemon addresses registry.
2026-09-07T17:32:38.949+0900 [DEBUG] [org.gradle.cache.internal.DefaultFileLockManager] Waiting to acquire shared lock on daemon addresses registry.
2026-09-07T17:32:38.949+0900 [DEBUG] [org.gradle.cache.internal.DefaultFileLockManager] Lock acquired on daemon addresses registry.
2026-09-07T17:32:38.949+0900 [DEBUG] [org.gradle.cache.internal.DefaultFileLockManager] Releasing lock on daemon addresses registry.
2026-09-07T17:32:38.949+0900 [DEBUG] [org.gradle.launcher.daemon.server.Daemon] Finished periodic daemon health check.
2026-09-07T17:32:48.941+0900 [DEBUG] [org.gradle.launcher.daemon.server.Daemon] Starting periodic daemon health check.
2026-09-07T17:32:48.942+0900 [DEBUG] [org.gradle.cache.internal.DefaultFileLockManager] Waiting to acquire shared lock on daemon addresses registry.
2026-09-07T17:32:48.942+0900 [DEBUG] [org.gradle.cache.internal.DefaultFileLockManager] Lock acquired on daemon addresses registry.
2026-09-07T17:32:48.942+0900 [DEBUG] [org.gradle.cache.internal.DefaultFileLockManager] Releasing lock on daemon addresses registry.
2026-09-07T17:32:48.943+0900 [DEBUG] [org.gradle.cache.internal.DefaultFileLockManager] Waiting to acquire shared lock on daemon addresses registry.
2026-09-07T17:32:48.943+0900 [DEBUG] [org.gradle.cache.internal.DefaultFileLockManager] Lock acquired on daemon addresses registry.
2026-09-07T17:32:48.943+0900 [DEBUG] [org.gradle.cache.internal.DefaultFileLockManager] Releasing lock on daemon addresses registry.
2026-09-07T17:32:48.943+0900 [DEBUG] [org.gradle.launcher.daemon.server.Daemon] Finished periodic daemon health check.
2026-09-07T17:32:58.944+0900 [DEBUG] [org.gradle.launcher.daemon.server.Daemon] Starting periodic daemon health check.
2026-09-07T17:32:58.945+0900 [DEBUG] [org.gradle.cache.internal.DefaultFileLockManager] Waiting to acquire shared lock on daemon addresses registry.
2026-09-07T17:32:58.946+0900 [DEBUG] [org.gradle.cache.internal.DefaultFileLockManager] Lock acquired on daemon addresses registry.
2026-09-07T17:32:58.946+0900 [DEBUG] [org.gradle.cache.internal.DefaultFileLockManager] Releasing lock on daemon addresses registry.
2026-09-07T17:32:58.947+0900 [DEBUG] [org.gradle.cache.internal.DefaultFileLockManager] Waiting to acquire shared lock on daemon addresses registry.
2026-09-07T17:32:58.947+0900 [DEBUG] [org.gradle.cache.internal.DefaultFileLockManager] Lock acquired on daemon addresses registry.
2026-09-07T17:32:58.947+0900 [DEBUG] [org.gradle.cache.internal.DefaultFileLockManager] Releasing lock on daemon addresses registry.
2026-09-07T17:32:58.947+0900 [DEBUG] [org.gradle.launcher.daemon.server.Daemon] Finished periodic daemon health check.
2026-09-07T17:33:08.950+0900 [DEBUG] [org.gradle.launcher.daemon.server.Daemon] Starting periodic daemon health check.
2026-09-07T17:33:08.950+0900 [DEBUG] [org.gradle.cache.internal.DefaultFileLockManager] Waiting to acquire shared lock on daemon addresses registry.
2026-09-07T17:33:08.950+0900 [DEBUG] [org.gradle.cache.internal.DefaultFileLockManager] Lock acquired on daemon addresses registry.
2026-09-07T17:33:08.951+0900 [DEBUG] [org.gradle.cache.internal.DefaultFileLockManager] Releasing lock on daemon addresses registry.
2026-09-07T17:33:08.951+0900 [DEBUG] [org.gradle.cache.internal.DefaultFileLockManager] Waiting to acquire shared lock on daemon addresses registry.
2026-09-07T17:33:08.951+0900 [DEBUG] [org.gradle.cache.internal.DefaultFileLockManager] Lock acquired on daemon addresses registry.
2026-09-07T17:33:08.951+0900 [DEBUG] [org.gradle.cache.internal.DefaultFileLockManager] Releasing lock on daemon addresses registry.
2026-09-07T17:33:08.951+0900 [DEBUG] [org.gradle.launcher.daemon.server.Daemon] Finished periodic daemon health check.
2026-09-07T17:33:18.943+0900 [DEBUG] [org.gradle.launcher.daemon.server.Daemon] Starting periodic daemon health check.
2026-09-07T17:33:18.944+0900 [DEBUG] [org.gradle.cache.internal.DefaultFileLockManager] Waiting to acquire shared lock on daemon addresses registry.
2026-09-07T17:33:18.944+0900 [DEBUG] [org.gradle.cache.internal.DefaultFileLockManager] Lock acquired on daemon addresses registry.
2026-09-07T17:33:18.944+0900 [DEBUG] [org.gradle.cache.internal.DefaultFileLockManager] Releasing lock on daemon addresses registry.
2026-09-07T17:33:18.945+0900 [DEBUG] [org.gradle.cache.internal.DefaultFileLockManager] Waiting to acquire shared lock on daemon addresses registry.
2026-09-07T17:33:18.945+0900 [DEBUG] [org.gradle.cache.internal.DefaultFileLockManager] Lock acquired on daemon addresses registry.
2026-09-07T17:33:18.945+0900 [DEBUG] [org.gradle.cache.internal.DefaultFileLockManager] Releasing lock on daemon addresses registry.
2026-09-07T17:33:18.945+0900 [DEBUG] [org.gradle.launcher.daemon.server.Daemon] Finished periodic daemon health check.
2026-09-07T17:33:28.945+0900 [DEBUG] [org.gradle.launcher.daemon.server.Daemon] Starting periodic daemon health check.
2026-09-07T17:33:28.946+0900 [DEBUG] [org.gradle.cache.internal.DefaultFileLockManager] Waiting to acquire shared lock on daemon addresses registry.
2026-09-07T17:33:28.946+0900 [DEBUG] [org.gradle.cache.internal.DefaultFileLockManager] Lock acquired on daemon addresses registry.
2026-09-07T17:33:28.946+0900 [DEBUG] [org.gradle.cache.internal.DefaultFileLockManager] Releasing lock on daemon addresses registry.
2026-09-07T17:33:28.947+0900 [DEBUG] [org.gradle.cache.internal.DefaultFileLockManager] Waiting to acquire shared lock on daemon addresses registry.
2026-09-07T17:33:28.948+0900 [DEBUG] [org.gradle.cache.internal.DefaultFileLockManager] Lock acquired on daemon addresses registry.
2026-09-07T17:33:28.948+0900 [DEBUG] [org.gradle.cache.internal.DefaultFileLockManager] Releasing lock on daemon addresses registry.
2026-09-07T17:33:28.948+0900 [DEBUG] [org.gradle.launcher.daemon.server.Daemon] Finished periodic daemon health check.
2026-09-07T17:33:38.944+0900 [DEBUG] [org.gradle.launcher.daemon.server.Daemon] Starting periodic daemon health check.
2026-09-07T17:33:38.945+0900 [DEBUG] [org.gradle.cache.internal.DefaultFileLockManager] Waiting to acquire shared lock on daemon addresses registry.
2026-09-07T17:33:38.945+0900 [DEBUG] [org.gradle.cache.internal.DefaultFileLockManager] Lock acquired on daemon addresses registry.
2026-09-07T17:33:38.945+0900 [DEBUG] [org.gradle.cache.internal.DefaultFileLockManager] Releasing lock on daemon addresses registry.
2026-09-07T17:33:38.946+0900 [DEBUG] [org.gradle.cache.internal.DefaultFileLockManager] Waiting to acquire shared lock on daemon addresses registry.
2026-09-07T17:33:38.947+0900 [DEBUG] [org.gradle.cache.internal.DefaultFileLockManager] Lock acquired on daemon addresses registry.
2026-09-07T17:33:38.947+0900 [DEBUG] [org.gradle.cache.internal.DefaultFileLockManager] Releasing lock on daemon addresses registry.
2026-09-07T17:33:38.947+0900 [DEBUG] [org.gradle.launcher.daemon.server.Daemon] Finished periodic daemon health check.
2026-09-07T17:33:48.947+0900 [DEBUG] [org.gradle.launcher.daemon.server.Daemon] Starting periodic daemon health check.
2026-09-07T17:33:48.948+0900 [DEBUG] [org.gradle.cache.internal.DefaultFileLockManager] Waiting to acquire shared lock on daemon addresses registry.
2026-09-07T17:33:48.948+0900 [DEBUG] [org.gradle.cache.internal.DefaultFileLockManager] Lock acquired on daemon addresses registry.
2026-09-07T17:33:48.948+0900 [DEBUG] [org.gradle.cache.internal.DefaultFileLockManager] Releasing lock on daemon addresses registry.
2026-09-07T17:33:48.949+0900 [DEBUG] [org.gradle.cache.internal.DefaultFileLockManager] Waiting to acquire shared lock on daemon addresses registry.
2026-09-07T17:33:48.950+0900 [DEBUG] [org.gradle.cache.internal.DefaultFileLockManager] Lock acquired on daemon addresses registry.
2026-09-07T17:33:48.950+0900 [DEBUG] [org.gradle.cache.internal.DefaultFileLockManager] Releasing lock on daemon addresses registry.
2026-09-07T17:33:48.950+0900 [DEBUG] [org.gradle.launcher.daemon.server.Daemon] Finished periodic daemon health check.
2026-09-07T17:33:58.938+0900 [DEBUG] [org.gradle.launcher.daemon.server.Daemon] Starting periodic daemon health check.
2026-09-07T17:33:58.939+0900 [DEBUG] [org.gradle.cache.internal.DefaultFileLockManager] Waiting to acquire shared lock on daemon addresses registry.
2026-09-07T17:33:58.939+0900 [DEBUG] [org.gradle.cache.internal.DefaultFileLockManager] Lock acquired on daemon addresses registry.
2026-09-07T17:33:58.940+0900 [DEBUG] [org.gradle.cache.internal.DefaultFileLockManager] Releasing lock on daemon addresses registry.
2026-09-07T17:33:58.941+0900 [DEBUG] [org.gradle.cache.internal.DefaultFileLockManager] Waiting to acquire shared lock on daemon addresses registry.
2026-09-07T17:33:58.941+0900 [DEBUG] [org.gradle.cache.internal.DefaultFileLockManager] Lock acquired on daemon addresses registry.
2026-09-07T17:33:58.941+0900 [DEBUG] [org.gradle.cache.internal.DefaultFileLockManager] Releasing lock on daemon addresses registry.
2026-09-07T17:33:58.941+0900 [DEBUG] [org.gradle.launcher.daemon.server.Daemon] Finished periodic daemon health check.
2026-09-07T17:34:08.948+0900 [DEBUG] [org.gradle.launcher.daemon.server.Daemon] Starting periodic daemon health check.
2026-09-07T17:34:08.949+0900 [DEBUG] [org.gradle.cache.internal.DefaultFileLockManager] Waiting to acquire shared lock on daemon addresses registry.
2026-09-07T17:34:08.949+0900 [DEBUG] [org.gradle.cache.internal.DefaultFileLockManager] Lock acquired on daemon addresses registry.
2026-09-07T17:34:08.949+0900 [DEBUG] [org.gradle.cache.internal.DefaultFileLockManager] Releasing lock on daemon addresses registry.
2026-09-07T17:34:08.950+0900 [DEBUG] [org.gradle.cache.internal.DefaultFileLockManager] Waiting to acquire shared lock on daemon addresses registry.
2026-09-07T17:34:08.950+0900 [DEBUG] [org.gradle.cache.internal.DefaultFileLockManager] Lock acquired on daemon addresses registry.
2026-09-07T17:34:08.951+0900 [DEBUG] [org.gradle.cache.internal.DefaultFileLockManager] Releasing lock on daemon addresses registry.
2026-09-07T17:34:08.951+0900 [DEBUG] [org.gradle.launcher.daemon.server.Daemon] Finished periodic daemon health check.
2026-09-07T17:34:18.938+0900 [DEBUG] [org.gradle.launcher.daemon.server.Daemon] Starting periodic daemon health check.
2026-09-07T17:34:18.939+0900 [DEBUG] [org.gradle.cache.internal.DefaultFileLockManager] Waiting to acquire shared lock on daemon addresses registry.
2026-09-07T17:34:18.939+0900 [DEBUG] [org.gradle.cache.internal.DefaultFileLockManager] Lock acquired on daemon addresses registry.
2026-09-07T17:34:18.939+0900 [DEBUG] [org.gradle.cache.internal.DefaultFileLockManager] Releasing lock on daemon addresses registry.
2026-09-07T17:34:18.940+0900 [DEBUG] [org.gradle.cache.internal.DefaultFileLockManager] Waiting to acquire shared lock on daemon addresses registry.
2026-09-07T17:34:18.940+0900 [DEBUG] [org.gradle.cache.internal.DefaultFileLockManager] Lock acquired on daemon addresses registry.
2026-09-07T17:34:18.940+0900 [DEBUG] [org.gradle.cache.internal.DefaultFileLockManager] Releasing lock on daemon addresses registry.
2026-09-07T17:34:18.940+0900 [DEBUG] [org.gradle.launcher.daemon.server.Daemon] Finished periodic daemon health check.
2026-09-07T17:34:28.941+0900 [DEBUG] [org.gradle.launcher.daemon.server.Daemon] Starting periodic daemon health check.
2026-09-07T17:34:28.942+0900 [DEBUG] [org.gradle.cache.internal.DefaultFileLockManager] Waiting to acquire shared lock on daemon addresses registry.
2026-09-07T17:34:28.942+0900 [DEBUG] [org.gradle.cache.internal.DefaultFileLockManager] Lock acquired on daemon addresses registry.
2026-09-07T17:34:28.942+0900 [DEBUG] [org.gradle.cache.internal.DefaultFileLockManager] Releasing lock on daemon addresses registry.
2026-09-07T17:34:28.943+0900 [DEBUG] [org.gradle.cache.internal.DefaultFileLockManager] Waiting to acquire shared lock on daemon addresses registry.
2026-09-07T17:34:28.943+0900 [DEBUG] [org.gradle.cache.internal.DefaultFileLockManager] Lock acquired on daemon addresses registry.
2026-09-07T17:34:28.943+0900 [DEBUG] [org.gradle.cache.internal.DefaultFileLockManager] Releasing lock on daemon addresses registry.
2026-09-07T17:34:28.943+0900 [DEBUG] [org.gradle.launcher.daemon.server.Daemon] Finished periodic daemon health check.
2026-09-07T17:34:38.938+0900 [DEBUG] [org.gradle.launcher.daemon.server.Daemon] Starting periodic daemon health check.
2026-09-07T17:34:38.939+0900 [DEBUG] [org.gradle.cache.internal.DefaultFileLockManager] Waiting to acquire shared lock on daemon addresses registry.
2026-09-07T17:34:38.939+0900 [DEBUG] [org.gradle.cache.internal.DefaultFileLockManager] Lock acquired on daemon addresses registry.
2026-09-07T17:34:38.939+0900 [DEBUG] [org.gradle.cache.internal.DefaultFileLockManager] Releasing lock on daemon addresses registry.
2026-09-07T17:34:38.940+0900 [DEBUG] [org.gradle.cache.internal.DefaultFileLockManager] Waiting to acquire shared lock on daemon addresses registry.
2026-09-07T17:34:38.940+0900 [DEBUG] [org.gradle.cache.internal.DefaultFileLockManager] Lock acquired on daemon addresses registry.
2026-09-07T17:34:38.941+0900 [DEBUG] [org.gradle.cache.internal.DefaultFileLockManager] Releasing lock on daemon addresses registry.
2026-09-07T17:34:38.941+0900 [DEBUG] [org.gradle.launcher.daemon.server.Daemon] Finished periodic daemon health check.
2026-09-07T17:34:48.940+0900 [DEBUG] [org.gradle.launcher.daemon.server.Daemon] Starting periodic daemon health check.
2026-09-07T17:34:48.942+0900 [DEBUG] [org.gradle.cache.internal.DefaultFileLockManager] Waiting to acquire shared lock on daemon addresses registry.
2026-09-07T17:34:48.942+0900 [DEBUG] [org.gradle.cache.internal.DefaultFileLockManager] Lock acquired on daemon addresses registry.
2026-09-07T17:34:48.942+0900 [DEBUG] [org.gradle.cache.internal.DefaultFileLockManager] Releasing lock on daemon addresses registry.
2026-09-07T17:34:48.943+0900 [DEBUG] [org.gradle.cache.internal.DefaultFileLockManager] Waiting to acquire shared lock on daemon addresses registry.
2026-09-07T17:34:48.943+0900 [DEBUG] [org.gradle.cache.internal.DefaultFileLockManager] Lock acquired on daemon addresses registry.
2026-09-07T17:34:48.943+0900 [DEBUG] [org.gradle.cache.internal.DefaultFileLockManager] Releasing lock on daemon addresses registry.
2026-09-07T17:34:48.943+0900 [DEBUG] [org.gradle.launcher.daemon.server.Daemon] Finished periodic daemon health check.
2026-09-07T17:34:58.947+0900 [DEBUG] [org.gradle.launcher.daemon.server.Daemon] Starting periodic daemon health check.
2026-09-07T17:34:58.948+0900 [DEBUG] [org.gradle.cache.internal.DefaultFileLockManager] Waiting to acquire shared lock on daemon addresses registry.
2026-09-07T17:34:58.948+0900 [DEBUG] [org.gradle.cache.internal.DefaultFileLockManager] Lock acquired on daemon addresses registry.
2026-09-07T17:34:58.948+0900 [DEBUG] [org.gradle.cache.internal.DefaultFileLockManager] Releasing lock on daemon addresses registry.
2026-09-07T17:34:58.949+0900 [DEBUG] [org.gradle.cache.internal.DefaultFileLockManager] Waiting to acquire shared lock on daemon addresses registry.
2026-09-07T17:34:58.949+0900 [DEBUG] [org.gradle.cache.internal.DefaultFileLockManager] Lock acquired on daemon addresses registry.
2026-09-07T17:34:58.949+0900 [DEBUG] [org.gradle.cache.internal.DefaultFileLockManager] Releasing lock on daemon addresses registry.
2026-09-07T17:34:58.949+0900 [DEBUG] [org.gradle.launcher.daemon.server.Daemon] Finished periodic daemon health check.
2026-09-07T17:35:08.947+0900 [DEBUG] [org.gradle.launcher.daemon.server.Daemon] Starting periodic daemon health check.
2026-09-07T17:35:08.949+0900 [DEBUG] [org.gradle.cache.internal.DefaultFileLockManager] Waiting to acquire shared lock on daemon addresses registry.
2026-09-07T17:35:08.949+0900 [DEBUG] [org.gradle.cache.internal.DefaultFileLockManager] Lock acquired on daemon addresses registry.
2026-09-07T17:35:08.949+0900 [DEBUG] [org.gradle.cache.internal.DefaultFileLockManager] Releasing lock on daemon addresses registry.
2026-09-07T17:35:08.950+0900 [DEBUG] [org.gradle.cache.internal.DefaultFileLockManager] Waiting to acquire shared lock on daemon addresses registry.
2026-09-07T17:35:08.950+0900 [DEBUG] [org.gradle.cache.internal.DefaultFileLockManager] Lock acquired on daemon addresses registry.
2026-09-07T17:35:08.950+0900 [DEBUG] [org.gradle.cache.internal.DefaultFileLockManager] Releasing lock on daemon addresses registry.
2026-09-07T17:35:08.951+0900 [DEBUG] [org.gradle.launcher.daemon.server.Daemon] Finished periodic daemon health check.
2026-09-07T17:35:18.945+0900 [DEBUG] [org.gradle.launcher.daemon.server.Daemon] Starting periodic daemon health check.
2026-09-07T17:35:18.946+0900 [DEBUG] [org.gradle.cache.internal.DefaultFileLockManager] Waiting to acquire shared lock on daemon addresses registry.
2026-09-07T17:35:18.946+0900 [DEBUG] [org.gradle.cache.internal.DefaultFileLockManager] Lock acquired on daemon addresses registry.
2026-09-07T17:35:18.946+0900 [DEBUG] [org.gradle.cache.internal.DefaultFileLockManager] Releasing lock on daemon addresses registry.
2026-09-07T17:35:18.947+0900 [DEBUG] [org.gradle.cache.internal.DefaultFileLockManager] Waiting to acquire shared lock on daemon addresses registry.
2026-09-07T17:35:18.947+0900 [DEBUG] [org.gradle.cache.internal.DefaultFileLockManager] Lock acquired on daemon addresses registry.
2026-09-07T17:35:18.947+0900 [DEBUG] [org.gradle.cache.internal.DefaultFileLockManager] Releasing lock on daemon addresses registry.
2026-09-07T17:35:18.948+0900 [DEBUG] [org.gradle.launcher.daemon.server.Daemon] Finished periodic daemon health check.
2026-09-07T17:35:28.937+0900 [DEBUG] [org.gradle.launcher.daemon.server.Daemon] Starting periodic daemon health check.
2026-09-07T17:35:28.938+0900 [DEBUG] [org.gradle.cache.internal.DefaultFileLockManager] Waiting to acquire shared lock on daemon addresses registry.
2026-09-07T17:35:28.939+0900 [DEBUG] [org.gradle.cache.internal.DefaultFileLockManager] Lock acquired on daemon addresses registry.
2026-09-07T17:35:28.939+0900 [DEBUG] [org.gradle.cache.internal.DefaultFileLockManager] Releasing lock on daemon addresses registry.
2026-09-07T17:35:28.940+0900 [DEBUG] [org.gradle.cache.internal.DefaultFileLockManager] Waiting to acquire shared lock on daemon addresses registry.
2026-09-07T17:35:28.940+0900 [DEBUG] [org.gradle.cache.internal.DefaultFileLockManager] Lock acquired on daemon addresses registry.
2026-09-07T17:35:28.940+0900 [DEBUG] [org.gradle.cache.internal.DefaultFileLockManager] Releasing lock on daemon addresses registry.
2026-09-07T17:35:28.940+0900 [DEBUG] [org.gradle.launcher.daemon.server.Daemon] Finished periodic daemon health check.
2026-09-07T17:35:38.937+0900 [DEBUG] [org.gradle.launcher.daemon.server.Daemon] Starting periodic daemon health check.
2026-09-07T17:35:38.937+0900 [DEBUG] [org.gradle.cache.internal.DefaultFileLockManager] Waiting to acquire shared lock on daemon addresses registry.
2026-09-07T17:35:38.938+0900 [DEBUG] [org.gradle.cache.internal.DefaultFileLockManager] Lock acquired on daemon addresses registry.
2026-09-07T17:35:38.938+0900 [DEBUG] [org.gradle.cache.internal.DefaultFileLockManager] Releasing lock on daemon addresses registry.
2026-09-07T17:35:38.939+0900 [DEBUG] [org.gradle.cache.internal.DefaultFileLockManager] Waiting to acquire shared lock on daemon addresses registry.
2026-09-07T17:35:38.939+0900 [DEBUG] [org.gradle.cache.internal.DefaultFileLockManager] Lock acquired on daemon addresses registry.
2026-09-07T17:35:38.939+0900 [DEBUG] [org.gradle.cache.internal.DefaultFileLockManager] Releasing lock on daemon addresses registry.
2026-09-07T17:35:38.939+0900 [DEBUG] [org.gradle.launcher.daemon.server.Daemon] Finished periodic daemon health check.
2026-09-07T17:35:48.937+0900 [DEBUG] [org.gradle.launcher.daemon.server.Daemon] Starting periodic daemon health check.
2026-09-07T17:35:48.938+0900 [DEBUG] [org.gradle.cache.internal.DefaultFileLockManager] Waiting to acquire shared lock on daemon addresses registry.
2026-09-07T17:35:48.938+0900 [DEBUG] [org.gradle.cache.internal.DefaultFileLockManager] Lock acquired on daemon addresses registry.
2026-09-07T17:35:48.938+0900 [DEBUG] [org.gradle.cache.internal.DefaultFileLockManager] Releasing lock on daemon addresses registry.
2026-09-07T17:35:48.939+0900 [DEBUG] [org.gradle.cache.internal.DefaultFileLockManager] Waiting to acquire shared lock on daemon addresses registry.
2026-09-07T17:35:48.939+0900 [DEBUG] [org.gradle.cache.internal.DefaultFileLockManager] Lock acquired on daemon addresses registry.
2026-09-07T17:35:48.939+0900 [DEBUG] [org.gradle.cache.internal.DefaultFileLockManager] Releasing lock on daemon addresses registry.
2026-09-07T17:35:48.940+0900 [DEBUG] [org.gradle.launcher.daemon.server.Daemon] Finished periodic daemon health check.
2026-09-07T17:35:58.937+0900 [DEBUG] [org.gradle.launcher.daemon.server.Daemon] Starting periodic daemon health check.
2026-09-07T17:35:58.938+0900 [DEBUG] [org.gradle.cache.internal.DefaultFileLockManager] Waiting to acquire shared lock on daemon addresses registry.
2026-09-07T17:35:58.938+0900 [DEBUG] [org.gradle.cache.internal.DefaultFileLockManager] Lock acquired on daemon addresses registry.
2026-09-07T17:35:58.939+0900 [DEBUG] [org.gradle.cache.internal.DefaultFileLockManager] Releasing lock on daemon addresses registry.
2026-09-07T17:35:58.939+0900 [DEBUG] [org.gradle.cache.internal.DefaultFileLockManager] Waiting to acquire shared lock on daemon addresses registry.
2026-09-07T17:35:58.940+0900 [DEBUG] [org.gradle.cache.internal.DefaultFileLockManager] Lock acquired on daemon addresses registry.
2026-09-07T17:35:58.940+0900 [DEBUG] [org.gradle.cache.internal.DefaultFileLockManager] Releasing lock on daemon addresses registry.
2026-09-07T17:35:58.940+0900 [DEBUG] [org.gradle.launcher.daemon.server.Daemon] Finished periodic daemon health check.
2026-09-07T17:36:08.941+0900 [DEBUG] [org.gradle.launcher.daemon.server.Daemon] Starting periodic daemon health check.
2026-09-07T17:36:08.941+0900 [DEBUG] [org.gradle.cache.internal.DefaultFileLockManager] Waiting to acquire shared lock on daemon addresses registry.
2026-09-07T17:36:08.941+0900 [DEBUG] [org.gradle.cache.internal.DefaultFileLockManager] Lock acquired on daemon addresses registry.
2026-09-07T17:36:08.942+0900 [DEBUG] [org.gradle.cache.internal.DefaultFileLockManager] Releasing lock on daemon addresses registry.
2026-09-07T17:36:08.942+0900 [DEBUG] [org.gradle.cache.internal.DefaultFileLockManager] Waiting to acquire shared lock on daemon addresses registry.
2026-09-07T17:36:08.942+0900 [DEBUG] [org.gradle.cache.internal.DefaultFileLockManager] Lock acquired on daemon addresses registry.
2026-09-07T17:36:08.942+0900 [DEBUG] [org.gradle.cache.internal.DefaultFileLockManager] Releasing lock on daemon addresses registry.
2026-09-07T17:36:08.942+0900 [DEBUG] [org.gradle.launcher.daemon.server.Daemon] Finished periodic daemon health check.
2026-09-07T17:36:18.940+0900 [DEBUG] [org.gradle.launcher.daemon.server.Daemon] Starting periodic daemon health check.
2026-09-07T17:36:18.941+0900 [DEBUG] [org.gradle.cache.internal.DefaultFileLockManager] Waiting to acquire shared lock on daemon addresses registry.
2026-09-07T17:36:18.941+0900 [DEBUG] [org.gradle.cache.internal.DefaultFileLockManager] Lock acquired on daemon addresses registry.
2026-09-07T17:36:18.941+0900 [DEBUG] [org.gradle.cache.internal.DefaultFileLockManager] Releasing lock on daemon addresses registry.
2026-09-07T17:36:18.941+0900 [DEBUG] [org.gradle.cache.internal.DefaultFileLockManager] Waiting to acquire shared lock on daemon addresses registry.
2026-09-07T17:36:18.941+0900 [DEBUG] [org.gradle.cache.internal.DefaultFileLockManager] Lock acquired on daemon addresses registry.
2026-09-07T17:36:18.941+0900 [DEBUG] [org.gradle.cache.internal.DefaultFileLockManager] Releasing lock on daemon addresses registry.
2026-09-07T17:36:18.942+0900 [DEBUG] [org.gradle.launcher.daemon.server.Daemon] Finished periodic daemon health check.
2026-09-07T17:36:28.938+0900 [DEBUG] [org.gradle.launcher.daemon.server.Daemon] Starting periodic daemon health check.
2026-09-07T17:36:28.939+0900 [DEBUG] [org.gradle.cache.internal.DefaultFileLockManager] Waiting to acquire shared lock on daemon addresses registry.
2026-09-07T17:36:28.939+0900 [DEBUG] [org.gradle.cache.internal.DefaultFileLockManager] Lock acquired on daemon addresses registry.
2026-09-07T17:36:28.939+0900 [DEBUG] [org.gradle.cache.internal.DefaultFileLockManager] Releasing lock on daemon addresses registry.
2026-09-07T17:36:28.940+0900 [DEBUG] [org.gradle.cache.internal.DefaultFileLockManager] Waiting to acquire shared lock on daemon addresses registry.
2026-09-07T17:36:28.940+0900 [DEBUG] [org.gradle.cache.internal.DefaultFileLockManager] Lock acquired on daemon addresses registry.
2026-09-07T17:36:28.940+0900 [DEBUG] [org.gradle.cache.internal.DefaultFileLockManager] Releasing lock on daemon addresses registry.
2026-09-07T17:36:28.940+0900 [DEBUG] [org.gradle.launcher.daemon.server.Daemon] Finished periodic daemon health check.
2026-09-07T17:36:38.947+0900 [DEBUG] [org.gradle.launcher.daemon.server.Daemon] Starting periodic daemon health check.
2026-09-07T17:36:38.948+0900 [DEBUG] [org.gradle.cache.internal.DefaultFileLockManager] Waiting to acquire shared lock on daemon addresses registry.
2026-09-07T17:36:38.948+0900 [DEBUG] [org.gradle.cache.internal.DefaultFileLockManager] Lock acquired on daemon addresses registry.
2026-09-07T17:36:38.948+0900 [DEBUG] [org.gradle.cache.internal.DefaultFileLockManager] Releasing lock on daemon addresses registry.
2026-09-07T17:36:38.949+0900 [DEBUG] [org.gradle.cache.internal.DefaultFileLockManager] Waiting to acquire shared lock on daemon addresses registry.
2026-09-07T17:36:38.949+0900 [DEBUG] [org.gradle.cache.internal.DefaultFileLockManager] Lock acquired on daemon addresses registry.
2026-09-07T17:36:38.949+0900 [DEBUG] [org.gradle.cache.internal.DefaultFileLockManager] Releasing lock on daemon addresses registry.
2026-09-07T17:36:38.950+0900 [DEBUG] [org.gradle.launcher.daemon.server.Daemon] Finished periodic daemon health check.
2026-09-07T17:36:48.949+0900 [DEBUG] [org.gradle.launcher.daemon.server.Daemon] Starting periodic daemon health check.
2026-09-07T17:36:48.950+0900 [DEBUG] [org.gradle.cache.internal.DefaultFileLockManager] Waiting to acquire shared lock on daemon addresses registry.
2026-09-07T17:36:48.950+0900 [DEBUG] [org.gradle.cache.internal.DefaultFileLockManager] Lock acquired on daemon addresses registry.
2026-09-07T17:36:48.950+0900 [DEBUG] [org.gradle.cache.internal.DefaultFileLockManager] Releasing lock on daemon addresses registry.
2026-09-07T17:36:48.951+0900 [DEBUG] [org.gradle.cache.internal.DefaultFileLockManager] Waiting to acquire shared lock on daemon addresses registry.
2026-09-07T17:36:48.951+0900 [DEBUG] [org.gradle.cache.internal.DefaultFileLockManager] Lock acquired on daemon addresses registry.
2026-09-07T17:36:48.952+0900 [DEBUG] [org.gradle.cache.internal.DefaultFileLockManager] Releasing lock on daemon addresses registry.
2026-09-07T17:36:48.952+0900 [DEBUG] [org.gradle.launcher.daemon.server.Daemon] Finished periodic daemon health check.
2026-09-07T17:36:58.945+0900 [DEBUG] [org.gradle.launcher.daemon.server.Daemon] Starting periodic daemon health check.
2026-09-07T17:36:58.946+0900 [DEBUG] [org.gradle.cache.internal.DefaultFileLockManager] Waiting to acquire shared lock on daemon addresses registry.
2026-09-07T17:36:58.946+0900 [DEBUG] [org.gradle.cache.internal.DefaultFileLockManager] Lock acquired on daemon addresses registry.
2026-09-07T17:36:58.947+0900 [DEBUG] [org.gradle.cache.internal.DefaultFileLockManager] Releasing lock on daemon addresses registry.
2026-09-07T17:36:58.948+0900 [DEBUG] [org.gradle.cache.internal.DefaultFileLockManager] Waiting to acquire shared lock on daemon addresses registry.
2026-09-07T17:36:58.948+0900 [DEBUG] [org.gradle.cache.internal.DefaultFileLockManager] Lock acquired on daemon addresses registry.
2026-09-07T17:36:58.948+0900 [DEBUG] [org.gradle.cache.internal.DefaultFileLockManager] Releasing lock on daemon addresses registry.
2026-09-07T17:36:58.949+0900 [DEBUG] [org.gradle.launcher.daemon.server.Daemon] Finished periodic daemon health check.
2026-09-07T17:37:08.942+0900 [DEBUG] [org.gradle.launcher.daemon.server.Daemon] Starting periodic daemon health check.
2026-09-07T17:37:08.943+0900 [DEBUG] [org.gradle.cache.internal.DefaultFileLockManager] Waiting to acquire shared lock on daemon addresses registry.
2026-09-07T17:37:08.943+0900 [DEBUG] [org.gradle.cache.internal.DefaultFileLockManager] Lock acquired on daemon addresses registry.
2026-09-07T17:37:08.944+0900 [DEBUG] [org.gradle.cache.internal.DefaultFileLockManager] Releasing lock on daemon addresses registry.
2026-09-07T17:37:08.945+0900 [DEBUG] [org.gradle.cache.internal.DefaultFileLockManager] Waiting to acquire shared lock on daemon addresses registry.
2026-09-07T17:37:08.945+0900 [DEBUG] [org.gradle.cache.internal.DefaultFileLockManager] Lock acquired on daemon addresses registry.
2026-09-07T17:37:08.945+0900 [DEBUG] [org.gradle.cache.internal.DefaultFileLockManager] Releasing lock on daemon addresses registry.
2026-09-07T17:37:08.945+0900 [DEBUG] [org.gradle.launcher.daemon.server.Daemon] Finished periodic daemon health check.
2026-09-07T17:37:18.944+0900 [DEBUG] [org.gradle.launcher.daemon.server.Daemon] Starting periodic daemon health check.
2026-09-07T17:37:18.945+0900 [DEBUG] [org.gradle.cache.internal.DefaultFileLockManager] Waiting to acquire shared lock on daemon addresses registry.
2026-09-07T17:37:18.945+0900 [DEBUG] [org.gradle.cache.internal.DefaultFileLockManager] Lock acquired on daemon addresses registry.
2026-09-07T17:37:18.945+0900 [DEBUG] [org.gradle.cache.internal.DefaultFileLockManager] Releasing lock on daemon addresses registry.
2026-09-07T17:37:18.946+0900 [DEBUG] [org.gradle.cache.internal.DefaultFileLockManager] Waiting to acquire shared lock on daemon addresses registry.
2026-09-07T17:37:18.946+0900 [DEBUG] [org.gradle.cache.internal.DefaultFileLockManager] Lock acquired on daemon addresses registry.
2026-09-07T17:37:18.947+0900 [DEBUG] [org.gradle.cache.internal.DefaultFileLockManager] Releasing lock on daemon addresses registry.
2026-09-07T17:37:18.947+0900 [DEBUG] [org.gradle.launcher.daemon.server.Daemon] Finished periodic daemon health check.
2026-09-07T17:37:28.938+0900 [DEBUG] [org.gradle.launcher.daemon.server.Daemon] Starting periodic daemon health check.
2026-09-07T17:37:28.939+0900 [DEBUG] [org.gradle.cache.internal.DefaultFileLockManager] Waiting to acquire shared lock on daemon addresses registry.
2026-09-07T17:37:28.939+0900 [DEBUG] [org.gradle.cache.internal.DefaultFileLockManager] Lock acquired on daemon addresses registry.
2026-09-07T17:37:28.939+0900 [DEBUG] [org.gradle.cache.internal.DefaultFileLockManager] Releasing lock on daemon addresses registry.
2026-09-07T17:37:28.940+0900 [DEBUG] [org.gradle.cache.internal.DefaultFileLockManager] Waiting to acquire shared lock on daemon addresses registry.
2026-09-07T17:37:28.940+0900 [DEBUG] [org.gradle.cache.internal.DefaultFileLockManager] Lock acquired on daemon addresses registry.
2026-09-07T17:37:28.941+0900 [DEBUG] [org.gradle.cache.internal.DefaultFileLockManager] Releasing lock on daemon addresses registry.
2026-09-07T17:37:28.941+0900 [DEBUG] [org.gradle.launcher.daemon.server.Daemon] Finished periodic daemon health check.
2026-09-07T17:37:38.950+0900 [DEBUG] [org.gradle.launcher.daemon.server.Daemon] Starting periodic daemon health check.
2026-09-07T17:37:38.951+0900 [DEBUG] [org.gradle.cache.internal.DefaultFileLockManager] Waiting to acquire shared lock on daemon addresses registry.
2026-09-07T17:37:38.951+0900 [DEBUG] [org.gradle.cache.internal.DefaultFileLockManager] Lock acquired on daemon addresses registry.
2026-09-07T17:37:38.952+0900 [DEBUG] [org.gradle.cache.internal.DefaultFileLockManager] Releasing lock on daemon addresses registry.
2026-09-07T17:37:38.953+0900 [DEBUG] [org.gradle.cache.internal.DefaultFileLockManager] Waiting to acquire shared lock on daemon addresses registry.
2026-09-07T17:37:38.953+0900 [DEBUG] [org.gradle.cache.internal.DefaultFileLockManager] Lock acquired on daemon addresses registry.
2026-09-07T17:37:38.953+0900 [DEBUG] [org.gradle.cache.internal.DefaultFileLockManager] Releasing lock on daemon addresses registry.
2026-09-07T17:37:38.953+0900 [DEBUG] [org.gradle.launcher.daemon.server.Daemon] Finished periodic daemon health check.
2026-09-07T17:37:48.944+0900 [DEBUG] [org.gradle.launcher.daemon.server.Daemon] Starting periodic daemon health check.
2026-09-07T17:37:48.945+0900 [DEBUG] [org.gradle.cache.internal.DefaultFileLockManager] Waiting to acquire shared lock on daemon addresses registry.
2026-09-07T17:37:48.945+0900 [DEBUG] [org.gradle.cache.internal.DefaultFileLockManager] Lock acquired on daemon addresses registry.
2026-09-07T17:37:48.945+0900 [DEBUG] [org.gradle.cache.internal.DefaultFileLockManager] Releasing lock on daemon addresses registry.
2026-09-07T17:37:48.946+0900 [DEBUG] [org.gradle.cache.internal.DefaultFileLockManager] Waiting to acquire shared lock on daemon addresses registry.
2026-09-07T17:37:48.946+0900 [DEBUG] [org.gradle.cache.internal.DefaultFileLockManager] Lock acquired on daemon addresses registry.
2026-09-07T17:37:48.946+0900 [DEBUG] [org.gradle.cache.internal.DefaultFileLockManager] Releasing lock on daemon addresses registry.
2026-09-07T17:37:48.946+0900 [DEBUG] [org.gradle.launcher.daemon.server.Daemon] Finished periodic daemon health check.
2026-09-07T17:37:58.937+0900 [DEBUG] [org.gradle.launcher.daemon.server.Daemon] Starting periodic daemon health check.
2026-09-07T17:37:58.938+0900 [DEBUG] [org.gradle.cache.internal.DefaultFileLockManager] Waiting to acquire shared lock on daemon addresses registry.
2026-09-07T17:37:58.938+0900 [DEBUG] [org.gradle.cache.internal.DefaultFileLockManager] Lock acquired on daemon addresses registry.
2026-09-07T17:37:58.938+0900 [DEBUG] [org.gradle.cache.internal.DefaultFileLockManager] Releasing lock on daemon addresses registry.
2026-09-07T17:37:58.939+0900 [DEBUG] [org.gradle.cache.internal.DefaultFileLockManager] Waiting to acquire shared lock on daemon addresses registry.
2026-09-07T17:37:58.939+0900 [DEBUG] [org.gradle.cache.internal.DefaultFileLockManager] Lock acquired on daemon addresses registry.
2026-09-07T17:37:58.940+0900 [DEBUG] [org.gradle.cache.internal.DefaultFileLockManager] Releasing lock on daemon addresses registry.
2026-09-07T17:37:58.940+0900 [DEBUG] [org.gradle.launcher.daemon.server.Daemon] Finished periodic daemon health check.
2026-09-07T17:38:08.937+0900 [DEBUG] [org.gradle.launcher.daemon.server.Daemon] Starting periodic daemon health check.
2026-09-07T17:38:08.938+0900 [DEBUG] [org.gradle.cache.internal.DefaultFileLockManager] Waiting to acquire shared lock on daemon addresses registry.
2026-09-07T17:38:08.938+0900 [DEBUG] [org.gradle.cache.internal.DefaultFileLockManager] Lock acquired on daemon addresses registry.
2026-09-07T17:38:08.939+0900 [DEBUG] [org.gradle.cache.internal.DefaultFileLockManager] Releasing lock on daemon addresses registry.
2026-09-07T17:38:08.940+0900 [DEBUG] [org.gradle.cache.internal.DefaultFileLockManager] Waiting to acquire shared lock on daemon addresses registry.
2026-09-07T17:38:08.940+0900 [DEBUG] [org.gradle.cache.internal.DefaultFileLockManager] Lock acquired on daemon addresses registry.
2026-09-07T17:38:08.940+0900 [DEBUG] [org.gradle.cache.internal.DefaultFileLockManager] Releasing lock on daemon addresses registry.
2026-09-07T17:38:08.940+0900 [DEBUG] [org.gradle.launcher.daemon.server.Daemon] Finished periodic daemon health check.
2026-09-07T17:38:18.937+0900 [DEBUG] [org.gradle.launcher.daemon.server.Daemon] Starting periodic daemon health check.
2026-09-07T17:38:18.937+0900 [DEBUG] [org.gradle.cache.internal.DefaultFileLockManager] Waiting to acquire shared lock on daemon addresses registry.
2026-09-07T17:38:18.938+0900 [DEBUG] [org.gradle.cache.internal.DefaultFileLockManager] Lock acquired on daemon addresses registry.
2026-09-07T17:38:18.938+0900 [DEBUG] [org.gradle.cache.internal.DefaultFileLockManager] Releasing lock on daemon addresses registry.
2026-09-07T17:38:18.938+0900 [DEBUG] [org.gradle.cache.internal.DefaultFileLockManager] Waiting to acquire shared lock on daemon addresses registry.
2026-09-07T17:38:18.938+0900 [DEBUG] [org.gradle.cache.internal.DefaultFileLockManager] Lock acquired on daemon addresses registry.
2026-09-07T17:38:18.938+0900 [DEBUG] [org.gradle.cache.internal.DefaultFileLockManager] Releasing lock on daemon addresses registry.
2026-09-07T17:38:18.938+0900 [DEBUG] [org.gradle.launcher.daemon.server.Daemon] Finished periodic daemon health check.
2026-09-07T17:38:28.945+0900 [DEBUG] [org.gradle.launcher.daemon.server.Daemon] Starting periodic daemon health check.
2026-09-07T17:38:28.946+0900 [DEBUG] [org.gradle.cache.internal.DefaultFileLockManager] Waiting to acquire shared lock on daemon addresses registry.
2026-09-07T17:38:28.946+0900 [DEBUG] [org.gradle.cache.internal.DefaultFileLockManager] Lock acquired on daemon addresses registry.
2026-09-07T17:38:28.946+0900 [DEBUG] [org.gradle.cache.internal.DefaultFileLockManager] Releasing lock on daemon addresses registry.
2026-09-07T17:38:28.947+0900 [DEBUG] [org.gradle.cache.internal.DefaultFileLockManager] Waiting to acquire shared lock on daemon addresses registry.
2026-09-07T17:38:28.947+0900 [DEBUG] [org.gradle.cache.internal.DefaultFileLockManager] Lock acquired on daemon addresses registry.
2026-09-07T17:38:28.947+0900 [DEBUG] [org.gradle.cache.internal.DefaultFileLockManager] Releasing lock on daemon addresses registry.
2026-09-07T17:38:28.947+0900 [DEBUG] [org.gradle.launcher.daemon.server.Daemon] Finished periodic daemon health check.
2026-09-07T17:38:38.949+0900 [DEBUG] [org.gradle.launcher.daemon.server.Daemon] Starting periodic daemon health check.
2026-09-07T17:38:38.949+0900 [DEBUG] [org.gradle.cache.internal.DefaultFileLockManager] Waiting to acquire shared lock on daemon addresses registry.
2026-09-07T17:38:38.949+0900 [DEBUG] [org.gradle.cache.internal.DefaultFileLockManager] Lock acquired on daemon addresses registry.
2026-09-07T17:38:38.950+0900 [DEBUG] [org.gradle.cache.internal.DefaultFileLockManager] Releasing lock on daemon addresses registry.
2026-09-07T17:38:38.950+0900 [DEBUG] [org.gradle.cache.internal.DefaultFileLockManager] Waiting to acquire shared lock on daemon addresses registry.
2026-09-07T17:38:38.950+0900 [DEBUG] [org.gradle.cache.internal.DefaultFileLockManager] Lock acquired on daemon addresses registry.
2026-09-07T17:38:38.950+0900 [DEBUG] [org.gradle.cache.internal.DefaultFileLockManager] Releasing lock on daemon addresses registry.
2026-09-07T17:38:38.950+0900 [DEBUG] [org.gradle.launcher.daemon.server.Daemon] Finished periodic daemon health check.
2026-09-07T17:38:48.942+0900 [DEBUG] [org.gradle.launcher.daemon.server.Daemon] Starting periodic daemon health check.
2026-09-07T17:38:48.943+0900 [DEBUG] [org.gradle.cache.internal.DefaultFileLockManager] Waiting to acquire shared lock on daemon addresses registry.
2026-09-07T17:38:48.943+0900 [DEBUG] [org.gradle.cache.internal.DefaultFileLockManager] Lock acquired on daemon addresses registry.
2026-09-07T17:38:48.943+0900 [DEBUG] [org.gradle.cache.internal.DefaultFileLockManager] Releasing lock on daemon addresses registry.
2026-09-07T17:38:48.944+0900 [DEBUG] [org.gradle.cache.internal.DefaultFileLockManager] Waiting to acquire shared lock on daemon addresses registry.
2026-09-07T17:38:48.944+0900 [DEBUG] [org.gradle.cache.internal.DefaultFileLockManager] Lock acquired on daemon addresses registry.
2026-09-07T17:38:48.944+0900 [DEBUG] [org.gradle.cache.internal.DefaultFileLockManager] Releasing lock on daemon addresses registry.
2026-09-07T17:38:48.944+0900 [DEBUG] [org.gradle.launcher.daemon.server.Daemon] Finished periodic daemon health check.
2026-09-07T17:38:58.940+0900 [DEBUG] [org.gradle.launcher.daemon.server.Daemon] Starting periodic daemon health check.
2026-09-07T17:38:58.941+0900 [DEBUG] [org.gradle.cache.internal.DefaultFileLockManager] Waiting to acquire shared lock on daemon addresses registry.
2026-09-07T17:38:58.941+0900 [DEBUG] [org.gradle.cache.internal.DefaultFileLockManager] Lock acquired on daemon addresses registry.
2026-09-07T17:38:58.941+0900 [DEBUG] [org.gradle.cache.internal.DefaultFileLockManager] Releasing lock on daemon addresses registry.
2026-09-07T17:38:58.942+0900 [DEBUG] [org.gradle.cache.internal.DefaultFileLockManager] Waiting to acquire shared lock on daemon addresses registry.
2026-09-07T17:38:58.942+0900 [DEBUG] [org.gradle.cache.internal.DefaultFileLockManager] Lock acquired on daemon addresses registry.
2026-09-07T17:38:58.942+0900 [DEBUG] [org.gradle.cache.internal.DefaultFileLockManager] Releasing lock on daemon addresses registry.
2026-09-07T17:38:58.942+0900 [DEBUG] [org.gradle.launcher.daemon.server.Daemon] Finished periodic daemon health check.
2026-09-07T17:39:08.938+0900 [DEBUG] [org.gradle.launcher.daemon.server.Daemon] Starting periodic daemon health check.
2026-09-07T17:39:08.939+0900 [DEBUG] [org.gradle.cache.internal.DefaultFileLockManager] Waiting to acquire shared lock on daemon addresses registry.
2026-09-07T17:39:08.939+0900 [DEBUG] [org.gradle.cache.internal.DefaultFileLockManager] Lock acquired on daemon addresses registry.
2026-09-07T17:39:08.939+0900 [DEBUG] [org.gradle.cache.internal.DefaultFileLockManager] Releasing lock on daemon addresses registry.
2026-09-07T17:39:08.940+0900 [DEBUG] [org.gradle.cache.internal.DefaultFileLockManager] Waiting to acquire shared lock on daemon addresses registry.
2026-09-07T17:39:08.940+0900 [DEBUG] [org.gradle.cache.internal.DefaultFileLockManager] Lock acquired on daemon addresses registry.
2026-09-07T17:39:08.940+0900 [DEBUG] [org.gradle.cache.internal.DefaultFileLockManager] Releasing lock on daemon addresses registry.
2026-09-07T17:39:08.940+0900 [DEBUG] [org.gradle.launcher.daemon.server.Daemon] Finished periodic daemon health check.
2026-09-07T17:39:18.941+0900 [DEBUG] [org.gradle.launcher.daemon.server.Daemon] Starting periodic daemon health check.
2026-09-07T17:39:18.942+0900 [DEBUG] [org.gradle.cache.internal.DefaultFileLockManager] Waiting to acquire shared lock on daemon addresses registry.
2026-09-07T17:39:18.943+0900 [DEBUG] [org.gradle.cache.internal.DefaultFileLockManager] Lock acquired on daemon addresses registry.
2026-09-07T17:39:18.943+0900 [DEBUG] [org.gradle.cache.internal.DefaultFileLockManager] Releasing lock on daemon addresses registry.
2026-09-07T17:39:18.944+0900 [DEBUG] [org.gradle.cache.internal.DefaultFileLockManager] Waiting to acquire shared lock on daemon addresses registry.
2026-09-07T17:39:18.944+0900 [DEBUG] [org.gradle.cache.internal.DefaultFileLockManager] Lock acquired on daemon addresses registry.
2026-09-07T17:39:18.944+0900 [DEBUG] [org.gradle.cache.internal.DefaultFileLockManager] Releasing lock on daemon addresses registry.
2026-09-07T17:39:18.944+0900 [DEBUG] [org.gradle.launcher.daemon.server.Daemon] Finished periodic daemon health check.
2026-09-07T17:39:28.951+0900 [DEBUG] [org.gradle.launcher.daemon.server.Daemon] Starting periodic daemon health check.
2026-09-07T17:39:28.952+0900 [DEBUG] [org.gradle.cache.internal.DefaultFileLockManager] Waiting to acquire shared lock on daemon addresses registry.
2026-09-07T17:39:28.952+0900 [DEBUG] [org.gradle.cache.internal.DefaultFileLockManager] Lock acquired on daemon addresses registry.
2026-09-07T17:39:28.952+0900 [DEBUG] [org.gradle.cache.internal.DefaultFileLockManager] Releasing lock on daemon addresses registry.
2026-09-07T17:39:28.953+0900 [DEBUG] [org.gradle.cache.internal.DefaultFileLockManager] Waiting to acquire shared lock on daemon addresses registry.
2026-09-07T17:39:28.954+0900 [DEBUG] [org.gradle.cache.internal.DefaultFileLockManager] Lock acquired on daemon addresses registry.
2026-09-07T17:39:28.954+0900 [DEBUG] [org.gradle.cache.internal.DefaultFileLockManager] Releasing lock on daemon addresses registry.
2026-09-07T17:39:28.954+0900 [DEBUG] [org.gradle.launcher.daemon.server.Daemon] Finished periodic daemon health check.
2026-09-07T17:39:38.939+0900 [DEBUG] [org.gradle.launcher.daemon.server.Daemon] Starting periodic daemon health check.
2026-09-07T17:39:38.940+0900 [DEBUG] [org.gradle.cache.internal.DefaultFileLockManager] Waiting to acquire shared lock on daemon addresses registry.
2026-09-07T17:39:38.940+0900 [DEBUG] [org.gradle.cache.internal.DefaultFileLockManager] Lock acquired on daemon addresses registry.
2026-09-07T17:39:38.940+0900 [DEBUG] [org.gradle.cache.internal.DefaultFileLockManager] Releasing lock on daemon addresses registry.
2026-09-07T17:39:38.941+0900 [DEBUG] [org.gradle.cache.internal.DefaultFileLockManager] Waiting to acquire shared lock on daemon addresses registry.
2026-09-07T17:39:38.941+0900 [DEBUG] [org.gradle.cache.internal.DefaultFileLockManager] Lock acquired on daemon addresses registry.
2026-09-07T17:39:38.941+0900 [DEBUG] [org.gradle.cache.internal.DefaultFileLockManager] Releasing lock on daemon addresses registry.
2026-09-07T17:39:38.941+0900 [DEBUG] [org.gradle.launcher.daemon.server.Daemon] Finished periodic daemon health check.
2026-09-07T17:39:48.947+0900 [DEBUG] [org.gradle.launcher.daemon.server.Daemon] Starting periodic daemon health check.
2026-09-07T17:39:48.948+0900 [DEBUG] [org.gradle.cache.internal.DefaultFileLockManager] Waiting to acquire shared lock on daemon addresses registry.
2026-09-07T17:39:48.948+0900 [DEBUG] [org.gradle.cache.internal.DefaultFileLockManager] Lock acquired on daemon addresses registry.
2026-09-07T17:39:48.948+0900 [DEBUG] [org.gradle.cache.internal.DefaultFileLockManager] Releasing lock on daemon addresses registry.
2026-09-07T17:39:48.949+0900 [DEBUG] [org.gradle.cache.internal.DefaultFileLockManager] Waiting to acquire shared lock on daemon addresses registry.
2026-09-07T17:39:48.949+0900 [DEBUG] [org.gradle.cache.internal.DefaultFileLockManager] Lock acquired on daemon addresses registry.
2026-09-07T17:39:48.950+0900 [DEBUG] [org.gradle.cache.internal.DefaultFileLockManager] Releasing lock on daemon addresses registry.
2026-09-07T17:39:48.950+0900 [DEBUG] [org.gradle.launcher.daemon.server.Daemon] Finished periodic daemon health check.
2026-09-07T17:39:58.940+0900 [DEBUG] [org.gradle.launcher.daemon.server.Daemon] Starting periodic daemon health check.
2026-09-07T17:39:58.941+0900 [DEBUG] [org.gradle.cache.internal.DefaultFileLockManager] Waiting to acquire shared lock on daemon addresses registry.
2026-09-07T17:39:58.941+0900 [DEBUG] [org.gradle.cache.internal.DefaultFileLockManager] Lock acquired on daemon addresses registry.
2026-09-07T17:39:58.941+0900 [DEBUG] [org.gradle.cache.internal.DefaultFileLockManager] Releasing lock on daemon addresses registry.
2026-09-07T17:39:58.943+0900 [DEBUG] [org.gradle.cache.internal.DefaultFileLockManager] Waiting to acquire shared lock on daemon addresses registry.
2026-09-07T17:39:58.943+0900 [DEBUG] [org.gradle.cache.internal.DefaultFileLockManager] Lock acquired on daemon addresses registry.
2026-09-07T17:39:58.943+0900 [DEBUG] [org.gradle.cache.internal.DefaultFileLockManager] Releasing lock on daemon addresses registry.
2026-09-07T17:39:58.943+0900 [DEBUG] [org.gradle.launcher.daemon.server.Daemon] Finished periodic daemon health check.
2026-09-07T17:40:08.948+0900 [DEBUG] [org.gradle.launcher.daemon.server.Daemon] Starting periodic daemon health check.
2026-09-07T17:40:08.948+0900 [DEBUG] [org.gradle.cache.internal.DefaultFileLockManager] Waiting to acquire shared lock on daemon addresses registry.
2026-09-07T17:40:08.948+0900 [DEBUG] [org.gradle.cache.internal.DefaultFileLockManager] Lock acquired on daemon addresses registry.
2026-09-07T17:40:08.948+0900 [DEBUG] [org.gradle.cache.internal.DefaultFileLockManager] Releasing lock on daemon addresses registry.
2026-09-07T17:40:08.949+0900 [DEBUG] [org.gradle.cache.internal.DefaultFileLockManager] Waiting to acquire shared lock on daemon addresses registry.
2026-09-07T17:40:08.949+0900 [DEBUG] [org.gradle.cache.internal.DefaultFileLockManager] Lock acquired on daemon addresses registry.
2026-09-07T17:40:08.949+0900 [DEBUG] [org.gradle.cache.internal.DefaultFileLockManager] Releasing lock on daemon addresses registry.
2026-09-07T17:40:08.949+0900 [DEBUG] [org.gradle.launcher.daemon.server.Daemon] Finished periodic daemon health check.
2026-09-07T17:40:18.942+0900 [DEBUG] [org.gradle.launcher.daemon.server.Daemon] Starting periodic daemon health check.
2026-09-07T17:40:18.943+0900 [DEBUG] [org.gradle.cache.internal.DefaultFileLockManager] Waiting to acquire shared lock on daemon addresses registry.
2026-09-07T17:40:18.943+0900 [DEBUG] [org.gradle.cache.internal.DefaultFileLockManager] Lock acquired on daemon addresses registry.
2026-09-07T17:40:18.944+0900 [DEBUG] [org.gradle.cache.internal.DefaultFileLockManager] Releasing lock on daemon addresses registry.
2026-09-07T17:40:18.945+0900 [DEBUG] [org.gradle.cache.internal.DefaultFileLockManager] Waiting to acquire shared lock on daemon addresses registry.
2026-09-07T17:40:18.945+0900 [DEBUG] [org.gradle.cache.internal.DefaultFileLockManager] Lock acquired on daemon addresses registry.
2026-09-07T17:40:18.945+0900 [DEBUG] [org.gradle.cache.internal.DefaultFileLockManager] Releasing lock on daemon addresses registry.
2026-09-07T17:40:18.946+0900 [DEBUG] [org.gradle.launcher.daemon.server.Daemon] Finished periodic daemon health check.
2026-09-07T17:40:28.939+0900 [DEBUG] [org.gradle.launcher.daemon.server.Daemon] Starting periodic daemon health check.
2026-09-07T17:40:28.940+0900 [DEBUG] [org.gradle.cache.internal.DefaultFileLockManager] Waiting to acquire shared lock on daemon addresses registry.
2026-09-07T17:40:28.940+0900 [DEBUG] [org.gradle.cache.internal.DefaultFileLockManager] Lock acquired on daemon addresses registry.
2026-09-07T17:40:28.940+0900 [DEBUG] [org.gradle.cache.internal.DefaultFileLockManager] Releasing lock on daemon addresses registry.
2026-09-07T17:40:28.942+0900 [DEBUG] [org.gradle.cache.internal.DefaultFileLockManager] Waiting to acquire shared lock on daemon addresses registry.
2026-09-07T17:40:28.942+0900 [DEBUG] [org.gradle.cache.internal.DefaultFileLockManager] Lock acquired on daemon addresses registry.
2026-09-07T17:40:28.942+0900 [DEBUG] [org.gradle.cache.internal.DefaultFileLockManager] Releasing lock on daemon addresses registry.
2026-09-07T17:40:28.942+0900 [DEBUG] [org.gradle.launcher.daemon.server.Daemon] Finished periodic daemon health check.
2026-09-07T17:40:38.951+0900 [DEBUG] [org.gradle.launcher.daemon.server.Daemon] Starting periodic daemon health check.
2026-09-07T17:40:38.952+0900 [DEBUG] [org.gradle.cache.internal.DefaultFileLockManager] Waiting to acquire shared lock on daemon addresses registry.
2026-09-07T17:40:38.953+0900 [DEBUG] [org.gradle.cache.internal.DefaultFileLockManager] Lock acquired on daemon addresses registry.
2026-09-07T17:40:38.953+0900 [DEBUG] [org.gradle.cache.internal.DefaultFileLockManager] Releasing lock on daemon addresses registry.
2026-09-07T17:40:38.953+0900 [DEBUG] [org.gradle.cache.internal.DefaultFileLockManager] Waiting to acquire shared lock on daemon addresses registry.
2026-09-07T17:40:38.954+0900 [DEBUG] [org.gradle.cache.internal.DefaultFileLockManager] Lock acquired on daemon addresses registry.
2026-09-07T17:40:38.954+0900 [DEBUG] [org.gradle.cache.internal.DefaultFileLockManager] Releasing lock on daemon addresses registry.
2026-09-07T17:40:38.954+0900 [DEBUG] [org.gradle.launcher.daemon.server.Daemon] Finished periodic daemon health check.
2026-09-07T17:40:41.639+0900 [DEBUG] [org.gradle.internal.watch.vfs.impl.WatchingVirtualFileSystem] Handling VFS change CREATED C:\Users\SSAFY\Desktop\스터디\travel\src\main\java\com\example\travel\controller\AGENTS.md
2026-09-07T17:40:42.193+0900 [DEBUG] [org.gradle.internal.watch.vfs.impl.WatchingVirtualFileSystem] Handling VFS change CREATED C:\Users\SSAFY\Desktop\스터디\travel\src\main\java\com\example\travel\preference\AGENTS.md
2026-09-07T17:40:42.753+0900 [DEBUG] [org.gradle.internal.watch.vfs.impl.WatchingVirtualFileSystem] Handling VFS change CREATED C:\Users\SSAFY\Desktop\스터디\travel\src\main\java\com\example\travel\user\AGENTS.md
2026-09-07T17:40:48.940+0900 [DEBUG] [org.gradle.launcher.daemon.server.Daemon] Starting periodic daemon health check.
2026-09-07T17:40:48.941+0900 [DEBUG] [org.gradle.cache.internal.DefaultFileLockManager] Waiting to acquire shared lock on daemon addresses registry.
2026-09-07T17:40:48.941+0900 [DEBUG] [org.gradle.cache.internal.DefaultFileLockManager] Lock acquired on daemon addresses registry.
2026-09-07T17:40:48.941+0900 [DEBUG] [org.gradle.cache.internal.DefaultFileLockManager] Releasing lock on daemon addresses registry.
2026-09-07T17:40:48.942+0900 [DEBUG] [org.gradle.cache.internal.DefaultFileLockManager] Waiting to acquire shared lock on daemon addresses registry.
2026-09-07T17:40:48.942+0900 [DEBUG] [org.gradle.cache.internal.DefaultFileLockManager] Lock acquired on daemon addresses registry.
2026-09-07T17:40:48.942+0900 [DEBUG] [org.gradle.cache.internal.DefaultFileLockManager] Releasing lock on daemon addresses registry.
2026-09-07T17:40:48.942+0900 [DEBUG] [org.gradle.launcher.daemon.server.Daemon] Finished periodic daemon health check.
2026-09-07T17:40:58.944+0900 [DEBUG] [org.gradle.launcher.daemon.server.Daemon] Starting periodic daemon health check.
2026-09-07T17:40:58.945+0900 [DEBUG] [org.gradle.cache.internal.DefaultFileLockManager] Waiting to acquire shared lock on daemon addresses registry.
2026-09-07T17:40:58.945+0900 [DEBUG] [org.gradle.cache.internal.DefaultFileLockManager] Lock acquired on daemon addresses registry.
2026-09-07T17:40:58.945+0900 [DEBUG] [org.gradle.cache.internal.DefaultFileLockManager] Releasing lock on daemon addresses registry.
2026-09-07T17:40:58.946+0900 [DEBUG] [org.gradle.cache.internal.DefaultFileLockManager] Waiting to acquire shared lock on daemon addresses registry.
2026-09-07T17:40:58.946+0900 [DEBUG] [org.gradle.cache.internal.DefaultFileLockManager] Lock acquired on daemon addresses registry.
2026-09-07T17:40:58.946+0900 [DEBUG] [org.gradle.cache.internal.DefaultFileLockManager] Releasing lock on daemon addresses registry.
2026-09-07T17:40:58.946+0900 [DEBUG] [org.gradle.launcher.daemon.server.Daemon] Finished periodic daemon health check.
2026-09-07T17:41:08.947+0900 [DEBUG] [org.gradle.launcher.daemon.server.Daemon] Starting periodic daemon health check.
2026-09-07T17:41:08.949+0900 [DEBUG] [org.gradle.cache.internal.DefaultFileLockManager] Waiting to acquire shared lock on daemon addresses registry.
2026-09-07T17:41:08.949+0900 [DEBUG] [org.gradle.cache.internal.DefaultFileLockManager] Lock acquired on daemon addresses registry.
2026-09-07T17:41:08.949+0900 [DEBUG] [org.gradle.cache.internal.DefaultFileLockManager] Releasing lock on daemon addresses registry.
2026-09-07T17:41:08.951+0900 [DEBUG] [org.gradle.cache.internal.DefaultFileLockManager] Waiting to acquire shared lock on daemon addresses registry.
2026-09-07T17:41:08.951+0900 [DEBUG] [org.gradle.cache.internal.DefaultFileLockManager] Lock acquired on daemon addresses registry.
2026-09-07T17:41:08.951+0900 [DEBUG] [org.gradle.cache.internal.DefaultFileLockManager] Releasing lock on daemon addresses registry.
2026-09-07T17:41:08.952+0900 [DEBUG] [org.gradle.launcher.daemon.server.Daemon] Finished periodic daemon health check.
2026-09-07T17:41:17.561+0900 [DEBUG] [org.gradle.internal.watch.vfs.impl.WatchingVirtualFileSystem] Handling VFS change CREATED C:\Users\SSAFY\Desktop\스터디\travel\src\main\resources\travela-1.0.0\AGENTS.md
2026-09-07T17:41:18.942+0900 [DEBUG] [org.gradle.launcher.daemon.server.Daemon] Starting periodic daemon health check.
2026-09-07T17:41:18.943+0900 [DEBUG] [org.gradle.cache.internal.DefaultFileLockManager] Waiting to acquire shared lock on daemon addresses registry.
2026-09-07T17:41:18.943+0900 [DEBUG] [org.gradle.cache.internal.DefaultFileLockManager] Lock acquired on daemon addresses registry.
2026-09-07T17:41:18.943+0900 [DEBUG] [org.gradle.cache.internal.DefaultFileLockManager] Releasing lock on daemon addresses registry.
2026-09-07T17:41:18.944+0900 [DEBUG] [org.gradle.cache.internal.DefaultFileLockManager] Waiting to acquire shared lock on daemon addresses registry.
2026-09-07T17:41:18.945+0900 [DEBUG] [org.gradle.cache.internal.DefaultFileLockManager] Lock acquired on daemon addresses registry.
2026-09-07T17:41:18.945+0900 [DEBUG] [org.gradle.cache.internal.DefaultFileLockManager] Releasing lock on daemon addresses registry.
2026-09-07T17:41:18.945+0900 [DEBUG] [org.gradle.launcher.daemon.server.Daemon] Finished periodic daemon health check.
2026-09-07T17:41:28.939+0900 [DEBUG] [org.gradle.launcher.daemon.server.Daemon] Starting periodic daemon health check.
2026-09-07T17:41:28.940+0900 [DEBUG] [org.gradle.cache.internal.DefaultFileLockManager] Waiting to acquire shared lock on daemon addresses registry.
2026-09-07T17:41:28.940+0900 [DEBUG] [org.gradle.cache.internal.DefaultFileLockManager] Lock acquired on daemon addresses registry.
2026-09-07T17:41:28.941+0900 [DEBUG] [org.gradle.cache.internal.DefaultFileLockManager] Releasing lock on daemon addresses registry.
2026-09-07T17:41:28.942+0900 [DEBUG] [org.gradle.cache.internal.DefaultFileLockManager] Waiting to acquire shared lock on daemon addresses registry.
2026-09-07T17:41:28.942+0900 [DEBUG] [org.gradle.cache.internal.DefaultFileLockManager] Lock acquired on daemon addresses registry.
2026-09-07T17:41:28.942+0900 [DEBUG] [org.gradle.cache.internal.DefaultFileLockManager] Releasing lock on daemon addresses registry.
2026-09-07T17:41:28.942+0900 [DEBUG] [org.gradle.launcher.daemon.server.Daemon] Finished periodic daemon health check.
2026-09-07T17:41:38.944+0900 [DEBUG] [org.gradle.launcher.daemon.server.Daemon] Starting periodic daemon health check.
2026-09-07T17:41:38.945+0900 [DEBUG] [org.gradle.cache.internal.DefaultFileLockManager] Waiting to acquire shared lock on daemon addresses registry.
2026-09-07T17:41:38.945+0900 [DEBUG] [org.gradle.cache.internal.DefaultFileLockManager] Lock acquired on daemon addresses registry.
2026-09-07T17:41:38.946+0900 [DEBUG] [org.gradle.cache.internal.DefaultFileLockManager] Releasing lock on daemon addresses registry.
2026-09-07T17:41:38.947+0900 [DEBUG] [org.gradle.cache.internal.DefaultFileLockManager] Waiting to acquire shared lock on daemon addresses registry.
2026-09-07T17:41:38.947+0900 [DEBUG] [org.gradle.cache.internal.DefaultFileLockManager] Lock acquired on daemon addresses registry.
2026-09-07T17:41:38.947+0900 [DEBUG] [org.gradle.cache.internal.DefaultFileLockManager] Releasing lock on daemon addresses registry.
2026-09-07T17:41:38.947+0900 [DEBUG] [org.gradle.launcher.daemon.server.Daemon] Finished periodic daemon health check.
2026-09-07T17:41:48.950+0900 [DEBUG] [org.gradle.launcher.daemon.server.Daemon] Starting periodic daemon health check.
2026-09-07T17:41:48.951+0900 [DEBUG] [org.gradle.cache.internal.DefaultFileLockManager] Waiting to acquire shared lock on daemon addresses registry.
2026-09-07T17:41:48.952+0900 [DEBUG] [org.gradle.cache.internal.DefaultFileLockManager] Lock acquired on daemon addresses registry.
2026-09-07T17:41:48.952+0900 [DEBUG] [org.gradle.cache.internal.DefaultFileLockManager] Releasing lock on daemon addresses registry.
2026-09-07T17:41:48.953+0900 [DEBUG] [org.gradle.cache.internal.DefaultFileLockManager] Waiting to acquire shared lock on daemon addresses registry.
2026-09-07T17:41:48.953+0900 [DEBUG] [org.gradle.cache.internal.DefaultFileLockManager] Lock acquired on daemon addresses registry.
2026-09-07T17:41:48.953+0900 [DEBUG] [org.gradle.cache.internal.DefaultFileLockManager] Releasing lock on daemon addresses registry.
2026-09-07T17:41:48.953+0900 [DEBUG] [org.gradle.launcher.daemon.server.Daemon] Finished periodic daemon health check.
2026-09-07T17:41:58.941+0900 [DEBUG] [org.gradle.launcher.daemon.server.Daemon] Starting periodic daemon health check.
2026-09-07T17:41:58.942+0900 [DEBUG] [org.gradle.cache.internal.DefaultFileLockManager] Waiting to acquire shared lock on daemon addresses registry.
2026-09-07T17:41:58.942+0900 [DEBUG] [org.gradle.cache.internal.DefaultFileLockManager] Lock acquired on daemon addresses registry.
2026-09-07T17:41:58.942+0900 [DEBUG] [org.gradle.cache.internal.DefaultFileLockManager] Releasing lock on daemon addresses registry.
2026-09-07T17:41:58.944+0900 [DEBUG] [org.gradle.cache.internal.DefaultFileLockManager] Waiting to acquire shared lock on daemon addresses registry.
2026-09-07T17:41:58.944+0900 [DEBUG] [org.gradle.cache.internal.DefaultFileLockManager] Lock acquired on daemon addresses registry.
2026-09-07T17:41:58.944+0900 [DEBUG] [org.gradle.cache.internal.DefaultFileLockManager] Releasing lock on daemon addresses registry.
2026-09-07T17:41:58.944+0900 [DEBUG] [org.gradle.launcher.daemon.server.Daemon] Finished periodic daemon health check.
2026-09-07T17:42:08.949+0900 [DEBUG] [org.gradle.launcher.daemon.server.Daemon] Starting periodic daemon health check.
2026-09-07T17:42:08.950+0900 [DEBUG] [org.gradle.cache.internal.DefaultFileLockManager] Waiting to acquire shared lock on daemon addresses registry.
2026-09-07T17:42:08.950+0900 [DEBUG] [org.gradle.cache.internal.DefaultFileLockManager] Lock acquired on daemon addresses registry.
2026-09-07T17:42:08.950+0900 [DEBUG] [org.gradle.cache.internal.DefaultFileLockManager] Releasing lock on daemon addresses registry.
2026-09-07T17:42:08.951+0900 [DEBUG] [org.gradle.cache.internal.DefaultFileLockManager] Waiting to acquire shared lock on daemon addresses registry.
2026-09-07T17:42:08.951+0900 [DEBUG] [org.gradle.cache.internal.DefaultFileLockManager] Lock acquired on daemon addresses registry.
2026-09-07T17:42:08.952+0900 [DEBUG] [org.gradle.cache.internal.DefaultFileLockManager] Releasing lock on daemon addresses registry.
2026-09-07T17:42:08.952+0900 [DEBUG] [org.gradle.launcher.daemon.server.Daemon] Finished periodic daemon health check.
2026-09-07T17:42:18.942+0900 [DEBUG] [org.gradle.launcher.daemon.server.Daemon] Starting periodic daemon health check.
2026-09-07T17:42:18.943+0900 [DEBUG] [org.gradle.cache.internal.DefaultFileLockManager] Waiting to acquire shared lock on daemon addresses registry.
2026-09-07T17:42:18.943+0900 [DEBUG] [org.gradle.cache.internal.DefaultFileLockManager] Lock acquired on daemon addresses registry.
2026-09-07T17:42:18.943+0900 [DEBUG] [org.gradle.cache.internal.DefaultFileLockManager] Releasing lock on daemon addresses registry.
2026-09-07T17:42:18.944+0900 [DEBUG] [org.gradle.cache.internal.DefaultFileLockManager] Waiting to acquire shared lock on daemon addresses registry.
2026-09-07T17:42:18.944+0900 [DEBUG] [org.gradle.cache.internal.DefaultFileLockManager] Lock acquired on daemon addresses registry.
2026-09-07T17:42:18.944+0900 [DEBUG] [org.gradle.cache.internal.DefaultFileLockManager] Releasing lock on daemon addresses registry.
2026-09-07T17:42:18.944+0900 [DEBUG] [org.gradle.launcher.daemon.server.Daemon] Finished periodic daemon health check.
2026-09-07T17:42:28.948+0900 [DEBUG] [org.gradle.launcher.daemon.server.Daemon] Starting periodic daemon health check.
2026-09-07T17:42:28.949+0900 [DEBUG] [org.gradle.cache.internal.DefaultFileLockManager] Waiting to acquire shared lock on daemon addresses registry.
2026-09-07T17:42:28.949+0900 [DEBUG] [org.gradle.cache.internal.DefaultFileLockManager] Lock acquired on daemon addresses registry.
2026-09-07T17:42:28.949+0900 [DEBUG] [org.gradle.cache.internal.DefaultFileLockManager] Releasing lock on daemon addresses registry.
2026-09-07T17:42:28.950+0900 [DEBUG] [org.gradle.cache.internal.DefaultFileLockManager] Waiting to acquire shared lock on daemon addresses registry.
2026-09-07T17:42:28.951+0900 [DEBUG] [org.gradle.cache.internal.DefaultFileLockManager] Lock acquired on daemon addresses registry.
2026-09-07T17:42:28.951+0900 [DEBUG] [org.gradle.cache.internal.DefaultFileLockManager] Releasing lock on daemon addresses registry.
2026-09-07T17:42:28.951+0900 [DEBUG] [org.gradle.launcher.daemon.server.Daemon] Finished periodic daemon health check.
2026-09-07T17:42:38.950+0900 [DEBUG] [org.gradle.launcher.daemon.server.Daemon] Starting periodic daemon health check.
2026-09-07T17:42:38.951+0900 [DEBUG] [org.gradle.cache.internal.DefaultFileLockManager] Waiting to acquire shared lock on daemon addresses registry.
2026-09-07T17:42:38.951+0900 [DEBUG] [org.gradle.cache.internal.DefaultFileLockManager] Lock acquired on daemon addresses registry.
2026-09-07T17:42:38.952+0900 [DEBUG] [org.gradle.cache.internal.DefaultFileLockManager] Releasing lock on daemon addresses registry.
2026-09-07T17:42:38.952+0900 [DEBUG] [org.gradle.cache.internal.DefaultFileLockManager] Waiting to acquire shared lock on daemon addresses registry.
2026-09-07T17:42:38.952+0900 [DEBUG] [org.gradle.cache.internal.DefaultFileLockManager] Lock acquired on daemon addresses registry.
2026-09-07T17:42:38.953+0900 [DEBUG] [org.gradle.cache.internal.DefaultFileLockManager] Releasing lock on daemon addresses registry.
2026-09-07T17:42:38.953+0900 [DEBUG] [org.gradle.launcher.daemon.server.Daemon] Finished periodic daemon health check.
2026-09-07T17:42:48.945+0900 [DEBUG] [org.gradle.launcher.daemon.server.Daemon] Starting periodic daemon health check.
2026-09-07T17:42:48.946+0900 [DEBUG] [org.gradle.cache.internal.DefaultFileLockManager] Waiting to acquire shared lock on daemon addresses registry.
2026-09-07T17:42:48.946+0900 [DEBUG] [org.gradle.cache.internal.DefaultFileLockManager] Lock acquired on daemon addresses registry.
2026-09-07T17:42:48.946+0900 [DEBUG] [org.gradle.cache.internal.DefaultFileLockManager] Releasing lock on daemon addresses registry.
2026-09-07T17:42:48.947+0900 [DEBUG] [org.gradle.cache.internal.DefaultFileLockManager] Waiting to acquire shared lock on daemon addresses registry.
2026-09-07T17:42:48.947+0900 [DEBUG] [org.gradle.cache.internal.DefaultFileLockManager] Lock acquired on daemon addresses registry.
2026-09-07T17:42:48.948+0900 [DEBUG] [org.gradle.cache.internal.DefaultFileLockManager] Releasing lock on daemon addresses registry.
2026-09-07T17:42:48.948+0900 [DEBUG] [org.gradle.launcher.daemon.server.Daemon] Finished periodic daemon health check.
2026-09-07T17:42:58.945+0900 [DEBUG] [org.gradle.launcher.daemon.server.Daemon] Starting periodic daemon health check.
2026-09-07T17:42:58.946+0900 [DEBUG] [org.gradle.cache.internal.DefaultFileLockManager] Waiting to acquire shared lock on daemon addresses registry.
2026-09-07T17:42:58.946+0900 [DEBUG] [org.gradle.cache.internal.DefaultFileLockManager] Lock acquired on daemon addresses registry.
2026-09-07T17:42:58.946+0900 [DEBUG] [org.gradle.cache.internal.DefaultFileLockManager] Releasing lock on daemon addresses registry.
2026-09-07T17:42:58.947+0900 [DEBUG] [org.gradle.cache.internal.DefaultFileLockManager] Waiting to acquire shared lock on daemon addresses registry.
2026-09-07T17:42:58.947+0900 [DEBUG] [org.gradle.cache.internal.DefaultFileLockManager] Lock acquired on daemon addresses registry.
2026-09-07T17:42:58.947+0900 [DEBUG] [org.gradle.cache.internal.DefaultFileLockManager] Releasing lock on daemon addresses registry.
2026-09-07T17:42:58.947+0900 [DEBUG] [org.gradle.launcher.daemon.server.Daemon] Finished periodic daemon health check.
2026-09-07T17:43:08.939+0900 [DEBUG] [org.gradle.launcher.daemon.server.Daemon] Starting periodic daemon health check.
2026-09-07T17:43:08.940+0900 [DEBUG] [org.gradle.cache.internal.DefaultFileLockManager] Waiting to acquire shared lock on daemon addresses registry.
2026-09-07T17:43:08.940+0900 [DEBUG] [org.gradle.cache.internal.DefaultFileLockManager] Lock acquired on daemon addresses registry.
2026-09-07T17:43:08.941+0900 [DEBUG] [org.gradle.cache.internal.DefaultFileLockManager] Releasing lock on daemon addresses registry.
2026-09-07T17:43:08.941+0900 [DEBUG] [org.gradle.cache.internal.DefaultFileLockManager] Waiting to acquire shared lock on daemon addresses registry.
2026-09-07T17:43:08.942+0900 [DEBUG] [org.gradle.cache.internal.DefaultFileLockManager] Lock acquired on daemon addresses registry.
2026-09-07T17:43:08.942+0900 [DEBUG] [org.gradle.cache.internal.DefaultFileLockManager] Releasing lock on daemon addresses registry.
2026-09-07T17:43:08.942+0900 [DEBUG] [org.gradle.launcher.daemon.server.Daemon] Finished periodic daemon health check.
2026-09-07T17:43:18.950+0900 [DEBUG] [org.gradle.launcher.daemon.server.Daemon] Starting periodic daemon health check.
2026-09-07T17:43:18.952+0900 [DEBUG] [org.gradle.cache.internal.DefaultFileLockManager] Waiting to acquire shared lock on daemon addresses registry.
2026-09-07T17:43:18.952+0900 [DEBUG] [org.gradle.cache.internal.DefaultFileLockManager] Lock acquired on daemon addresses registry.
2026-09-07T17:43:18.952+0900 [DEBUG] [org.gradle.cache.internal.DefaultFileLockManager] Releasing lock on daemon addresses registry.
2026-09-07T17:43:18.953+0900 [DEBUG] [org.gradle.cache.internal.DefaultFileLockManager] Waiting to acquire shared lock on daemon addresses registry.
2026-09-07T17:43:18.953+0900 [DEBUG] [org.gradle.cache.internal.DefaultFileLockManager] Lock acquired on daemon addresses registry.
2026-09-07T17:43:18.954+0900 [DEBUG] [org.gradle.cache.internal.DefaultFileLockManager] Releasing lock on daemon addresses registry.
2026-09-07T17:43:18.954+0900 [DEBUG] [org.gradle.launcher.daemon.server.Daemon] Finished periodic daemon health check.
2026-09-07T17:43:28.941+0900 [DEBUG] [org.gradle.launcher.daemon.server.Daemon] Starting periodic daemon health check.
2026-09-07T17:43:28.941+0900 [DEBUG] [org.gradle.cache.internal.DefaultFileLockManager] Waiting to acquire shared lock on daemon addresses registry.
2026-09-07T17:43:28.941+0900 [DEBUG] [org.gradle.cache.internal.DefaultFileLockManager] Lock acquired on daemon addresses registry.
2026-09-07T17:43:28.941+0900 [DEBUG] [org.gradle.cache.internal.DefaultFileLockManager] Releasing lock on daemon addresses registry.
2026-09-07T17:43:28.942+0900 [DEBUG] [org.gradle.cache.internal.DefaultFileLockManager] Waiting to acquire shared lock on daemon addresses registry.
2026-09-07T17:43:28.942+0900 [DEBUG] [org.gradle.cache.internal.DefaultFileLockManager] Lock acquired on daemon addresses registry.
2026-09-07T17:43:28.942+0900 [DEBUG] [org.gradle.cache.internal.DefaultFileLockManager] Releasing lock on daemon addresses registry.
2026-09-07T17:43:28.942+0900 [DEBUG] [org.gradle.launcher.daemon.server.Daemon] Finished periodic daemon health check.
2026-09-07T17:43:38.952+0900 [DEBUG] [org.gradle.launcher.daemon.server.Daemon] Starting periodic daemon health check.
2026-09-07T17:43:38.953+0900 [DEBUG] [org.gradle.cache.internal.DefaultFileLockManager] Waiting to acquire shared lock on daemon addresses registry.
2026-09-07T17:43:38.953+0900 [DEBUG] [org.gradle.cache.internal.DefaultFileLockManager] Lock acquired on daemon addresses registry.
2026-09-07T17:43:38.953+0900 [DEBUG] [org.gradle.cache.internal.DefaultFileLockManager] Releasing lock on daemon addresses registry.
2026-09-07T17:43:38.954+0900 [DEBUG] [org.gradle.cache.internal.DefaultFileLockManager] Waiting to acquire shared lock on daemon addresses registry.
2026-09-07T17:43:38.955+0900 [DEBUG] [org.gradle.cache.internal.DefaultFileLockManager] Lock acquired on daemon addresses registry.
2026-09-07T17:43:38.955+0900 [DEBUG] [org.gradle.cache.internal.DefaultFileLockManager] Releasing lock on daemon addresses registry.
2026-09-07T17:43:38.955+0900 [DEBUG] [org.gradle.launcher.daemon.server.Daemon] Finished periodic daemon health check.
2026-09-07T17:43:48.948+0900 [DEBUG] [org.gradle.launcher.daemon.server.Daemon] Starting periodic daemon health check.
2026-09-07T17:43:48.949+0900 [DEBUG] [org.gradle.cache.internal.DefaultFileLockManager] Waiting to acquire shared lock on daemon addresses registry.
2026-09-07T17:43:48.949+0900 [DEBUG] [org.gradle.cache.internal.DefaultFileLockManager] Lock acquired on daemon addresses registry.
2026-09-07T17:43:48.949+0900 [DEBUG] [org.gradle.cache.internal.DefaultFileLockManager] Releasing lock on daemon addresses registry.
2026-09-07T17:43:48.950+0900 [DEBUG] [org.gradle.cache.internal.DefaultFileLockManager] Waiting to acquire shared lock on daemon addresses registry.
2026-09-07T17:43:48.950+0900 [DEBUG] [org.gradle.cache.internal.DefaultFileLockManager] Lock acquired on daemon addresses registry.
2026-09-07T17:43:48.951+0900 [DEBUG] [org.gradle.cache.internal.DefaultFileLockManager] Releasing lock on daemon addresses registry.
2026-09-07T17:43:48.951+0900 [DEBUG] [org.gradle.launcher.daemon.server.Daemon] Finished periodic daemon health check.
2026-09-07T17:43:58.937+0900 [DEBUG] [org.gradle.launcher.daemon.server.Daemon] Starting periodic daemon health check.
2026-09-07T17:43:58.938+0900 [DEBUG] [org.gradle.cache.internal.DefaultFileLockManager] Waiting to acquire shared lock on daemon addresses registry.
2026-09-07T17:43:58.938+0900 [DEBUG] [org.gradle.cache.internal.DefaultFileLockManager] Lock acquired on daemon addresses registry.
2026-09-07T17:43:58.939+0900 [DEBUG] [org.gradle.cache.internal.DefaultFileLockManager] Releasing lock on daemon addresses registry.
2026-09-07T17:43:58.940+0900 [DEBUG] [org.gradle.cache.internal.DefaultFileLockManager] Waiting to acquire shared lock on daemon addresses registry.
2026-09-07T17:43:58.940+0900 [DEBUG] [org.gradle.cache.internal.DefaultFileLockManager] Lock acquired on daemon addresses registry.
2026-09-07T17:43:58.940+0900 [DEBUG] [org.gradle.cache.internal.DefaultFileLockManager] Releasing lock on daemon addresses registry.
2026-09-07T17:43:58.940+0900 [DEBUG] [org.gradle.launcher.daemon.server.Daemon] Finished periodic daemon health check.
2026-09-07T17:44:08.950+0900 [DEBUG] [org.gradle.launcher.daemon.server.Daemon] Starting periodic daemon health check.
2026-09-07T17:44:08.951+0900 [DEBUG] [org.gradle.cache.internal.DefaultFileLockManager] Waiting to acquire shared lock on daemon addresses registry.
2026-09-07T17:44:08.951+0900 [DEBUG] [org.gradle.cache.internal.DefaultFileLockManager] Lock acquired on daemon addresses registry.
2026-09-07T17:44:08.951+0900 [DEBUG] [org.gradle.cache.internal.DefaultFileLockManager] Releasing lock on daemon addresses registry.
2026-09-07T17:44:08.952+0900 [DEBUG] [org.gradle.cache.internal.DefaultFileLockManager] Waiting to acquire shared lock on daemon addresses registry.
2026-09-07T17:44:08.952+0900 [DEBUG] [org.gradle.cache.internal.DefaultFileLockManager] Lock acquired on daemon addresses registry.
2026-09-07T17:44:08.952+0900 [DEBUG] [org.gradle.cache.internal.DefaultFileLockManager] Releasing lock on daemon addresses registry.
2026-09-07T17:44:08.953+0900 [DEBUG] [org.gradle.launcher.daemon.server.Daemon] Finished periodic daemon health check.
2026-09-07T17:44:18.941+0900 [DEBUG] [org.gradle.launcher.daemon.server.Daemon] Starting periodic daemon health check.
2026-09-07T17:44:18.943+0900 [DEBUG] [org.gradle.cache.internal.DefaultFileLockManager] Waiting to acquire shared lock on daemon addresses registry.
2026-09-07T17:44:18.943+0900 [DEBUG] [org.gradle.cache.internal.DefaultFileLockManager] Lock acquired on daemon addresses registry.
2026-09-07T17:44:18.943+0900 [DEBUG] [org.gradle.cache.internal.DefaultFileLockManager] Releasing lock on daemon addresses registry.
2026-09-07T17:44:18.944+0900 [DEBUG] [org.gradle.cache.internal.DefaultFileLockManager] Waiting to acquire shared lock on daemon addresses registry.
2026-09-07T17:44:18.944+0900 [DEBUG] [org.gradle.cache.internal.DefaultFileLockManager] Lock acquired on daemon addresses registry.
2026-09-07T17:44:18.944+0900 [DEBUG] [org.gradle.cache.internal.DefaultFileLockManager] Releasing lock on daemon addresses registry.
2026-09-07T17:44:18.944+0900 [DEBUG] [org.gradle.launcher.daemon.server.Daemon] Finished periodic daemon health check.
2026-09-07T17:44:28.951+0900 [DEBUG] [org.gradle.launcher.daemon.server.Daemon] Starting periodic daemon health check.
2026-09-07T17:44:28.952+0900 [DEBUG] [org.gradle.cache.internal.DefaultFileLockManager] Waiting to acquire shared lock on daemon addresses registry.
2026-09-07T17:44:28.953+0900 [DEBUG] [org.gradle.cache.internal.DefaultFileLockManager] Lock acquired on daemon addresses registry.
2026-09-07T17:44:28.953+0900 [DEBUG] [org.gradle.cache.internal.DefaultFileLockManager] Releasing lock on daemon addresses registry.
2026-09-07T17:44:28.954+0900 [DEBUG] [org.gradle.cache.internal.DefaultFileLockManager] Waiting to acquire shared lock on daemon addresses registry.
2026-09-07T17:44:28.954+0900 [DEBUG] [org.gradle.cache.internal.DefaultFileLockManager] Lock acquired on daemon addresses registry.
2026-09-07T17:44:28.955+0900 [DEBUG] [org.gradle.cache.internal.DefaultFileLockManager] Releasing lock on daemon addresses registry.
2026-09-07T17:44:28.955+0900 [DEBUG] [org.gradle.launcher.daemon.server.Daemon] Finished periodic daemon health check.
2026-09-07T17:44:38.939+0900 [DEBUG] [org.gradle.launcher.daemon.server.Daemon] Starting periodic daemon health check.
2026-09-07T17:44:38.940+0900 [DEBUG] [org.gradle.cache.internal.DefaultFileLockManager] Waiting to acquire shared lock on daemon addresses registry.
2026-09-07T17:44:38.940+0900 [DEBUG] [org.gradle.cache.internal.DefaultFileLockManager] Lock acquired on daemon addresses registry.
2026-09-07T17:44:38.941+0900 [DEBUG] [org.gradle.cache.internal.DefaultFileLockManager] Releasing lock on daemon addresses registry.
2026-09-07T17:44:38.942+0900 [DEBUG] [org.gradle.cache.internal.DefaultFileLockManager] Waiting to acquire shared lock on daemon addresses registry.
2026-09-07T17:44:38.942+0900 [DEBUG] [org.gradle.cache.internal.DefaultFileLockManager] Lock acquired on daemon addresses registry.
2026-09-07T17:44:38.942+0900 [DEBUG] [org.gradle.cache.internal.DefaultFileLockManager] Releasing lock on daemon addresses registry.
2026-09-07T17:44:38.942+0900 [DEBUG] [org.gradle.launcher.daemon.server.Daemon] Finished periodic daemon health check.
2026-09-07T17:44:48.946+0900 [DEBUG] [org.gradle.launcher.daemon.server.Daemon] Starting periodic daemon health check.
2026-09-07T17:44:48.947+0900 [DEBUG] [org.gradle.cache.internal.DefaultFileLockManager] Waiting to acquire shared lock on daemon addresses registry.
2026-09-07T17:44:48.947+0900 [DEBUG] [org.gradle.cache.internal.DefaultFileLockManager] Lock acquired on daemon addresses registry.
2026-09-07T17:44:48.947+0900 [DEBUG] [org.gradle.cache.internal.DefaultFileLockManager] Releasing lock on daemon addresses registry.
2026-09-07T17:44:48.948+0900 [DEBUG] [org.gradle.cache.internal.DefaultFileLockManager] Waiting to acquire shared lock on daemon addresses registry.
2026-09-07T17:44:48.948+0900 [DEBUG] [org.gradle.cache.internal.DefaultFileLockManager] Lock acquired on daemon addresses registry.
2026-09-07T17:44:48.948+0900 [DEBUG] [org.gradle.cache.internal.DefaultFileLockManager] Releasing lock on daemon addresses registry.
2026-09-07T17:44:48.949+0900 [DEBUG] [org.gradle.launcher.daemon.server.Daemon] Finished periodic daemon health check.
2026-09-07T17:44:58.943+0900 [DEBUG] [org.gradle.launcher.daemon.server.Daemon] Starting periodic daemon health check.
2026-09-07T17:44:58.944+0900 [DEBUG] [org.gradle.cache.internal.DefaultFileLockManager] Waiting to acquire shared lock on daemon addresses registry.
2026-09-07T17:44:58.944+0900 [DEBUG] [org.gradle.cache.internal.DefaultFileLockManager] Lock acquired on daemon addresses registry.
2026-09-07T17:44:58.945+0900 [DEBUG] [org.gradle.cache.internal.DefaultFileLockManager] Releasing lock on daemon addresses registry.
2026-09-07T17:44:58.945+0900 [DEBUG] [org.gradle.cache.internal.DefaultFileLockManager] Waiting to acquire shared lock on daemon addresses registry.
2026-09-07T17:44:58.946+0900 [DEBUG] [org.gradle.cache.internal.DefaultFileLockManager] Lock acquired on daemon addresses registry.
2026-09-07T17:44:58.946+0900 [DEBUG] [org.gradle.cache.internal.DefaultFileLockManager] Releasing lock on daemon addresses registry.
2026-09-07T17:44:58.946+0900 [DEBUG] [org.gradle.launcher.daemon.server.Daemon] Finished periodic daemon health check.
2026-09-07T17:45:08.948+0900 [DEBUG] [org.gradle.launcher.daemon.server.Daemon] Starting periodic daemon health check.
2026-09-07T17:45:08.949+0900 [DEBUG] [org.gradle.cache.internal.DefaultFileLockManager] Waiting to acquire shared lock on daemon addresses registry.
2026-09-07T17:45:08.949+0900 [DEBUG] [org.gradle.cache.internal.DefaultFileLockManager] Lock acquired on daemon addresses registry.
2026-09-07T17:45:08.949+0900 [DEBUG] [org.gradle.cache.internal.DefaultFileLockManager] Releasing lock on daemon addresses registry.
2026-09-07T17:45:08.950+0900 [DEBUG] [org.gradle.cache.internal.DefaultFileLockManager] Waiting to acquire shared lock on daemon addresses registry.
2026-09-07T17:45:08.950+0900 [DEBUG] [org.gradle.cache.internal.DefaultFileLockManager] Lock acquired on daemon addresses registry.
2026-09-07T17:45:08.951+0900 [DEBUG] [org.gradle.cache.internal.DefaultFileLockManager] Releasing lock on daemon addresses registry.
2026-09-07T17:45:08.951+0900 [DEBUG] [org.gradle.launcher.daemon.server.Daemon] Finished periodic daemon health check.
2026-09-07T17:45:18.937+0900 [DEBUG] [org.gradle.launcher.daemon.server.Daemon] Starting periodic daemon health check.
2026-09-07T17:45:18.938+0900 [DEBUG] [org.gradle.cache.internal.DefaultFileLockManager] Waiting to acquire shared lock on daemon addresses registry.
2026-09-07T17:45:18.938+0900 [DEBUG] [org.gradle.cache.internal.DefaultFileLockManager] Lock acquired on daemon addresses registry.
2026-09-07T17:45:18.939+0900 [DEBUG] [org.gradle.cache.internal.DefaultFileLockManager] Releasing lock on daemon addresses registry.
2026-09-07T17:45:18.940+0900 [DEBUG] [org.gradle.cache.internal.DefaultFileLockManager] Waiting to acquire shared lock on daemon addresses registry.
2026-09-07T17:45:18.940+0900 [DEBUG] [org.gradle.cache.internal.DefaultFileLockManager] Lock acquired on daemon addresses registry.
2026-09-07T17:45:18.940+0900 [DEBUG] [org.gradle.cache.internal.DefaultFileLockManager] Releasing lock on daemon addresses registry.
2026-09-07T17:45:18.940+0900 [DEBUG] [org.gradle.launcher.daemon.server.Daemon] Finished periodic daemon health check.
2026-09-07T17:45:28.941+0900 [DEBUG] [org.gradle.launcher.daemon.server.Daemon] Starting periodic daemon health check.
2026-09-07T17:45:28.942+0900 [DEBUG] [org.gradle.cache.internal.DefaultFileLockManager] Waiting to acquire shared lock on daemon addresses registry.
2026-09-07T17:45:28.942+0900 [DEBUG] [org.gradle.cache.internal.DefaultFileLockManager] Lock acquired on daemon addresses registry.
2026-09-07T17:45:28.942+0900 [DEBUG] [org.gradle.cache.internal.DefaultFileLockManager] Releasing lock on daemon addresses registry.
2026-09-07T17:45:28.943+0900 [DEBUG] [org.gradle.cache.internal.DefaultFileLockManager] Waiting to acquire shared lock on daemon addresses registry.
2026-09-07T17:45:28.943+0900 [DEBUG] [org.gradle.cache.internal.DefaultFileLockManager] Lock acquired on daemon addresses registry.
2026-09-07T17:45:28.943+0900 [DEBUG] [org.gradle.cache.internal.DefaultFileLockManager] Releasing lock on daemon addresses registry.
2026-09-07T17:45:28.943+0900 [DEBUG] [org.gradle.launcher.daemon.server.Daemon] Finished periodic daemon health check.
2026-09-07T17:45:38.938+0900 [DEBUG] [org.gradle.launcher.daemon.server.Daemon] Starting periodic daemon health check.
2026-09-07T17:45:38.939+0900 [DEBUG] [org.gradle.cache.internal.DefaultFileLockManager] Waiting to acquire shared lock on daemon addresses registry.
2026-09-07T17:45:38.939+0900 [DEBUG] [org.gradle.cache.internal.DefaultFileLockManager] Lock acquired on daemon addresses registry.
2026-09-07T17:45:38.939+0900 [DEBUG] [org.gradle.cache.internal.DefaultFileLockManager] Releasing lock on daemon addresses registry.
2026-09-07T17:45:38.940+0900 [DEBUG] [org.gradle.cache.internal.DefaultFileLockManager] Waiting to acquire shared lock on daemon addresses registry.
2026-09-07T17:45:38.941+0900 [DEBUG] [org.gradle.cache.internal.DefaultFileLockManager] Lock acquired on daemon addresses registry.
2026-09-07T17:45:38.941+0900 [DEBUG] [org.gradle.cache.internal.DefaultFileLockManager] Releasing lock on daemon addresses registry.
2026-09-07T17:45:38.941+0900 [DEBUG] [org.gradle.launcher.daemon.server.Daemon] Finished periodic daemon health check.
2026-09-07T17:45:48.940+0900 [DEBUG] [org.gradle.launcher.daemon.server.Daemon] Starting periodic daemon health check.
2026-09-07T17:45:48.941+0900 [DEBUG] [org.gradle.cache.internal.DefaultFileLockManager] Waiting to acquire shared lock on daemon addresses registry.
2026-09-07T17:45:48.941+0900 [DEBUG] [org.gradle.cache.internal.DefaultFileLockManager] Lock acquired on daemon addresses registry.
2026-09-07T17:45:48.941+0900 [DEBUG] [org.gradle.cache.internal.DefaultFileLockManager] Releasing lock on daemon addresses registry.
2026-09-07T17:45:48.942+0900 [DEBUG] [org.gradle.cache.internal.DefaultFileLockManager] Waiting to acquire shared lock on daemon addresses registry.
2026-09-07T17:45:48.942+0900 [DEBUG] [org.gradle.cache.internal.DefaultFileLockManager] Lock acquired on daemon addresses registry.
2026-09-07T17:45:48.943+0900 [DEBUG] [org.gradle.cache.internal.DefaultFileLockManager] Releasing lock on daemon addresses registry.
2026-09-07T17:45:48.943+0900 [DEBUG] [org.gradle.launcher.daemon.server.Daemon] Finished periodic daemon health check.
2026-09-07T17:45:58.944+0900 [DEBUG] [org.gradle.launcher.daemon.server.Daemon] Starting periodic daemon health check.
2026-09-07T17:45:58.945+0900 [DEBUG] [org.gradle.cache.internal.DefaultFileLockManager] Waiting to acquire shared lock on daemon addresses registry.
2026-09-07T17:45:58.946+0900 [DEBUG] [org.gradle.cache.internal.DefaultFileLockManager] Lock acquired on daemon addresses registry.
2026-09-07T17:45:58.946+0900 [DEBUG] [org.gradle.cache.internal.DefaultFileLockManager] Releasing lock on daemon addresses registry.
2026-09-07T17:45:58.947+0900 [DEBUG] [org.gradle.cache.internal.DefaultFileLockManager] Waiting to acquire shared lock on daemon addresses registry.
2026-09-07T17:45:58.947+0900 [DEBUG] [org.gradle.cache.internal.DefaultFileLockManager] Lock acquired on daemon addresses registry.
2026-09-07T17:45:58.947+0900 [DEBUG] [org.gradle.cache.internal.DefaultFileLockManager] Releasing lock on daemon addresses registry.
2026-09-07T17:45:58.947+0900 [DEBUG] [org.gradle.launcher.daemon.server.Daemon] Finished periodic daemon health check.
2026-09-07T17:46:08.950+0900 [DEBUG] [org.gradle.launcher.daemon.server.Daemon] Starting periodic daemon health check.
2026-09-07T17:46:08.950+0900 [DEBUG] [org.gradle.cache.internal.DefaultFileLockManager] Waiting to acquire shared lock on daemon addresses registry.
2026-09-07T17:46:08.951+0900 [DEBUG] [org.gradle.cache.internal.DefaultFileLockManager] Lock acquired on daemon addresses registry.
2026-09-07T17:46:08.951+0900 [DEBUG] [org.gradle.cache.internal.DefaultFileLockManager] Releasing lock on daemon addresses registry.
2026-09-07T17:46:08.952+0900 [DEBUG] [org.gradle.cache.internal.DefaultFileLockManager] Waiting to acquire shared lock on daemon addresses registry.
2026-09-07T17:46:08.952+0900 [DEBUG] [org.gradle.cache.internal.DefaultFileLockManager] Lock acquired on daemon addresses registry.
2026-09-07T17:46:08.952+0900 [DEBUG] [org.gradle.cache.internal.DefaultFileLockManager] Releasing lock on daemon addresses registry.
2026-09-07T17:46:08.952+0900 [DEBUG] [org.gradle.launcher.daemon.server.Daemon] Finished periodic daemon health check.
2026-09-07T17:46:18.946+0900 [DEBUG] [org.gradle.launcher.daemon.server.Daemon] Starting periodic daemon health check.
2026-09-07T17:46:18.947+0900 [DEBUG] [org.gradle.cache.internal.DefaultFileLockManager] Waiting to acquire shared lock on daemon addresses registry.
2026-09-07T17:46:18.947+0900 [DEBUG] [org.gradle.cache.internal.DefaultFileLockManager] Lock acquired on daemon addresses registry.
2026-09-07T17:46:18.948+0900 [DEBUG] [org.gradle.cache.internal.DefaultFileLockManager] Releasing lock on daemon addresses registry.
2026-09-07T17:46:18.949+0900 [DEBUG] [org.gradle.cache.internal.DefaultFileLockManager] Waiting to acquire shared lock on daemon addresses registry.
2026-09-07T17:46:18.949+0900 [DEBUG] [org.gradle.cache.internal.DefaultFileLockManager] Lock acquired on daemon addresses registry.
2026-09-07T17:46:18.949+0900 [DEBUG] [org.gradle.cache.internal.DefaultFileLockManager] Releasing lock on daemon addresses registry.
2026-09-07T17:46:18.949+0900 [DEBUG] [org.gradle.launcher.daemon.server.Daemon] Finished periodic daemon health check.
2026-09-07T17:46:28.951+0900 [DEBUG] [org.gradle.launcher.daemon.server.Daemon] Starting periodic daemon health check.
2026-09-07T17:46:28.951+0900 [DEBUG] [org.gradle.cache.internal.DefaultFileLockManager] Waiting to acquire shared lock on daemon addresses registry.
2026-09-07T17:46:28.952+0900 [DEBUG] [org.gradle.cache.internal.DefaultFileLockManager] Lock acquired on daemon addresses registry.
2026-09-07T17:46:28.952+0900 [DEBUG] [org.gradle.cache.internal.DefaultFileLockManager] Releasing lock on daemon addresses registry.
2026-09-07T17:46:28.952+0900 [DEBUG] [org.gradle.cache.internal.DefaultFileLockManager] Waiting to acquire shared lock on daemon addresses registry.
2026-09-07T17:46:28.952+0900 [DEBUG] [org.gradle.cache.internal.DefaultFileLockManager] Lock acquired on daemon addresses registry.
2026-09-07T17:46:28.952+0900 [DEBUG] [org.gradle.cache.internal.DefaultFileLockManager] Releasing lock on daemon addresses registry.
2026-09-07T17:46:28.952+0900 [DEBUG] [org.gradle.launcher.daemon.server.Daemon] Finished periodic daemon health check.
2026-09-07T17:46:38.942+0900 [DEBUG] [org.gradle.launcher.daemon.server.Daemon] Starting periodic daemon health check.
2026-09-07T17:46:38.942+0900 [DEBUG] [org.gradle.cache.internal.DefaultFileLockManager] Waiting to acquire shared lock on daemon addresses registry.
2026-09-07T17:46:38.943+0900 [DEBUG] [org.gradle.cache.internal.DefaultFileLockManager] Lock acquired on daemon addresses registry.
2026-09-07T17:46:38.943+0900 [DEBUG] [org.gradle.cache.internal.DefaultFileLockManager] Releasing lock on daemon addresses registry.
2026-09-07T17:46:38.944+0900 [DEBUG] [org.gradle.cache.internal.DefaultFileLockManager] Waiting to acquire shared lock on daemon addresses registry.
2026-09-07T17:46:38.944+0900 [DEBUG] [org.gradle.cache.internal.DefaultFileLockManager] Lock acquired on daemon addresses registry.
2026-09-07T17:46:38.944+0900 [DEBUG] [org.gradle.cache.internal.DefaultFileLockManager] Releasing lock on daemon addresses registry.
2026-09-07T17:46:38.945+0900 [DEBUG] [org.gradle.launcher.daemon.server.Daemon] Finished periodic daemon health check.
2026-09-07T17:46:48.945+0900 [DEBUG] [org.gradle.launcher.daemon.server.Daemon] Starting periodic daemon health check.
2026-09-07T17:46:48.946+0900 [DEBUG] [org.gradle.cache.internal.DefaultFileLockManager] Waiting to acquire shared lock on daemon addresses registry.
2026-09-07T17:46:48.946+0900 [DEBUG] [org.gradle.cache.internal.DefaultFileLockManager] Lock acquired on daemon addresses registry.
2026-09-07T17:46:48.946+0900 [DEBUG] [org.gradle.cache.internal.DefaultFileLockManager] Releasing lock on daemon addresses registry.
2026-09-07T17:46:48.947+0900 [DEBUG] [org.gradle.cache.internal.DefaultFileLockManager] Waiting to acquire shared lock on daemon addresses registry.
2026-09-07T17:46:48.948+0900 [DEBUG] [org.gradle.cache.internal.DefaultFileLockManager] Lock acquired on daemon addresses registry.
2026-09-07T17:46:48.948+0900 [DEBUG] [org.gradle.cache.internal.DefaultFileLockManager] Releasing lock on daemon addresses registry.
2026-09-07T17:46:48.948+0900 [DEBUG] [org.gradle.launcher.daemon.server.Daemon] Finished periodic daemon health check.
2026-09-07T17:46:58.945+0900 [DEBUG] [org.gradle.launcher.daemon.server.Daemon] Starting periodic daemon health check.
2026-09-07T17:46:58.946+0900 [DEBUG] [org.gradle.cache.internal.DefaultFileLockManager] Waiting to acquire shared lock on daemon addresses registry.
2026-09-07T17:46:58.946+0900 [DEBUG] [org.gradle.cache.internal.DefaultFileLockManager] Lock acquired on daemon addresses registry.
2026-09-07T17:46:58.946+0900 [DEBUG] [org.gradle.cache.internal.DefaultFileLockManager] Releasing lock on daemon addresses registry.
2026-09-07T17:46:58.947+0900 [DEBUG] [org.gradle.cache.internal.DefaultFileLockManager] Waiting to acquire shared lock on daemon addresses registry.
2026-09-07T17:46:58.947+0900 [DEBUG] [org.gradle.cache.internal.DefaultFileLockManager] Lock acquired on daemon addresses registry.
2026-09-07T17:46:58.948+0900 [DEBUG] [org.gradle.cache.internal.DefaultFileLockManager] Releasing lock on daemon addresses registry.
2026-09-07T17:46:58.948+0900 [DEBUG] [org.gradle.launcher.daemon.server.Daemon] Finished periodic daemon health check.
2026-09-07T17:47:08.939+0900 [DEBUG] [org.gradle.launcher.daemon.server.Daemon] Starting periodic daemon health check.
2026-09-07T17:47:08.940+0900 [DEBUG] [org.gradle.cache.internal.DefaultFileLockManager] Waiting to acquire shared lock on daemon addresses registry.
2026-09-07T17:47:08.940+0900 [DEBUG] [org.gradle.cache.internal.DefaultFileLockManager] Lock acquired on daemon addresses registry.
2026-09-07T17:47:08.940+0900 [DEBUG] [org.gradle.cache.internal.DefaultFileLockManager] Releasing lock on daemon addresses registry.
2026-09-07T17:47:08.941+0900 [DEBUG] [org.gradle.cache.internal.DefaultFileLockManager] Waiting to acquire shared lock on daemon addresses registry.
2026-09-07T17:47:08.941+0900 [DEBUG] [org.gradle.cache.internal.DefaultFileLockManager] Lock acquired on daemon addresses registry.
2026-09-07T17:47:08.941+0900 [DEBUG] [org.gradle.cache.internal.DefaultFileLockManager] Releasing lock on daemon addresses registry.
2026-09-07T17:47:08.941+0900 [DEBUG] [org.gradle.launcher.daemon.server.Daemon] Finished periodic daemon health check.
2026-09-07T17:47:18.946+0900 [DEBUG] [org.gradle.launcher.daemon.server.Daemon] Starting periodic daemon health check.
2026-09-07T17:47:18.947+0900 [DEBUG] [org.gradle.cache.internal.DefaultFileLockManager] Waiting to acquire shared lock on daemon addresses registry.
2026-09-07T17:47:18.947+0900 [DEBUG] [org.gradle.cache.internal.DefaultFileLockManager] Lock acquired on daemon addresses registry.
2026-09-07T17:47:18.948+0900 [DEBUG] [org.gradle.cache.internal.DefaultFileLockManager] Releasing lock on daemon addresses registry.
2026-09-07T17:47:18.949+0900 [DEBUG] [org.gradle.cache.internal.DefaultFileLockManager] Waiting to acquire shared lock on daemon addresses registry.
2026-09-07T17:47:18.949+0900 [DEBUG] [org.gradle.cache.internal.DefaultFileLockManager] Lock acquired on daemon addresses registry.
2026-09-07T17:47:18.949+0900 [DEBUG] [org.gradle.cache.internal.DefaultFileLockManager] Releasing lock on daemon addresses registry.
2026-09-07T17:47:18.949+0900 [DEBUG] [org.gradle.launcher.daemon.server.Daemon] Finished periodic daemon health check.
2026-09-07T17:47:28.945+0900 [DEBUG] [org.gradle.launcher.daemon.server.Daemon] Starting periodic daemon health check.
2026-09-07T17:47:28.946+0900 [DEBUG] [org.gradle.cache.internal.DefaultFileLockManager] Waiting to acquire shared lock on daemon addresses registry.
2026-09-07T17:47:28.946+0900 [DEBUG] [org.gradle.cache.internal.DefaultFileLockManager] Lock acquired on daemon addresses registry.
2026-09-07T17:47:28.947+0900 [DEBUG] [org.gradle.cache.internal.DefaultFileLockManager] Releasing lock on daemon addresses registry.
2026-09-07T17:47:28.948+0900 [DEBUG] [org.gradle.cache.internal.DefaultFileLockManager] Waiting to acquire shared lock on daemon addresses registry.
2026-09-07T17:47:28.948+0900 [DEBUG] [org.gradle.cache.internal.DefaultFileLockManager] Lock acquired on daemon addresses registry.
2026-09-07T17:47:28.948+0900 [DEBUG] [org.gradle.cache.internal.DefaultFileLockManager] Releasing lock on daemon addresses registry.
2026-09-07T17:47:28.948+0900 [DEBUG] [org.gradle.launcher.daemon.server.Daemon] Finished periodic daemon health check.
2026-09-07T17:47:38.949+0900 [DEBUG] [org.gradle.launcher.daemon.server.Daemon] Starting periodic daemon health check.
2026-09-07T17:47:38.950+0900 [DEBUG] [org.gradle.cache.internal.DefaultFileLockManager] Waiting to acquire shared lock on daemon addresses registry.
2026-09-07T17:47:38.951+0900 [DEBUG] [org.gradle.cache.internal.DefaultFileLockManager] Lock acquired on daemon addresses registry.
2026-09-07T17:47:38.951+0900 [DEBUG] [org.gradle.cache.internal.DefaultFileLockManager] Releasing lock on daemon addresses registry.
2026-09-07T17:47:38.952+0900 [DEBUG] [org.gradle.cache.internal.DefaultFileLockManager] Waiting to acquire shared lock on daemon addresses registry.
2026-09-07T17:47:38.952+0900 [DEBUG] [org.gradle.cache.internal.DefaultFileLockManager] Lock acquired on daemon addresses registry.
2026-09-07T17:47:38.952+0900 [DEBUG] [org.gradle.cache.internal.DefaultFileLockManager] Releasing lock on daemon addresses registry.
2026-09-07T17:47:38.952+0900 [DEBUG] [org.gradle.launcher.daemon.server.Daemon] Finished periodic daemon health check.
2026-09-07T17:47:48.948+0900 [DEBUG] [org.gradle.launcher.daemon.server.Daemon] Starting periodic daemon health check.
2026-09-07T17:47:48.949+0900 [DEBUG] [org.gradle.cache.internal.DefaultFileLockManager] Waiting to acquire shared lock on daemon addresses registry.
2026-09-07T17:47:48.949+0900 [DEBUG] [org.gradle.cache.internal.DefaultFileLockManager] Lock acquired on daemon addresses registry.
2026-09-07T17:47:48.949+0900 [DEBUG] [org.gradle.cache.internal.DefaultFileLockManager] Releasing lock on daemon addresses registry.
2026-09-07T17:47:48.950+0900 [DEBUG] [org.gradle.cache.internal.DefaultFileLockManager] Waiting to acquire shared lock on daemon addresses registry.
2026-09-07T17:47:48.950+0900 [DEBUG] [org.gradle.cache.internal.DefaultFileLockManager] Lock acquired on daemon addresses registry.
2026-09-07T17:47:48.951+0900 [DEBUG] [org.gradle.cache.internal.DefaultFileLockManager] Releasing lock on daemon addresses registry.
2026-09-07T17:47:48.951+0900 [DEBUG] [org.gradle.launcher.daemon.server.Daemon] Finished periodic daemon health check.
2026-09-07T17:47:58.942+0900 [DEBUG] [org.gradle.launcher.daemon.server.Daemon] Starting periodic daemon health check.
2026-09-07T17:47:58.943+0900 [DEBUG] [org.gradle.cache.internal.DefaultFileLockManager] Waiting to acquire shared lock on daemon addresses registry.
2026-09-07T17:47:58.943+0900 [DEBUG] [org.gradle.cache.internal.DefaultFileLockManager] Lock acquired on daemon addresses registry.
2026-09-07T17:47:58.943+0900 [DEBUG] [org.gradle.cache.internal.DefaultFileLockManager] Releasing lock on daemon addresses registry.
2026-09-07T17:47:58.944+0900 [DEBUG] [org.gradle.cache.internal.DefaultFileLockManager] Waiting to acquire shared lock on daemon addresses registry.
2026-09-07T17:47:58.944+0900 [DEBUG] [org.gradle.cache.internal.DefaultFileLockManager] Lock acquired on daemon addresses registry.
2026-09-07T17:47:58.945+0900 [DEBUG] [org.gradle.cache.internal.DefaultFileLockManager] Releasing lock on daemon addresses registry.
2026-09-07T17:47:58.945+0900 [DEBUG] [org.gradle.launcher.daemon.server.Daemon] Finished periodic daemon health check.
2026-09-07T17:48:08.944+0900 [DEBUG] [org.gradle.launcher.daemon.server.Daemon] Starting periodic daemon health check.
2026-09-07T17:48:08.945+0900 [DEBUG] [org.gradle.cache.internal.DefaultFileLockManager] Waiting to acquire shared lock on daemon addresses registry.
2026-09-07T17:48:08.945+0900 [DEBUG] [org.gradle.cache.internal.DefaultFileLockManager] Lock acquired on daemon addresses registry.
2026-09-07T17:48:08.946+0900 [DEBUG] [org.gradle.cache.internal.DefaultFileLockManager] Releasing lock on daemon addresses registry.
2026-09-07T17:48:08.946+0900 [DEBUG] [org.gradle.cache.internal.DefaultFileLockManager] Waiting to acquire shared lock on daemon addresses registry.
2026-09-07T17:48:08.946+0900 [DEBUG] [org.gradle.cache.internal.DefaultFileLockManager] Lock acquired on daemon addresses registry.
2026-09-07T17:48:08.947+0900 [DEBUG] [org.gradle.cache.internal.DefaultFileLockManager] Releasing lock on daemon addresses registry.
2026-09-07T17:48:08.947+0900 [DEBUG] [org.gradle.launcher.daemon.server.Daemon] Finished periodic daemon health check.
2026-09-07T17:48:18.943+0900 [DEBUG] [org.gradle.launcher.daemon.server.Daemon] Starting periodic daemon health check.
2026-09-07T17:48:18.944+0900 [DEBUG] [org.gradle.cache.internal.DefaultFileLockManager] Waiting to acquire shared lock on daemon addresses registry.
2026-09-07T17:48:18.944+0900 [DEBUG] [org.gradle.cache.internal.DefaultFileLockManager] Lock acquired on daemon addresses registry.
2026-09-07T17:48:18.944+0900 [DEBUG] [org.gradle.cache.internal.DefaultFileLockManager] Releasing lock on daemon addresses registry.
2026-09-07T17:48:18.945+0900 [DEBUG] [org.gradle.cache.internal.DefaultFileLockManager] Waiting to acquire shared lock on daemon addresses registry.
2026-09-07T17:48:18.945+0900 [DEBUG] [org.gradle.cache.internal.DefaultFileLockManager] Lock acquired on daemon addresses registry.
2026-09-07T17:48:18.946+0900 [DEBUG] [org.gradle.cache.internal.DefaultFileLockManager] Releasing lock on daemon addresses registry.
2026-09-07T17:48:18.946+0900 [DEBUG] [org.gradle.launcher.daemon.server.Daemon] Finished periodic daemon health check.
2026-09-07T17:48:28.938+0900 [DEBUG] [org.gradle.launcher.daemon.server.Daemon] Starting periodic daemon health check.
2026-09-07T17:48:28.939+0900 [DEBUG] [org.gradle.cache.internal.DefaultFileLockManager] Waiting to acquire shared lock on daemon addresses registry.
2026-09-07T17:48:28.939+0900 [DEBUG] [org.gradle.cache.internal.DefaultFileLockManager] Lock acquired on daemon addresses registry.
2026-09-07T17:48:28.940+0900 [DEBUG] [org.gradle.cache.internal.DefaultFileLockManager] Releasing lock on daemon addresses registry.
2026-09-07T17:48:28.940+0900 [DEBUG] [org.gradle.cache.internal.DefaultFileLockManager] Waiting to acquire shared lock on daemon addresses registry.
2026-09-07T17:48:28.941+0900 [DEBUG] [org.gradle.cache.internal.DefaultFileLockManager] Lock acquired on daemon addresses registry.
2026-09-07T17:48:28.941+0900 [DEBUG] [org.gradle.cache.internal.DefaultFileLockManager] Releasing lock on daemon addresses registry.
2026-09-07T17:48:28.941+0900 [DEBUG] [org.gradle.launcher.daemon.server.Daemon] Finished periodic daemon health check.
2026-09-07T17:48:38.948+0900 [DEBUG] [org.gradle.launcher.daemon.server.Daemon] Starting periodic daemon health check.
2026-09-07T17:48:38.949+0900 [DEBUG] [org.gradle.cache.internal.DefaultFileLockManager] Waiting to acquire shared lock on daemon addresses registry.
2026-09-07T17:48:38.949+0900 [DEBUG] [org.gradle.cache.internal.DefaultFileLockManager] Lock acquired on daemon addresses registry.
2026-09-07T17:48:38.949+0900 [DEBUG] [org.gradle.cache.internal.DefaultFileLockManager] Releasing lock on daemon addresses registry.
2026-09-07T17:48:38.950+0900 [DEBUG] [org.gradle.cache.internal.DefaultFileLockManager] Waiting to acquire shared lock on daemon addresses registry.
2026-09-07T17:48:38.950+0900 [DEBUG] [org.gradle.cache.internal.DefaultFileLockManager] Lock acquired on daemon addresses registry.
2026-09-07T17:48:38.950+0900 [DEBUG] [org.gradle.cache.internal.DefaultFileLockManager] Releasing lock on daemon addresses registry.
2026-09-07T17:48:38.951+0900 [DEBUG] [org.gradle.launcher.daemon.server.Daemon] Finished periodic daemon health check.
2026-09-07T17:48:48.936+0900 [DEBUG] [org.gradle.launcher.daemon.server.Daemon] Starting periodic daemon health check.
2026-09-07T17:48:48.937+0900 [DEBUG] [org.gradle.cache.internal.DefaultFileLockManager] Waiting to acquire shared lock on daemon addresses registry.
2026-09-07T17:48:48.937+0900 [DEBUG] [org.gradle.cache.internal.DefaultFileLockManager] Lock acquired on daemon addresses registry.
2026-09-07T17:48:48.937+0900 [DEBUG] [org.gradle.cache.internal.DefaultFileLockManager] Releasing lock on daemon addresses registry.
2026-09-07T17:48:48.938+0900 [DEBUG] [org.gradle.cache.internal.DefaultFileLockManager] Waiting to acquire shared lock on daemon addresses registry.
2026-09-07T17:48:48.938+0900 [DEBUG] [org.gradle.cache.internal.DefaultFileLockManager] Lock acquired on daemon addresses registry.
2026-09-07T17:48:48.938+0900 [DEBUG] [org.gradle.cache.internal.DefaultFileLockManager] Releasing lock on daemon addresses registry.
2026-09-07T17:48:48.938+0900 [DEBUG] [org.gradle.launcher.daemon.server.Daemon] Finished periodic daemon health check.
2026-09-07T17:48:58.937+0900 [DEBUG] [org.gradle.launcher.daemon.server.Daemon] Starting periodic daemon health check.
2026-09-07T17:48:58.938+0900 [DEBUG] [org.gradle.cache.internal.DefaultFileLockManager] Waiting to acquire shared lock on daemon addresses registry.
2026-09-07T17:48:58.938+0900 [DEBUG] [org.gradle.cache.internal.DefaultFileLockManager] Lock acquired on daemon addresses registry.
2026-09-07T17:48:58.938+0900 [DEBUG] [org.gradle.cache.internal.DefaultFileLockManager] Releasing lock on daemon addresses registry.
2026-09-07T17:48:58.939+0900 [DEBUG] [org.gradle.cache.internal.DefaultFileLockManager] Waiting to acquire shared lock on daemon addresses registry.
2026-09-07T17:48:58.939+0900 [DEBUG] [org.gradle.cache.internal.DefaultFileLockManager] Lock acquired on daemon addresses registry.
2026-09-07T17:48:58.939+0900 [DEBUG] [org.gradle.cache.internal.DefaultFileLockManager] Releasing lock on daemon addresses registry.
2026-09-07T17:48:58.940+0900 [DEBUG] [org.gradle.launcher.daemon.server.Daemon] Finished periodic daemon health check.
2026-09-07T17:49:08.937+0900 [DEBUG] [org.gradle.launcher.daemon.server.Daemon] Starting periodic daemon health check.
2026-09-07T17:49:08.938+0900 [DEBUG] [org.gradle.cache.internal.DefaultFileLockManager] Waiting to acquire shared lock on daemon addresses registry.
2026-09-07T17:49:08.938+0900 [DEBUG] [org.gradle.cache.internal.DefaultFileLockManager] Lock acquired on daemon addresses registry.
2026-09-07T17:49:08.938+0900 [DEBUG] [org.gradle.cache.internal.DefaultFileLockManager] Releasing lock on daemon addresses registry.
2026-09-07T17:49:08.939+0900 [DEBUG] [org.gradle.cache.internal.DefaultFileLockManager] Waiting to acquire shared lock on daemon addresses registry.
2026-09-07T17:49:08.939+0900 [DEBUG] [org.gradle.cache.internal.DefaultFileLockManager] Lock acquired on daemon addresses registry.
2026-09-07T17:49:08.939+0900 [DEBUG] [org.gradle.cache.internal.DefaultFileLockManager] Releasing lock on daemon addresses registry.
2026-09-07T17:49:08.939+0900 [DEBUG] [org.gradle.launcher.daemon.server.Daemon] Finished periodic daemon health check.
2026-09-07T17:49:18.942+0900 [DEBUG] [org.gradle.launcher.daemon.server.Daemon] Starting periodic daemon health check.
2026-09-07T17:49:18.943+0900 [DEBUG] [org.gradle.cache.internal.DefaultFileLockManager] Waiting to acquire shared lock on daemon addresses registry.
2026-09-07T17:49:18.944+0900 [DEBUG] [org.gradle.cache.internal.DefaultFileLockManager] Lock acquired on daemon addresses registry.
2026-09-07T17:49:18.944+0900 [DEBUG] [org.gradle.cache.internal.DefaultFileLockManager] Releasing lock on daemon addresses registry.
2026-09-07T17:49:18.945+0900 [DEBUG] [org.gradle.cache.internal.DefaultFileLockManager] Waiting to acquire shared lock on daemon addresses registry.
2026-09-07T17:49:18.945+0900 [DEBUG] [org.gradle.cache.internal.DefaultFileLockManager] Lock acquired on daemon addresses registry.
2026-09-07T17:49:18.945+0900 [DEBUG] [org.gradle.cache.internal.DefaultFileLockManager] Releasing lock on daemon addresses registry.
2026-09-07T17:49:18.945+0900 [DEBUG] [org.gradle.launcher.daemon.server.Daemon] Finished periodic daemon health check.
2026-09-07T17:49:28.948+0900 [DEBUG] [org.gradle.launcher.daemon.server.Daemon] Starting periodic daemon health check.
2026-09-07T17:49:28.949+0900 [DEBUG] [org.gradle.cache.internal.DefaultFileLockManager] Waiting to acquire shared lock on daemon addresses registry.
2026-09-07T17:49:28.949+0900 [DEBUG] [org.gradle.cache.internal.DefaultFileLockManager] Lock acquired on daemon addresses registry.
2026-09-07T17:49:28.949+0900 [DEBUG] [org.gradle.cache.internal.DefaultFileLockManager] Releasing lock on daemon addresses registry.
2026-09-07T17:49:28.950+0900 [DEBUG] [org.gradle.cache.internal.DefaultFileLockManager] Waiting to acquire shared lock on daemon addresses registry.
2026-09-07T17:49:28.950+0900 [DEBUG] [org.gradle.cache.internal.DefaultFileLockManager] Lock acquired on daemon addresses registry.
2026-09-07T17:49:28.950+0900 [DEBUG] [org.gradle.cache.internal.DefaultFileLockManager] Releasing lock on daemon addresses registry.
2026-09-07T17:49:28.950+0900 [DEBUG] [org.gradle.launcher.daemon.server.Daemon] Finished periodic daemon health check.
2026-09-07T17:49:38.944+0900 [DEBUG] [org.gradle.launcher.daemon.server.Daemon] Starting periodic daemon health check.
2026-09-07T17:49:38.946+0900 [DEBUG] [org.gradle.cache.internal.DefaultFileLockManager] Waiting to acquire shared lock on daemon addresses registry.
2026-09-07T17:49:38.946+0900 [DEBUG] [org.gradle.cache.internal.DefaultFileLockManager] Lock acquired on daemon addresses registry.
2026-09-07T17:49:38.946+0900 [DEBUG] [org.gradle.cache.internal.DefaultFileLockManager] Releasing lock on daemon addresses registry.
2026-09-07T17:49:38.946+0900 [DEBUG] [org.gradle.cache.internal.DefaultFileLockManager] Waiting to acquire shared lock on daemon addresses registry.
2026-09-07T17:49:38.946+0900 [DEBUG] [org.gradle.cache.internal.DefaultFileLockManager] Lock acquired on daemon addresses registry.
2026-09-07T17:49:38.947+0900 [DEBUG] [org.gradle.cache.internal.DefaultFileLockManager] Releasing lock on daemon addresses registry.
2026-09-07T17:49:38.947+0900 [DEBUG] [org.gradle.launcher.daemon.server.Daemon] Finished periodic daemon health check.
2026-09-07T17:49:48.941+0900 [DEBUG] [org.gradle.launcher.daemon.server.Daemon] Starting periodic daemon health check.
2026-09-07T17:49:48.942+0900 [DEBUG] [org.gradle.cache.internal.DefaultFileLockManager] Waiting to acquire shared lock on daemon addresses registry.
2026-09-07T17:49:48.942+0900 [DEBUG] [org.gradle.cache.internal.DefaultFileLockManager] Lock acquired on daemon addresses registry.
2026-09-07T17:49:48.943+0900 [DEBUG] [org.gradle.cache.internal.DefaultFileLockManager] Releasing lock on daemon addresses registry.
2026-09-07T17:49:48.944+0900 [DEBUG] [org.gradle.cache.internal.DefaultFileLockManager] Waiting to acquire shared lock on daemon addresses registry.
2026-09-07T17:49:48.944+0900 [DEBUG] [org.gradle.cache.internal.DefaultFileLockManager] Lock acquired on daemon addresses registry.
2026-09-07T17:49:48.944+0900 [DEBUG] [org.gradle.cache.internal.DefaultFileLockManager] Releasing lock on daemon addresses registry.
2026-09-07T17:49:48.944+0900 [DEBUG] [org.gradle.launcher.daemon.server.Daemon] Finished periodic daemon health check.
2026-09-07T17:49:58.946+0900 [DEBUG] [org.gradle.launcher.daemon.server.Daemon] Starting periodic daemon health check.
2026-09-07T17:49:58.947+0900 [DEBUG] [org.gradle.cache.internal.DefaultFileLockManager] Waiting to acquire shared lock on daemon addresses registry.
2026-09-07T17:49:58.947+0900 [DEBUG] [org.gradle.cache.internal.DefaultFileLockManager] Lock acquired on daemon addresses registry.
2026-09-07T17:49:58.947+0900 [DEBUG] [org.gradle.cache.internal.DefaultFileLockManager] Releasing lock on daemon addresses registry.
2026-09-07T17:49:58.947+0900 [DEBUG] [org.gradle.cache.internal.DefaultFileLockManager] Waiting to acquire shared lock on daemon addresses registry.
2026-09-07T17:49:58.947+0900 [DEBUG] [org.gradle.cache.internal.DefaultFileLockManager] Lock acquired on daemon addresses registry.
2026-09-07T17:49:58.947+0900 [DEBUG] [org.gradle.cache.internal.DefaultFileLockManager] Releasing lock on daemon addresses registry.
2026-09-07T17:49:58.947+0900 [DEBUG] [org.gradle.launcher.daemon.server.Daemon] Finished periodic daemon health check.
2026-09-07T17:50:08.938+0900 [DEBUG] [org.gradle.launcher.daemon.server.Daemon] Starting periodic daemon health check.
2026-09-07T17:50:08.940+0900 [DEBUG] [org.gradle.cache.internal.DefaultFileLockManager] Waiting to acquire shared lock on daemon addresses registry.
2026-09-07T17:50:08.940+0900 [DEBUG] [org.gradle.cache.internal.DefaultFileLockManager] Lock acquired on daemon addresses registry.
2026-09-07T17:50:08.940+0900 [DEBUG] [org.gradle.cache.internal.DefaultFileLockManager] Releasing lock on daemon addresses registry.
2026-09-07T17:50:08.941+0900 [DEBUG] [org.gradle.cache.internal.DefaultFileLockManager] Waiting to acquire shared lock on daemon addresses registry.
2026-09-07T17:50:08.941+0900 [DEBUG] [org.gradle.cache.internal.DefaultFileLockManager] Lock acquired on daemon addresses registry.
2026-09-07T17:50:08.941+0900 [DEBUG] [org.gradle.cache.internal.DefaultFileLockManager] Releasing lock on daemon addresses registry.
2026-09-07T17:50:08.941+0900 [DEBUG] [org.gradle.launcher.daemon.server.Daemon] Finished periodic daemon health check.
2026-09-07T17:50:18.947+0900 [DEBUG] [org.gradle.launcher.daemon.server.Daemon] Starting periodic daemon health check.
2026-09-07T17:50:18.948+0900 [DEBUG] [org.gradle.cache.internal.DefaultFileLockManager] Waiting to acquire shared lock on daemon addresses registry.
2026-09-07T17:50:18.948+0900 [DEBUG] [org.gradle.cache.internal.DefaultFileLockManager] Lock acquired on daemon addresses registry.
2026-09-07T17:50:18.948+0900 [DEBUG] [org.gradle.cache.internal.DefaultFileLockManager] Releasing lock on daemon addresses registry.
2026-09-07T17:50:18.949+0900 [DEBUG] [org.gradle.cache.internal.DefaultFileLockManager] Waiting to acquire shared lock on daemon addresses registry.
2026-09-07T17:50:18.949+0900 [DEBUG] [org.gradle.cache.internal.DefaultFileLockManager] Lock acquired on daemon addresses registry.
2026-09-07T17:50:18.949+0900 [DEBUG] [org.gradle.cache.internal.DefaultFileLockManager] Releasing lock on daemon addresses registry.
2026-09-07T17:50:18.949+0900 [DEBUG] [org.gradle.launcher.daemon.server.Daemon] Finished periodic daemon health check.
2026-09-07T17:50:28.950+0900 [DEBUG] [org.gradle.launcher.daemon.server.Daemon] Starting periodic daemon health check.
2026-09-07T17:50:28.950+0900 [DEBUG] [org.gradle.cache.internal.DefaultFileLockManager] Waiting to acquire shared lock on daemon addresses registry.
2026-09-07T17:50:28.950+0900 [DEBUG] [org.gradle.cache.internal.DefaultFileLockManager] Lock acquired on daemon addresses registry.
2026-09-07T17:50:28.951+0900 [DEBUG] [org.gradle.cache.internal.DefaultFileLockManager] Releasing lock on daemon addresses registry.
2026-09-07T17:50:28.951+0900 [DEBUG] [org.gradle.cache.internal.DefaultFileLockManager] Waiting to acquire shared lock on daemon addresses registry.
2026-09-07T17:50:28.951+0900 [DEBUG] [org.gradle.cache.internal.DefaultFileLockManager] Lock acquired on daemon addresses registry.
2026-09-07T17:50:28.951+0900 [DEBUG] [org.gradle.cache.internal.DefaultFileLockManager] Releasing lock on daemon addresses registry.
2026-09-07T17:50:28.951+0900 [DEBUG] [org.gradle.launcher.daemon.server.Daemon] Finished periodic daemon health check.
2026-09-07T17:50:38.945+0900 [DEBUG] [org.gradle.launcher.daemon.server.Daemon] Starting periodic daemon health check.
2026-09-07T17:50:38.946+0900 [DEBUG] [org.gradle.cache.internal.DefaultFileLockManager] Waiting to acquire shared lock on daemon addresses registry.
2026-09-07T17:50:38.946+0900 [DEBUG] [org.gradle.cache.internal.DefaultFileLockManager] Lock acquired on daemon addresses registry.
2026-09-07T17:50:38.946+0900 [DEBUG] [org.gradle.cache.internal.DefaultFileLockManager] Releasing lock on daemon addresses registry.
2026-09-07T17:50:38.947+0900 [DEBUG] [org.gradle.cache.internal.DefaultFileLockManager] Waiting to acquire shared lock on daemon addresses registry.
2026-09-07T17:50:38.947+0900 [DEBUG] [org.gradle.cache.internal.DefaultFileLockManager] Lock acquired on daemon addresses registry.
2026-09-07T17:50:38.947+0900 [DEBUG] [org.gradle.cache.internal.DefaultFileLockManager] Releasing lock on daemon addresses registry.
2026-09-07T17:50:38.947+0900 [DEBUG] [org.gradle.launcher.daemon.server.Daemon] Finished periodic daemon health check.
2026-09-07T17:50:48.946+0900 [DEBUG] [org.gradle.launcher.daemon.server.Daemon] Starting periodic daemon health check.
2026-09-07T17:50:48.947+0900 [DEBUG] [org.gradle.cache.internal.DefaultFileLockManager] Waiting to acquire shared lock on daemon addresses registry.
2026-09-07T17:50:48.947+0900 [DEBUG] [org.gradle.cache.internal.DefaultFileLockManager] Lock acquired on daemon addresses registry.
2026-09-07T17:50:48.947+0900 [DEBUG] [org.gradle.cache.internal.DefaultFileLockManager] Releasing lock on daemon addresses registry.
2026-09-07T17:50:48.948+0900 [DEBUG] [org.gradle.cache.internal.DefaultFileLockManager] Waiting to acquire shared lock on daemon addresses registry.
2026-09-07T17:50:48.948+0900 [DEBUG] [org.gradle.cache.internal.DefaultFileLockManager] Lock acquired on daemon addresses registry.
2026-09-07T17:50:48.949+0900 [DEBUG] [org.gradle.cache.internal.DefaultFileLockManager] Releasing lock on daemon addresses registry.
2026-09-07T17:50:48.949+0900 [DEBUG] [org.gradle.launcher.daemon.server.Daemon] Finished periodic daemon health check.
2026-09-07T17:50:58.939+0900 [DEBUG] [org.gradle.launcher.daemon.server.Daemon] Starting periodic daemon health check.
2026-09-07T17:50:58.940+0900 [DEBUG] [org.gradle.cache.internal.DefaultFileLockManager] Waiting to acquire shared lock on daemon addresses registry.
2026-09-07T17:50:58.940+0900 [DEBUG] [org.gradle.cache.internal.DefaultFileLockManager] Lock acquired on daemon addresses registry.
2026-09-07T17:50:58.941+0900 [DEBUG] [org.gradle.cache.internal.DefaultFileLockManager] Releasing lock on daemon addresses registry.
2026-09-07T17:50:58.941+0900 [DEBUG] [org.gradle.cache.internal.DefaultFileLockManager] Waiting to acquire shared lock on daemon addresses registry.
2026-09-07T17:50:58.941+0900 [DEBUG] [org.gradle.cache.internal.DefaultFileLockManager] Lock acquired on daemon addresses registry.
2026-09-07T17:50:58.941+0900 [DEBUG] [org.gradle.cache.internal.DefaultFileLockManager] Releasing lock on daemon addresses registry.
2026-09-07T17:50:58.942+0900 [DEBUG] [org.gradle.launcher.daemon.server.Daemon] Finished periodic daemon health check.
2026-09-07T17:51:08.940+0900 [DEBUG] [org.gradle.launcher.daemon.server.Daemon] Starting periodic daemon health check.
2026-09-07T17:51:08.941+0900 [DEBUG] [org.gradle.cache.internal.DefaultFileLockManager] Waiting to acquire shared lock on daemon addresses registry.
2026-09-07T17:51:08.941+0900 [DEBUG] [org.gradle.cache.internal.DefaultFileLockManager] Lock acquired on daemon addresses registry.
2026-09-07T17:51:08.941+0900 [DEBUG] [org.gradle.cache.internal.DefaultFileLockManager] Releasing lock on daemon addresses registry.
2026-09-07T17:51:08.942+0900 [DEBUG] [org.gradle.cache.internal.DefaultFileLockManager] Waiting to acquire shared lock on daemon addresses registry.
2026-09-07T17:51:08.942+0900 [DEBUG] [org.gradle.cache.internal.DefaultFileLockManager] Lock acquired on daemon addresses registry.
2026-09-07T17:51:08.943+0900 [DEBUG] [org.gradle.cache.internal.DefaultFileLockManager] Releasing lock on daemon addresses registry.
2026-09-07T17:51:08.943+0900 [DEBUG] [org.gradle.launcher.daemon.server.Daemon] Finished periodic daemon health check.
2026-09-07T17:51:18.947+0900 [DEBUG] [org.gradle.launcher.daemon.server.Daemon] Starting periodic daemon health check.
2026-09-07T17:51:18.948+0900 [DEBUG] [org.gradle.cache.internal.DefaultFileLockManager] Waiting to acquire shared lock on daemon addresses registry.
2026-09-07T17:51:18.949+0900 [DEBUG] [org.gradle.cache.internal.DefaultFileLockManager] Lock acquired on daemon addresses registry.
2026-09-07T17:51:18.949+0900 [DEBUG] [org.gradle.cache.internal.DefaultFileLockManager] Releasing lock on daemon addresses registry.
2026-09-07T17:51:18.950+0900 [DEBUG] [org.gradle.cache.internal.DefaultFileLockManager] Waiting to acquire shared lock on daemon addresses registry.
2026-09-07T17:51:18.950+0900 [DEBUG] [org.gradle.cache.internal.DefaultFileLockManager] Lock acquired on daemon addresses registry.
2026-09-07T17:51:18.951+0900 [DEBUG] [org.gradle.cache.internal.DefaultFileLockManager] Releasing lock on daemon addresses registry.
2026-09-07T17:51:18.951+0900 [DEBUG] [org.gradle.launcher.daemon.server.Daemon] Finished periodic daemon health check.
2026-09-07T17:51:28.945+0900 [DEBUG] [org.gradle.launcher.daemon.server.Daemon] Starting periodic daemon health check.
2026-09-07T17:51:28.946+0900 [DEBUG] [org.gradle.cache.internal.DefaultFileLockManager] Waiting to acquire shared lock on daemon addresses registry.
2026-09-07T17:51:28.946+0900 [DEBUG] [org.gradle.cache.internal.DefaultFileLockManager] Lock acquired on daemon addresses registry.
2026-09-07T17:51:28.946+0900 [DEBUG] [org.gradle.cache.internal.DefaultFileLockManager] Releasing lock on daemon addresses registry.
2026-09-07T17:51:28.947+0900 [DEBUG] [org.gradle.cache.internal.DefaultFileLockManager] Waiting to acquire shared lock on daemon addresses registry.
2026-09-07T17:51:28.947+0900 [DEBUG] [org.gradle.cache.internal.DefaultFileLockManager] Lock acquired on daemon addresses registry.
2026-09-07T17:51:28.948+0900 [DEBUG] [org.gradle.cache.internal.DefaultFileLockManager] Releasing lock on daemon addresses registry.
2026-09-07T17:51:28.948+0900 [DEBUG] [org.gradle.launcher.daemon.server.Daemon] Finished periodic daemon health check.
2026-09-07T17:51:38.937+0900 [DEBUG] [org.gradle.launcher.daemon.server.Daemon] Starting periodic daemon health check.
2026-09-07T17:51:38.938+0900 [DEBUG] [org.gradle.cache.internal.DefaultFileLockManager] Waiting to acquire shared lock on daemon addresses registry.
2026-09-07T17:51:38.938+0900 [DEBUG] [org.gradle.cache.internal.DefaultFileLockManager] Lock acquired on daemon addresses registry.
2026-09-07T17:51:38.938+0900 [DEBUG] [org.gradle.cache.internal.DefaultFileLockManager] Releasing lock on daemon addresses registry.
2026-09-07T17:51:38.939+0900 [DEBUG] [org.gradle.cache.internal.DefaultFileLockManager] Waiting to acquire shared lock on daemon addresses registry.
2026-09-07T17:51:38.939+0900 [DEBUG] [org.gradle.cache.internal.DefaultFileLockManager] Lock acquired on daemon addresses registry.
2026-09-07T17:51:38.939+0900 [DEBUG] [org.gradle.cache.internal.DefaultFileLockManager] Releasing lock on daemon addresses registry.
2026-09-07T17:51:38.939+0900 [DEBUG] [org.gradle.launcher.daemon.server.Daemon] Finished periodic daemon health check.
2026-09-07T17:51:48.937+0900 [DEBUG] [org.gradle.launcher.daemon.server.Daemon] Starting periodic daemon health check.
2026-09-07T17:51:48.938+0900 [DEBUG] [org.gradle.cache.internal.DefaultFileLockManager] Waiting to acquire shared lock on daemon addresses registry.
2026-09-07T17:51:48.938+0900 [DEBUG] [org.gradle.cache.internal.DefaultFileLockManager] Lock acquired on daemon addresses registry.
2026-09-07T17:51:48.938+0900 [DEBUG] [org.gradle.cache.internal.DefaultFileLockManager] Releasing lock on daemon addresses registry.
2026-09-07T17:51:48.939+0900 [DEBUG] [org.gradle.cache.internal.DefaultFileLockManager] Waiting to acquire shared lock on daemon addresses registry.
2026-09-07T17:51:48.939+0900 [DEBUG] [org.gradle.cache.internal.DefaultFileLockManager] Lock acquired on daemon addresses registry.
2026-09-07T17:51:48.940+0900 [DEBUG] [org.gradle.cache.internal.DefaultFileLockManager] Releasing lock on daemon addresses registry.
2026-09-07T17:51:48.940+0900 [DEBUG] [org.gradle.launcher.daemon.server.Daemon] Finished periodic daemon health check.
2026-09-07T17:51:58.948+0900 [DEBUG] [org.gradle.launcher.daemon.server.Daemon] Starting periodic daemon health check.
2026-09-07T17:51:58.949+0900 [DEBUG] [org.gradle.cache.internal.DefaultFileLockManager] Waiting to acquire shared lock on daemon addresses registry.
2026-09-07T17:51:58.949+0900 [DEBUG] [org.gradle.cache.internal.DefaultFileLockManager] Lock acquired on daemon addresses registry.
2026-09-07T17:51:58.949+0900 [DEBUG] [org.gradle.cache.internal.DefaultFileLockManager] Releasing lock on daemon addresses registry.
2026-09-07T17:51:58.950+0900 [DEBUG] [org.gradle.cache.internal.DefaultFileLockManager] Waiting to acquire shared lock on daemon addresses registry.
2026-09-07T17:51:58.950+0900 [DEBUG] [org.gradle.cache.internal.DefaultFileLockManager] Lock acquired on daemon addresses registry.
2026-09-07T17:51:58.950+0900 [DEBUG] [org.gradle.cache.internal.DefaultFileLockManager] Releasing lock on daemon addresses registry.
2026-09-07T17:51:58.950+0900 [DEBUG] [org.gradle.launcher.daemon.server.Daemon] Finished periodic daemon health check.
2026-09-07T17:52:08.949+0900 [DEBUG] [org.gradle.launcher.daemon.server.Daemon] Starting periodic daemon health check.
2026-09-07T17:52:08.950+0900 [DEBUG] [org.gradle.cache.internal.DefaultFileLockManager] Waiting to acquire shared lock on daemon addresses registry.
2026-09-07T17:52:08.950+0900 [DEBUG] [org.gradle.cache.internal.DefaultFileLockManager] Lock acquired on daemon addresses registry.
2026-09-07T17:52:08.950+0900 [DEBUG] [org.gradle.cache.internal.DefaultFileLockManager] Releasing lock on daemon addresses registry.
2026-09-07T17:52:08.951+0900 [DEBUG] [org.gradle.cache.internal.DefaultFileLockManager] Waiting to acquire shared lock on daemon addresses registry.
2026-09-07T17:52:08.951+0900 [DEBUG] [org.gradle.cache.internal.DefaultFileLockManager] Lock acquired on daemon addresses registry.
2026-09-07T17:52:08.952+0900 [DEBUG] [org.gradle.cache.internal.DefaultFileLockManager] Releasing lock on daemon addresses registry.
2026-09-07T17:52:08.952+0900 [DEBUG] [org.gradle.launcher.daemon.server.Daemon] Finished periodic daemon health check.
2026-09-07T17:52:18.942+0900 [DEBUG] [org.gradle.launcher.daemon.server.Daemon] Starting periodic daemon health check.
2026-09-07T17:52:18.943+0900 [DEBUG] [org.gradle.cache.internal.DefaultFileLockManager] Waiting to acquire shared lock on daemon addresses registry.
2026-09-07T17:52:18.943+0900 [DEBUG] [org.gradle.cache.internal.DefaultFileLockManager] Lock acquired on daemon addresses registry.
2026-09-07T17:52:18.944+0900 [DEBUG] [org.gradle.cache.internal.DefaultFileLockManager] Releasing lock on daemon addresses registry.
2026-09-07T17:52:18.944+0900 [DEBUG] [org.gradle.cache.internal.DefaultFileLockManager] Waiting to acquire shared lock on daemon addresses registry.
2026-09-07T17:52:18.944+0900 [DEBUG] [org.gradle.cache.internal.DefaultFileLockManager] Lock acquired on daemon addresses registry.
2026-09-07T17:52:18.945+0900 [DEBUG] [org.gradle.cache.internal.DefaultFileLockManager] Releasing lock on daemon addresses registry.
2026-09-07T17:52:18.945+0900 [DEBUG] [org.gradle.launcher.daemon.server.Daemon] Finished periodic daemon health check.
2026-09-07T17:52:28.938+0900 [DEBUG] [org.gradle.launcher.daemon.server.Daemon] Starting periodic daemon health check.
2026-09-07T17:52:28.939+0900 [DEBUG] [org.gradle.cache.internal.DefaultFileLockManager] Waiting to acquire shared lock on daemon addresses registry.
2026-09-07T17:52:28.939+0900 [DEBUG] [org.gradle.cache.internal.DefaultFileLockManager] Lock acquired on daemon addresses registry.
2026-09-07T17:52:28.939+0900 [DEBUG] [org.gradle.cache.internal.DefaultFileLockManager] Releasing lock on daemon addresses registry.
2026-09-07T17:52:28.940+0900 [DEBUG] [org.gradle.cache.internal.DefaultFileLockManager] Waiting to acquire shared lock on daemon addresses registry.
2026-09-07T17:52:28.940+0900 [DEBUG] [org.gradle.cache.internal.DefaultFileLockManager] Lock acquired on daemon addresses registry.
2026-09-07T17:52:28.940+0900 [DEBUG] [org.gradle.cache.internal.DefaultFileLockManager] Releasing lock on daemon addresses registry.
2026-09-07T17:52:28.940+0900 [DEBUG] [org.gradle.launcher.daemon.server.Daemon] Finished periodic daemon health check.
2026-09-07T17:52:38.944+0900 [DEBUG] [org.gradle.launcher.daemon.server.Daemon] Starting periodic daemon health check.
2026-09-07T17:52:38.945+0900 [DEBUG] [org.gradle.cache.internal.DefaultFileLockManager] Waiting to acquire shared lock on daemon addresses registry.
2026-09-07T17:52:38.945+0900 [DEBUG] [org.gradle.cache.internal.DefaultFileLockManager] Lock acquired on daemon addresses registry.
2026-09-07T17:52:38.945+0900 [DEBUG] [org.gradle.cache.internal.DefaultFileLockManager] Releasing lock on daemon addresses registry.
2026-09-07T17:52:38.946+0900 [DEBUG] [org.gradle.cache.internal.DefaultFileLockManager] Waiting to acquire shared lock on daemon addresses registry.
2026-09-07T17:52:38.946+0900 [DEBUG] [org.gradle.cache.internal.DefaultFileLockManager] Lock acquired on daemon addresses registry.
2026-09-07T17:52:38.946+0900 [DEBUG] [org.gradle.cache.internal.DefaultFileLockManager] Releasing lock on daemon addresses registry.
2026-09-07T17:52:38.946+0900 [DEBUG] [org.gradle.launcher.daemon.server.Daemon] Finished periodic daemon health check.
2026-09-07T17:52:48.938+0900 [DEBUG] [org.gradle.launcher.daemon.server.Daemon] Starting periodic daemon health check.
2026-09-07T17:52:48.939+0900 [DEBUG] [org.gradle.cache.internal.DefaultFileLockManager] Waiting to acquire shared lock on daemon addresses registry.
2026-09-07T17:52:48.940+0900 [DEBUG] [org.gradle.cache.internal.DefaultFileLockManager] Lock acquired on daemon addresses registry.
2026-09-07T17:52:48.940+0900 [DEBUG] [org.gradle.cache.internal.DefaultFileLockManager] Releasing lock on daemon addresses registry.
2026-09-07T17:52:48.941+0900 [DEBUG] [org.gradle.cache.internal.DefaultFileLockManager] Waiting to acquire shared lock on daemon addresses registry.
2026-09-07T17:52:48.941+0900 [DEBUG] [org.gradle.cache.internal.DefaultFileLockManager] Lock acquired on daemon addresses registry.
2026-09-07T17:52:48.941+0900 [DEBUG] [org.gradle.cache.internal.DefaultFileLockManager] Releasing lock on daemon addresses registry.
2026-09-07T17:52:48.941+0900 [DEBUG] [org.gradle.launcher.daemon.server.Daemon] Finished periodic daemon health check.
2026-09-07T17:52:58.947+0900 [DEBUG] [org.gradle.launcher.daemon.server.Daemon] Starting periodic daemon health check.
2026-09-07T17:52:58.948+0900 [DEBUG] [org.gradle.cache.internal.DefaultFileLockManager] Waiting to acquire shared lock on daemon addresses registry.
2026-09-07T17:52:58.948+0900 [DEBUG] [org.gradle.cache.internal.DefaultFileLockManager] Lock acquired on daemon addresses registry.
2026-09-07T17:52:58.948+0900 [DEBUG] [org.gradle.cache.internal.DefaultFileLockManager] Releasing lock on daemon addresses registry.
2026-09-07T17:52:58.949+0900 [DEBUG] [org.gradle.cache.internal.DefaultFileLockManager] Waiting to acquire shared lock on daemon addresses registry.
2026-09-07T17:52:58.949+0900 [DEBUG] [org.gradle.cache.internal.DefaultFileLockManager] Lock acquired on daemon addresses registry.
2026-09-07T17:52:58.949+0900 [DEBUG] [org.gradle.cache.internal.DefaultFileLockManager] Releasing lock on daemon addresses registry.
2026-09-07T17:52:58.949+0900 [DEBUG] [org.gradle.launcher.daemon.server.Daemon] Finished periodic daemon health check.
2026-09-07T17:53:08.946+0900 [DEBUG] [org.gradle.launcher.daemon.server.Daemon] Starting periodic daemon health check.
2026-09-07T17:53:08.947+0900 [DEBUG] [org.gradle.cache.internal.DefaultFileLockManager] Waiting to acquire shared lock on daemon addresses registry.
2026-09-07T17:53:08.948+0900 [DEBUG] [org.gradle.cache.internal.DefaultFileLockManager] Lock acquired on daemon addresses registry.
2026-09-07T17:53:08.948+0900 [DEBUG] [org.gradle.cache.internal.DefaultFileLockManager] Releasing lock on daemon addresses registry.
2026-09-07T17:53:08.949+0900 [DEBUG] [org.gradle.cache.internal.DefaultFileLockManager] Waiting to acquire shared lock on daemon addresses registry.
2026-09-07T17:53:08.949+0900 [DEBUG] [org.gradle.cache.internal.DefaultFileLockManager] Lock acquired on daemon addresses registry.
2026-09-07T17:53:08.949+0900 [DEBUG] [org.gradle.cache.internal.DefaultFileLockManager] Releasing lock on daemon addresses registry.
2026-09-07T17:53:08.949+0900 [DEBUG] [org.gradle.launcher.daemon.server.Daemon] Finished periodic daemon health check.
2026-09-07T17:53:18.950+0900 [DEBUG] [org.gradle.launcher.daemon.server.Daemon] Starting periodic daemon health check.
2026-09-07T17:53:18.952+0900 [DEBUG] [org.gradle.cache.internal.DefaultFileLockManager] Waiting to acquire shared lock on daemon addresses registry.
2026-09-07T17:53:18.952+0900 [DEBUG] [org.gradle.cache.internal.DefaultFileLockManager] Lock acquired on daemon addresses registry.
2026-09-07T17:53:18.952+0900 [DEBUG] [org.gradle.cache.internal.DefaultFileLockManager] Releasing lock on daemon addresses registry.
2026-09-07T17:53:18.953+0900 [DEBUG] [org.gradle.cache.internal.DefaultFileLockManager] Waiting to acquire shared lock on daemon addresses registry.
2026-09-07T17:53:18.953+0900 [DEBUG] [org.gradle.cache.internal.DefaultFileLockManager] Lock acquired on daemon addresses registry.
2026-09-07T17:53:18.953+0900 [DEBUG] [org.gradle.cache.internal.DefaultFileLockManager] Releasing lock on daemon addresses registry.
2026-09-07T17:53:18.953+0900 [DEBUG] [org.gradle.launcher.daemon.server.Daemon] Finished periodic daemon health check.
2026-09-07T17:53:28.937+0900 [DEBUG] [org.gradle.launcher.daemon.server.Daemon] Starting periodic daemon health check.
2026-09-07T17:53:28.937+0900 [DEBUG] [org.gradle.cache.internal.DefaultFileLockManager] Waiting to acquire shared lock on daemon addresses registry.
2026-09-07T17:53:28.937+0900 [DEBUG] [org.gradle.cache.internal.DefaultFileLockManager] Lock acquired on daemon addresses registry.
2026-09-07T17:53:28.937+0900 [DEBUG] [org.gradle.cache.internal.DefaultFileLockManager] Releasing lock on daemon addresses registry.
2026-09-07T17:53:28.938+0900 [DEBUG] [org.gradle.cache.internal.DefaultFileLockManager] Waiting to acquire shared lock on daemon addresses registry.
2026-09-07T17:53:28.938+0900 [DEBUG] [org.gradle.cache.internal.DefaultFileLockManager] Lock acquired on daemon addresses registry.
2026-09-07T17:53:28.938+0900 [DEBUG] [org.gradle.cache.internal.DefaultFileLockManager] Releasing lock on daemon addresses registry.
2026-09-07T17:53:28.938+0900 [DEBUG] [org.gradle.launcher.daemon.server.Daemon] Finished periodic daemon health check.
2026-09-07T17:53:38.939+0900 [DEBUG] [org.gradle.launcher.daemon.server.Daemon] Starting periodic daemon health check.
2026-09-07T17:53:38.940+0900 [DEBUG] [org.gradle.cache.internal.DefaultFileLockManager] Waiting to acquire shared lock on daemon addresses registry.
2026-09-07T17:53:38.940+0900 [DEBUG] [org.gradle.cache.internal.DefaultFileLockManager] Lock acquired on daemon addresses registry.
2026-09-07T17:53:38.940+0900 [DEBUG] [org.gradle.cache.internal.DefaultFileLockManager] Releasing lock on daemon addresses registry.
2026-09-07T17:53:38.940+0900 [DEBUG] [org.gradle.cache.internal.DefaultFileLockManager] Waiting to acquire shared lock on daemon addresses registry.
2026-09-07T17:53:38.940+0900 [DEBUG] [org.gradle.cache.internal.DefaultFileLockManager] Lock acquired on daemon addresses registry.
2026-09-07T17:53:38.941+0900 [DEBUG] [org.gradle.cache.internal.DefaultFileLockManager] Releasing lock on daemon addresses registry.
2026-09-07T17:53:38.941+0900 [DEBUG] [org.gradle.launcher.daemon.server.Daemon] Finished periodic daemon health check.
2026-09-07T17:53:48.939+0900 [DEBUG] [org.gradle.launcher.daemon.server.Daemon] Starting periodic daemon health check.
2026-09-07T17:53:48.940+0900 [DEBUG] [org.gradle.cache.internal.DefaultFileLockManager] Waiting to acquire shared lock on daemon addresses registry.
2026-09-07T17:53:48.940+0900 [DEBUG] [org.gradle.cache.internal.DefaultFileLockManager] Lock acquired on daemon addresses registry.
2026-09-07T17:53:48.940+0900 [DEBUG] [org.gradle.cache.internal.DefaultFileLockManager] Releasing lock on daemon addresses registry.
2026-09-07T17:53:48.941+0900 [DEBUG] [org.gradle.cache.internal.DefaultFileLockManager] Waiting to acquire shared lock on daemon addresses registry.
2026-09-07T17:53:48.941+0900 [DEBUG] [org.gradle.cache.internal.DefaultFileLockManager] Lock acquired on daemon addresses registry.
2026-09-07T17:53:48.941+0900 [DEBUG] [org.gradle.cache.internal.DefaultFileLockManager] Releasing lock on daemon addresses registry.
2026-09-07T17:53:48.941+0900 [DEBUG] [org.gradle.launcher.daemon.server.Daemon] Finished periodic daemon health check.
2026-09-07T17:53:58.949+0900 [DEBUG] [org.gradle.launcher.daemon.server.Daemon] Starting periodic daemon health check.
2026-09-07T17:53:58.949+0900 [DEBUG] [org.gradle.cache.internal.DefaultFileLockManager] Waiting to acquire shared lock on daemon addresses registry.
2026-09-07T17:53:58.950+0900 [DEBUG] [org.gradle.cache.internal.DefaultFileLockManager] Lock acquired on daemon addresses registry.
2026-09-07T17:53:58.950+0900 [DEBUG] [org.gradle.cache.internal.DefaultFileLockManager] Releasing lock on daemon addresses registry.
2026-09-07T17:53:58.951+0900 [DEBUG] [org.gradle.cache.internal.DefaultFileLockManager] Waiting to acquire shared lock on daemon addresses registry.
2026-09-07T17:53:58.951+0900 [DEBUG] [org.gradle.cache.internal.DefaultFileLockManager] Lock acquired on daemon addresses registry.
2026-09-07T17:53:58.951+0900 [DEBUG] [org.gradle.cache.internal.DefaultFileLockManager] Releasing lock on daemon addresses registry.
2026-09-07T17:53:58.951+0900 [DEBUG] [org.gradle.launcher.daemon.server.Daemon] Finished periodic daemon health check.
2026-09-07T17:54:08.939+0900 [DEBUG] [org.gradle.launcher.daemon.server.Daemon] Starting periodic daemon health check.
2026-09-07T17:54:08.940+0900 [DEBUG] [org.gradle.cache.internal.DefaultFileLockManager] Waiting to acquire shared lock on daemon addresses registry.
2026-09-07T17:54:08.940+0900 [DEBUG] [org.gradle.cache.internal.DefaultFileLockManager] Lock acquired on daemon addresses registry.
2026-09-07T17:54:08.941+0900 [DEBUG] [org.gradle.cache.internal.DefaultFileLockManager] Releasing lock on daemon addresses registry.
2026-09-07T17:54:08.941+0900 [DEBUG] [org.gradle.cache.internal.DefaultFileLockManager] Waiting to acquire shared lock on daemon addresses registry.
2026-09-07T17:54:08.941+0900 [DEBUG] [org.gradle.cache.internal.DefaultFileLockManager] Lock acquired on daemon addresses registry.
2026-09-07T17:54:08.941+0900 [DEBUG] [org.gradle.cache.internal.DefaultFileLockManager] Releasing lock on daemon addresses registry.
2026-09-07T17:54:08.942+0900 [DEBUG] [org.gradle.launcher.daemon.server.Daemon] Finished periodic daemon health check.
2026-09-07T17:54:18.948+0900 [DEBUG] [org.gradle.launcher.daemon.server.Daemon] Starting periodic daemon health check.
2026-09-07T17:54:18.949+0900 [DEBUG] [org.gradle.cache.internal.DefaultFileLockManager] Waiting to acquire shared lock on daemon addresses registry.
2026-09-07T17:54:18.949+0900 [DEBUG] [org.gradle.cache.internal.DefaultFileLockManager] Lock acquired on daemon addresses registry.
2026-09-07T17:54:18.949+0900 [DEBUG] [org.gradle.cache.internal.DefaultFileLockManager] Releasing lock on daemon addresses registry.
2026-09-07T17:54:18.950+0900 [DEBUG] [org.gradle.cache.internal.DefaultFileLockManager] Waiting to acquire shared lock on daemon addresses registry.
2026-09-07T17:54:18.951+0900 [DEBUG] [org.gradle.cache.internal.DefaultFileLockManager] Lock acquired on daemon addresses registry.
2026-09-07T17:54:18.951+0900 [DEBUG] [org.gradle.cache.internal.DefaultFileLockManager] Releasing lock on daemon addresses registry.
2026-09-07T17:54:18.951+0900 [DEBUG] [org.gradle.launcher.daemon.server.Daemon] Finished periodic daemon health check.
2026-09-07T17:54:28.938+0900 [DEBUG] [org.gradle.launcher.daemon.server.Daemon] Starting periodic daemon health check.
2026-09-07T17:54:28.940+0900 [DEBUG] [org.gradle.cache.internal.DefaultFileLockManager] Waiting to acquire shared lock on daemon addresses registry.
2026-09-07T17:54:28.940+0900 [DEBUG] [org.gradle.cache.internal.DefaultFileLockManager] Lock acquired on daemon addresses registry.
2026-09-07T17:54:28.940+0900 [DEBUG] [org.gradle.cache.internal.DefaultFileLockManager] Releasing lock on daemon addresses registry.
2026-09-07T17:54:28.941+0900 [DEBUG] [org.gradle.cache.internal.DefaultFileLockManager] Waiting to acquire shared lock on daemon addresses registry.
2026-09-07T17:54:28.941+0900 [DEBUG] [org.gradle.cache.internal.DefaultFileLockManager] Lock acquired on daemon addresses registry.
2026-09-07T17:54:28.941+0900 [DEBUG] [org.gradle.cache.internal.DefaultFileLockManager] Releasing lock on daemon addresses registry.
2026-09-07T17:54:28.941+0900 [DEBUG] [org.gradle.launcher.daemon.server.Daemon] Finished periodic daemon health check.
2026-09-07T17:54:38.946+0900 [DEBUG] [org.gradle.launcher.daemon.server.Daemon] Starting periodic daemon health check.
2026-09-07T17:54:38.947+0900 [DEBUG] [org.gradle.cache.internal.DefaultFileLockManager] Waiting to acquire shared lock on daemon addresses registry.
2026-09-07T17:54:38.947+0900 [DEBUG] [org.gradle.cache.internal.DefaultFileLockManager] Lock acquired on daemon addresses registry.
2026-09-07T17:54:38.948+0900 [DEBUG] [org.gradle.cache.internal.DefaultFileLockManager] Releasing lock on daemon addresses registry.
2026-09-07T17:54:38.948+0900 [DEBUG] [org.gradle.cache.internal.DefaultFileLockManager] Waiting to acquire shared lock on daemon addresses registry.
2026-09-07T17:54:38.948+0900 [DEBUG] [org.gradle.cache.internal.DefaultFileLockManager] Lock acquired on daemon addresses registry.
2026-09-07T17:54:38.949+0900 [DEBUG] [org.gradle.cache.internal.DefaultFileLockManager] Releasing lock on daemon addresses registry.
2026-09-07T17:54:38.949+0900 [DEBUG] [org.gradle.launcher.daemon.server.Daemon] Finished periodic daemon health check.
2026-09-07T17:54:48.946+0900 [DEBUG] [org.gradle.launcher.daemon.server.Daemon] Starting periodic daemon health check.
2026-09-07T17:54:48.946+0900 [DEBUG] [org.gradle.cache.internal.DefaultFileLockManager] Waiting to acquire shared lock on daemon addresses registry.
2026-09-07T17:54:48.946+0900 [DEBUG] [org.gradle.cache.internal.DefaultFileLockManager] Lock acquired on daemon addresses registry.
2026-09-07T17:54:48.947+0900 [DEBUG] [org.gradle.cache.internal.DefaultFileLockManager] Releasing lock on daemon addresses registry.
2026-09-07T17:54:48.947+0900 [DEBUG] [org.gradle.cache.internal.DefaultFileLockManager] Waiting to acquire shared lock on daemon addresses registry.
2026-09-07T17:54:48.947+0900 [DEBUG] [org.gradle.cache.internal.DefaultFileLockManager] Lock acquired on daemon addresses registry.
2026-09-07T17:54:48.947+0900 [DEBUG] [org.gradle.cache.internal.DefaultFileLockManager] Releasing lock on daemon addresses registry.
2026-09-07T17:54:48.947+0900 [DEBUG] [org.gradle.launcher.daemon.server.Daemon] Finished periodic daemon health check.
2026-09-07T17:54:58.945+0900 [DEBUG] [org.gradle.launcher.daemon.server.Daemon] Starting periodic daemon health check.
2026-09-07T17:54:58.946+0900 [DEBUG] [org.gradle.cache.internal.DefaultFileLockManager] Waiting to acquire shared lock on daemon addresses registry.
2026-09-07T17:54:58.947+0900 [DEBUG] [org.gradle.cache.internal.DefaultFileLockManager] Lock acquired on daemon addresses registry.
2026-09-07T17:54:58.947+0900 [DEBUG] [org.gradle.cache.internal.DefaultFileLockManager] Releasing lock on daemon addresses registry.
2026-09-07T17:54:58.948+0900 [DEBUG] [org.gradle.cache.internal.DefaultFileLockManager] Waiting to acquire shared lock on daemon addresses registry.
2026-09-07T17:54:58.948+0900 [DEBUG] [org.gradle.cache.internal.DefaultFileLockManager] Lock acquired on daemon addresses registry.
2026-09-07T17:54:58.948+0900 [DEBUG] [org.gradle.cache.internal.DefaultFileLockManager] Releasing lock on daemon addresses registry.
2026-09-07T17:54:58.948+0900 [DEBUG] [org.gradle.launcher.daemon.server.Daemon] Finished periodic daemon health check.
2026-09-07T17:55:08.939+0900 [DEBUG] [org.gradle.launcher.daemon.server.Daemon] Starting periodic daemon health check.
2026-09-07T17:55:08.940+0900 [DEBUG] [org.gradle.cache.internal.DefaultFileLockManager] Waiting to acquire shared lock on daemon addresses registry.
2026-09-07T17:55:08.940+0900 [DEBUG] [org.gradle.cache.internal.DefaultFileLockManager] Lock acquired on daemon addresses registry.
2026-09-07T17:55:08.941+0900 [DEBUG] [org.gradle.cache.internal.DefaultFileLockManager] Releasing lock on daemon addresses registry.
2026-09-07T17:55:08.941+0900 [DEBUG] [org.gradle.cache.internal.DefaultFileLockManager] Waiting to acquire shared lock on daemon addresses registry.
2026-09-07T17:55:08.942+0900 [DEBUG] [org.gradle.cache.internal.DefaultFileLockManager] Lock acquired on daemon addresses registry.
2026-09-07T17:55:08.942+0900 [DEBUG] [org.gradle.cache.internal.DefaultFileLockManager] Releasing lock on daemon addresses registry.
2026-09-07T17:55:08.942+0900 [DEBUG] [org.gradle.launcher.daemon.server.Daemon] Finished periodic daemon health check.
2026-09-07T17:55:18.938+0900 [DEBUG] [org.gradle.launcher.daemon.server.Daemon] Starting periodic daemon health check.
2026-09-07T17:55:18.939+0900 [DEBUG] [org.gradle.cache.internal.DefaultFileLockManager] Waiting to acquire shared lock on daemon addresses registry.
2026-09-07T17:55:18.939+0900 [DEBUG] [org.gradle.cache.internal.DefaultFileLockManager] Lock acquired on daemon addresses registry.
2026-09-07T17:55:18.940+0900 [DEBUG] [org.gradle.cache.internal.DefaultFileLockManager] Releasing lock on daemon addresses registry.
2026-09-07T17:55:18.940+0900 [DEBUG] [org.gradle.cache.internal.DefaultFileLockManager] Waiting to acquire shared lock on daemon addresses registry.
2026-09-07T17:55:18.940+0900 [DEBUG] [org.gradle.cache.internal.DefaultFileLockManager] Lock acquired on daemon addresses registry.
2026-09-07T17:55:18.940+0900 [DEBUG] [org.gradle.cache.internal.DefaultFileLockManager] Releasing lock on daemon addresses registry.
2026-09-07T17:55:18.940+0900 [DEBUG] [org.gradle.launcher.daemon.server.Daemon] Finished periodic daemon health check.
2026-09-07T17:55:28.945+0900 [DEBUG] [org.gradle.launcher.daemon.server.Daemon] Starting periodic daemon health check.
2026-09-07T17:55:28.947+0900 [DEBUG] [org.gradle.cache.internal.DefaultFileLockManager] Waiting to acquire shared lock on daemon addresses registry.
2026-09-07T17:55:28.947+0900 [DEBUG] [org.gradle.cache.internal.DefaultFileLockManager] Lock acquired on daemon addresses registry.
2026-09-07T17:55:28.947+0900 [DEBUG] [org.gradle.cache.internal.DefaultFileLockManager] Releasing lock on daemon addresses registry.
2026-09-07T17:55:28.948+0900 [DEBUG] [org.gradle.cache.internal.DefaultFileLockManager] Waiting to acquire shared lock on daemon addresses registry.
2026-09-07T17:55:28.948+0900 [DEBUG] [org.gradle.cache.internal.DefaultFileLockManager] Lock acquired on daemon addresses registry.
2026-09-07T17:55:28.949+0900 [DEBUG] [org.gradle.cache.internal.DefaultFileLockManager] Releasing lock on daemon addresses registry.
2026-09-07T17:55:28.949+0900 [DEBUG] [org.gradle.launcher.daemon.server.Daemon] Finished periodic daemon health check.
2026-09-07T17:55:38.937+0900 [DEBUG] [org.gradle.launcher.daemon.server.Daemon] Starting periodic daemon health check.
2026-09-07T17:55:38.938+0900 [DEBUG] [org.gradle.cache.internal.DefaultFileLockManager] Waiting to acquire shared lock on daemon addresses registry.
2026-09-07T17:55:38.938+0900 [DEBUG] [org.gradle.cache.internal.DefaultFileLockManager] Lock acquired on daemon addresses registry.
2026-09-07T17:55:38.938+0900 [DEBUG] [org.gradle.cache.internal.DefaultFileLockManager] Releasing lock on daemon addresses registry.
2026-09-07T17:55:38.939+0900 [DEBUG] [org.gradle.cache.internal.DefaultFileLockManager] Waiting to acquire shared lock on daemon addresses registry.
2026-09-07T17:55:38.939+0900 [DEBUG] [org.gradle.cache.internal.DefaultFileLockManager] Lock acquired on daemon addresses registry.
2026-09-07T17:55:38.939+0900 [DEBUG] [org.gradle.cache.internal.DefaultFileLockManager] Releasing lock on daemon addresses registry.
2026-09-07T17:55:38.939+0900 [DEBUG] [org.gradle.launcher.daemon.server.Daemon] Finished periodic daemon health check.
2026-09-07T17:55:48.946+0900 [DEBUG] [org.gradle.launcher.daemon.server.Daemon] Starting periodic daemon health check.
2026-09-07T17:55:48.947+0900 [DEBUG] [org.gradle.cache.internal.DefaultFileLockManager] Waiting to acquire shared lock on daemon addresses registry.
2026-09-07T17:55:48.947+0900 [DEBUG] [org.gradle.cache.internal.DefaultFileLockManager] Lock acquired on daemon addresses registry.
2026-09-07T17:55:48.948+0900 [DEBUG] [org.gradle.cache.internal.DefaultFileLockManager] Releasing lock on daemon addresses registry.
2026-09-07T17:55:48.948+0900 [DEBUG] [org.gradle.cache.internal.DefaultFileLockManager] Waiting to acquire shared lock on daemon addresses registry.
2026-09-07T17:55:48.948+0900 [DEBUG] [org.gradle.cache.internal.DefaultFileLockManager] Lock acquired on daemon addresses registry.
2026-09-07T17:55:48.949+0900 [DEBUG] [org.gradle.cache.internal.DefaultFileLockManager] Releasing lock on daemon addresses registry.
2026-09-07T17:55:48.949+0900 [DEBUG] [org.gradle.launcher.daemon.server.Daemon] Finished periodic daemon health check.
2026-09-07T17:55:58.949+0900 [DEBUG] [org.gradle.launcher.daemon.server.Daemon] Starting periodic daemon health check.
2026-09-07T17:55:58.950+0900 [DEBUG] [org.gradle.cache.internal.DefaultFileLockManager] Waiting to acquire shared lock on daemon addresses registry.
2026-09-07T17:55:58.950+0900 [DEBUG] [org.gradle.cache.internal.DefaultFileLockManager] Lock acquired on daemon addresses registry.
2026-09-07T17:55:58.950+0900 [DEBUG] [org.gradle.cache.internal.DefaultFileLockManager] Releasing lock on daemon addresses registry.
2026-09-07T17:55:58.951+0900 [DEBUG] [org.gradle.cache.internal.DefaultFileLockManager] Waiting to acquire shared lock on daemon addresses registry.
2026-09-07T17:55:58.951+0900 [DEBUG] [org.gradle.cache.internal.DefaultFileLockManager] Lock acquired on daemon addresses registry.
2026-09-07T17:55:58.951+0900 [DEBUG] [org.gradle.cache.internal.DefaultFileLockManager] Releasing lock on daemon addresses registry.
2026-09-07T17:55:58.951+0900 [DEBUG] [org.gradle.launcher.daemon.server.Daemon] Finished periodic daemon health check.
2026-09-07T17:56:08.948+0900 [DEBUG] [org.gradle.launcher.daemon.server.Daemon] Starting periodic daemon health check.
2026-09-07T17:56:08.949+0900 [DEBUG] [org.gradle.cache.internal.DefaultFileLockManager] Waiting to acquire shared lock on daemon addresses registry.
2026-09-07T17:56:08.949+0900 [DEBUG] [org.gradle.cache.internal.DefaultFileLockManager] Lock acquired on daemon addresses registry.
2026-09-07T17:56:08.950+0900 [DEBUG] [org.gradle.cache.internal.DefaultFileLockManager] Releasing lock on daemon addresses registry.
2026-09-07T17:56:08.950+0900 [DEBUG] [org.gradle.cache.internal.DefaultFileLockManager] Waiting to acquire shared lock on daemon addresses registry.
2026-09-07T17:56:08.950+0900 [DEBUG] [org.gradle.cache.internal.DefaultFileLockManager] Lock acquired on daemon addresses registry.
2026-09-07T17:56:08.951+0900 [DEBUG] [org.gradle.cache.internal.DefaultFileLockManager] Releasing lock on daemon addresses registry.
2026-09-07T17:56:08.951+0900 [DEBUG] [org.gradle.launcher.daemon.server.Daemon] Finished periodic daemon health check.
2026-09-07T17:56:18.938+0900 [DEBUG] [org.gradle.launcher.daemon.server.Daemon] Starting periodic daemon health check.
2026-09-07T17:56:18.939+0900 [DEBUG] [org.gradle.cache.internal.DefaultFileLockManager] Waiting to acquire shared lock on daemon addresses registry.
2026-09-07T17:56:18.939+0900 [DEBUG] [org.gradle.cache.internal.DefaultFileLockManager] Lock acquired on daemon addresses registry.
2026-09-07T17:56:18.939+0900 [DEBUG] [org.gradle.cache.internal.DefaultFileLockManager] Releasing lock on daemon addresses registry.
2026-09-07T17:56:18.940+0900 [DEBUG] [org.gradle.cache.internal.DefaultFileLockManager] Waiting to acquire shared lock on daemon addresses registry.
2026-09-07T17:56:18.940+0900 [DEBUG] [org.gradle.cache.internal.DefaultFileLockManager] Lock acquired on daemon addresses registry.
2026-09-07T17:56:18.941+0900 [DEBUG] [org.gradle.cache.internal.DefaultFileLockManager] Releasing lock on daemon addresses registry.
2026-09-07T17:56:18.941+0900 [DEBUG] [org.gradle.launcher.daemon.server.Daemon] Finished periodic daemon health check.
2026-09-07T17:56:28.940+0900 [DEBUG] [org.gradle.launcher.daemon.server.Daemon] Starting periodic daemon health check.
2026-09-07T17:56:28.940+0900 [DEBUG] [org.gradle.cache.internal.DefaultFileLockManager] Waiting to acquire shared lock on daemon addresses registry.
2026-09-07T17:56:28.940+0900 [DEBUG] [org.gradle.cache.internal.DefaultFileLockManager] Lock acquired on daemon addresses registry.
2026-09-07T17:56:28.940+0900 [DEBUG] [org.gradle.cache.internal.DefaultFileLockManager] Releasing lock on daemon addresses registry.
2026-09-07T17:56:28.941+0900 [DEBUG] [org.gradle.cache.internal.DefaultFileLockManager] Waiting to acquire shared lock on daemon addresses registry.
2026-09-07T17:56:28.941+0900 [DEBUG] [org.gradle.cache.internal.DefaultFileLockManager] Lock acquired on daemon addresses registry.
2026-09-07T17:56:28.941+0900 [DEBUG] [org.gradle.cache.internal.DefaultFileLockManager] Releasing lock on daemon addresses registry.
2026-09-07T17:56:28.941+0900 [DEBUG] [org.gradle.launcher.daemon.server.Daemon] Finished periodic daemon health check.
2026-09-07T17:56:38.939+0900 [DEBUG] [org.gradle.launcher.daemon.server.Daemon] Starting periodic daemon health check.
2026-09-07T17:56:38.939+0900 [DEBUG] [org.gradle.cache.internal.DefaultFileLockManager] Waiting to acquire shared lock on daemon addresses registry.
2026-09-07T17:56:38.939+0900 [DEBUG] [org.gradle.cache.internal.DefaultFileLockManager] Lock acquired on daemon addresses registry.
2026-09-07T17:56:38.940+0900 [DEBUG] [org.gradle.cache.internal.DefaultFileLockManager] Releasing lock on daemon addresses registry.
2026-09-07T17:56:38.940+0900 [DEBUG] [org.gradle.cache.internal.DefaultFileLockManager] Waiting to acquire shared lock on daemon addresses registry.
2026-09-07T17:56:38.940+0900 [DEBUG] [org.gradle.cache.internal.DefaultFileLockManager] Lock acquired on daemon addresses registry.
2026-09-07T17:56:38.940+0900 [DEBUG] [org.gradle.cache.internal.DefaultFileLockManager] Releasing lock on daemon addresses registry.
2026-09-07T17:56:38.941+0900 [DEBUG] [org.gradle.launcher.daemon.server.Daemon] Finished periodic daemon health check.
2026-09-07T17:56:48.939+0900 [DEBUG] [org.gradle.launcher.daemon.server.Daemon] Starting periodic daemon health check.
2026-09-07T17:56:48.940+0900 [DEBUG] [org.gradle.cache.internal.DefaultFileLockManager] Waiting to acquire shared lock on daemon addresses registry.
2026-09-07T17:56:48.940+0900 [DEBUG] [org.gradle.cache.internal.DefaultFileLockManager] Lock acquired on daemon addresses registry.
2026-09-07T17:56:48.940+0900 [DEBUG] [org.gradle.cache.internal.DefaultFileLockManager] Releasing lock on daemon addresses registry.
2026-09-07T17:56:48.941+0900 [DEBUG] [org.gradle.cache.internal.DefaultFileLockManager] Waiting to acquire shared lock on daemon addresses registry.
2026-09-07T17:56:48.941+0900 [DEBUG] [org.gradle.cache.internal.DefaultFileLockManager] Lock acquired on daemon addresses registry.
2026-09-07T17:56:48.941+0900 [DEBUG] [org.gradle.cache.internal.DefaultFileLockManager] Releasing lock on daemon addresses registry.
2026-09-07T17:56:48.941+0900 [DEBUG] [org.gradle.launcher.daemon.server.Daemon] Finished periodic daemon health check.
2026-09-07T17:56:58.950+0900 [DEBUG] [org.gradle.launcher.daemon.server.Daemon] Starting periodic daemon health check.
2026-09-07T17:56:58.951+0900 [DEBUG] [org.gradle.cache.internal.DefaultFileLockManager] Waiting to acquire shared lock on daemon addresses registry.
2026-09-07T17:56:58.951+0900 [DEBUG] [org.gradle.cache.internal.DefaultFileLockManager] Lock acquired on daemon addresses registry.
2026-09-07T17:56:58.951+0900 [DEBUG] [org.gradle.cache.internal.DefaultFileLockManager] Releasing lock on daemon addresses registry.
2026-09-07T17:56:58.953+0900 [DEBUG] [org.gradle.cache.internal.DefaultFileLockManager] Waiting to acquire shared lock on daemon addresses registry.
2026-09-07T17:56:58.954+0900 [DEBUG] [org.gradle.cache.internal.DefaultFileLockManager] Lock acquired on daemon addresses registry.
2026-09-07T17:56:58.954+0900 [DEBUG] [org.gradle.cache.internal.DefaultFileLockManager] Releasing lock on daemon addresses registry.
2026-09-07T17:56:58.954+0900 [DEBUG] [org.gradle.launcher.daemon.server.Daemon] Finished periodic daemon health check.
2026-09-07T17:57:08.943+0900 [DEBUG] [org.gradle.launcher.daemon.server.Daemon] Starting periodic daemon health check.
2026-09-07T17:57:08.945+0900 [DEBUG] [org.gradle.cache.internal.DefaultFileLockManager] Waiting to acquire shared lock on daemon addresses registry.
2026-09-07T17:57:08.945+0900 [DEBUG] [org.gradle.cache.internal.DefaultFileLockManager] Lock acquired on daemon addresses registry.
2026-09-07T17:57:08.946+0900 [DEBUG] [org.gradle.cache.internal.DefaultFileLockManager] Releasing lock on daemon addresses registry.
2026-09-07T17:57:08.947+0900 [DEBUG] [org.gradle.cache.internal.DefaultFileLockManager] Waiting to acquire shared lock on daemon addresses registry.
2026-09-07T17:57:08.947+0900 [DEBUG] [org.gradle.cache.internal.DefaultFileLockManager] Lock acquired on daemon addresses registry.
2026-09-07T17:57:08.947+0900 [DEBUG] [org.gradle.cache.internal.DefaultFileLockManager] Releasing lock on daemon addresses registry.
2026-09-07T17:57:08.947+0900 [DEBUG] [org.gradle.launcher.daemon.server.Daemon] Finished periodic daemon health check.
2026-09-07T17:57:18.941+0900 [DEBUG] [org.gradle.launcher.daemon.server.Daemon] Starting periodic daemon health check.
2026-09-07T17:57:18.942+0900 [DEBUG] [org.gradle.cache.internal.DefaultFileLockManager] Waiting to acquire shared lock on daemon addresses registry.
2026-09-07T17:57:18.942+0900 [DEBUG] [org.gradle.cache.internal.DefaultFileLockManager] Lock acquired on daemon addresses registry.
2026-09-07T17:57:18.943+0900 [DEBUG] [org.gradle.cache.internal.DefaultFileLockManager] Releasing lock on daemon addresses registry.
2026-09-07T17:57:18.944+0900 [DEBUG] [org.gradle.cache.internal.DefaultFileLockManager] Waiting to acquire shared lock on daemon addresses registry.
2026-09-07T17:57:18.944+0900 [DEBUG] [org.gradle.cache.internal.DefaultFileLockManager] Lock acquired on daemon addresses registry.
2026-09-07T17:57:18.944+0900 [DEBUG] [org.gradle.cache.internal.DefaultFileLockManager] Releasing lock on daemon addresses registry.
2026-09-07T17:57:18.944+0900 [DEBUG] [org.gradle.launcher.daemon.server.Daemon] Finished periodic daemon health check.
2026-09-07T17:57:28.944+0900 [DEBUG] [org.gradle.launcher.daemon.server.Daemon] Starting periodic daemon health check.
2026-09-07T17:57:28.945+0900 [DEBUG] [org.gradle.cache.internal.DefaultFileLockManager] Waiting to acquire shared lock on daemon addresses registry.
2026-09-07T17:57:28.945+0900 [DEBUG] [org.gradle.cache.internal.DefaultFileLockManager] Lock acquired on daemon addresses registry.
2026-09-07T17:57:28.945+0900 [DEBUG] [org.gradle.cache.internal.DefaultFileLockManager] Releasing lock on daemon addresses registry.
2026-09-07T17:57:28.946+0900 [DEBUG] [org.gradle.cache.internal.DefaultFileLockManager] Waiting to acquire shared lock on daemon addresses registry.
2026-09-07T17:57:28.947+0900 [DEBUG] [org.gradle.cache.internal.DefaultFileLockManager] Lock acquired on daemon addresses registry.
2026-09-07T17:57:28.947+0900 [DEBUG] [org.gradle.cache.internal.DefaultFileLockManager] Releasing lock on daemon addresses registry.
2026-09-07T17:57:28.947+0900 [DEBUG] [org.gradle.launcher.daemon.server.Daemon] Finished periodic daemon health check.
2026-09-07T17:57:38.942+0900 [DEBUG] [org.gradle.launcher.daemon.server.Daemon] Starting periodic daemon health check.
2026-09-07T17:57:38.942+0900 [DEBUG] [org.gradle.cache.internal.DefaultFileLockManager] Waiting to acquire shared lock on daemon addresses registry.
2026-09-07T17:57:38.943+0900 [DEBUG] [org.gradle.cache.internal.DefaultFileLockManager] Lock acquired on daemon addresses registry.
2026-09-07T17:57:38.943+0900 [DEBUG] [org.gradle.cache.internal.DefaultFileLockManager] Releasing lock on daemon addresses registry.
2026-09-07T17:57:38.943+0900 [DEBUG] [org.gradle.cache.internal.DefaultFileLockManager] Waiting to acquire shared lock on daemon addresses registry.
2026-09-07T17:57:38.943+0900 [DEBUG] [org.gradle.cache.internal.DefaultFileLockManager] Lock acquired on daemon addresses registry.
2026-09-07T17:57:38.943+0900 [DEBUG] [org.gradle.cache.internal.DefaultFileLockManager] Releasing lock on daemon addresses registry.
2026-09-07T17:57:38.943+0900 [DEBUG] [org.gradle.launcher.daemon.server.Daemon] Finished periodic daemon health check.
2026-09-07T17:57:48.950+0900 [DEBUG] [org.gradle.launcher.daemon.server.Daemon] Starting periodic daemon health check.
2026-09-07T17:57:48.950+0900 [DEBUG] [org.gradle.cache.internal.DefaultFileLockManager] Waiting to acquire shared lock on daemon addresses registry.
2026-09-07T17:57:48.950+0900 [DEBUG] [org.gradle.cache.internal.DefaultFileLockManager] Lock acquired on daemon addresses registry.
2026-09-07T17:57:48.951+0900 [DEBUG] [org.gradle.cache.internal.DefaultFileLockManager] Releasing lock on daemon addresses registry.
2026-09-07T17:57:48.951+0900 [DEBUG] [org.gradle.cache.internal.DefaultFileLockManager] Waiting to acquire shared lock on daemon addresses registry.
2026-09-07T17:57:48.951+0900 [DEBUG] [org.gradle.cache.internal.DefaultFileLockManager] Lock acquired on daemon addresses registry.
2026-09-07T17:57:48.952+0900 [DEBUG] [org.gradle.cache.internal.DefaultFileLockManager] Releasing lock on daemon addresses registry.
2026-09-07T17:57:48.952+0900 [DEBUG] [org.gradle.launcher.daemon.server.Daemon] Finished periodic daemon health check.
2026-09-07T17:57:57.381+0900 [DEBUG] [org.gradle.internal.remote.internal.inet.TcpIncomingConnector] Accepted connection from /127.0.0.1:50431 to /127.0.0.1:64058.
2026-09-07T17:57:57.403+0900 [DEBUG] [org.gradle.launcher.daemon.server.SynchronizedDispatchConnection] thread 272: received class org.gradle.launcher.daemon.protocol.Build
2026-09-07T17:57:57.403+0900 [DEBUG] [org.gradle.launcher.daemon.server.DefaultDaemonConnection] thread 272: Received non-IO message from client: Build{id=9b8ae2cf-268c-42ce-92f3-0b611a2fbc63, currentDir=C:\Users\SSAFY\Desktop\스터디\travel}
2026-09-07T17:57:57.403+0900 [INFO] [org.gradle.launcher.daemon.server.DefaultIncomingConnectionHandler] Received command: Build{id=9b8ae2cf-268c-42ce-92f3-0b611a2fbc63, currentDir=C:\Users\SSAFY\Desktop\스터디\travel}.
2026-09-07T17:57:57.403+0900 [DEBUG] [org.gradle.launcher.daemon.server.DefaultIncomingConnectionHandler] Starting executing command: Build{id=9b8ae2cf-268c-42ce-92f3-0b611a2fbc63, currentDir=C:\Users\SSAFY\Desktop\스터디\travel} with connection: socket connection from /127.0.0.1:64058 to /127.0.0.1:50431.
2026-09-07T17:57:57.404+0900 [DEBUG] [org.gradle.launcher.daemon.server.DaemonStateCoordinator] Command execution: started DaemonCommandExecution[command = Build{id=9b8ae2cf-268c-42ce-92f3-0b611a2fbc63, currentDir=C:\Users\SSAFY\Desktop\스터디\travel}, connection = DefaultDaemonConnection: socket connection from /127.0.0.1:64058 to /127.0.0.1:50431] after 49.406733333333335 minutes of idle
2026-09-07T17:57:57.404+0900 [INFO] [org.gradle.launcher.daemon.server.DaemonRegistryUpdater] Marking the daemon as busy, address: [5094c520-8571-4bb8-800e-a8e7b8aea0e8 port:64058, addresses:[localhost/127.0.0.1]]
2026-09-07T17:57:57.404+0900 [DEBUG] [org.gradle.launcher.daemon.registry.PersistentDaemonRegistry] Marking busy by address: [5094c520-8571-4bb8-800e-a8e7b8aea0e8 port:64058, addresses:[localhost/127.0.0.1]]
2026-09-07T17:57:57.404+0900 [DEBUG] [org.gradle.cache.internal.DefaultFileLockManager] Waiting to acquire exclusive lock on daemon addresses registry.
2026-09-07T17:57:57.404+0900 [DEBUG] [org.gradle.cache.internal.DefaultFileLockManager] Lock acquired on daemon addresses registry.
2026-09-07T17:57:57.405+0900 [DEBUG] [org.gradle.cache.internal.DefaultFileLockManager] Releasing lock on daemon addresses registry.
2026-09-07T17:57:57.405+0900 [DEBUG] [org.gradle.launcher.daemon.server.DaemonStateCoordinator] resetting idle timer
2026-09-07T17:57:57.405+0900 [DEBUG] [org.gradle.launcher.daemon.server.DaemonStateCoordinator] daemon is running. Sleeping until state changes.
2026-09-07T17:57:57.405+0900 [INFO] [org.gradle.launcher.daemon.server.exec.StartBuildOrRespondWithBusy] Daemon is about to start building Build{id=9b8ae2cf-268c-42ce-92f3-0b611a2fbc63, currentDir=C:\Users\SSAFY\Desktop\스터디\travel}. Dispatching build started information...
2026-09-07T17:57:57.405+0900 [DEBUG] [org.gradle.launcher.daemon.server.SynchronizedDispatchConnection] thread 274: dispatching org.gradle.launcher.daemon.protocol.BuildStarted@16b9df7e
2026-09-07T17:57:57.406+0900 [DEBUG] [org.gradle.launcher.daemon.server.exec.LogToClient] About to start relaying all logs to the client via the connection.
2026-09-07T17:57:57.406+0900 [INFO] [org.gradle.launcher.daemon.server.exec.LogToClient] The client will now receive all logging from the daemon (pid: 26436). The daemon log file: C:\Users\SSAFY\Desktop\스터디\travel\.gradle-user\daemon\9.7.1\daemon-26436.out.log
2026-09-07T17:57:57.406+0900 [DEBUG] [org.gradle.launcher.daemon.server.exec.ApplyClientEnvironmentVariables] Configuring env variables: [PATH, USERDOMAIN_ROAMINGPROFILE, PROCESSOR_LEVEL, INTELLIJ_TERMINAL_COMMAND_BLOCKS_REWORKED, GIT_PAGER, SESSIONNAME, ALLUSERSPROFILE, GIT_CONFIG_COUNT, PROCESSOR_ARCHITECTURE, EFC_9668_1262719628, PSModulePath, SystemDrive, EFC_9668_4126798990, GH_PAGER, COLORTERM, USERNAME, GIT_CONFIG_VALUE_0, GIT_CONFIG_VALUE_1, ProgramFiles(x86), CODEX_MANAGED_BY_NPM, FPS_BROWSER_USER_PROFILE_STRING, CODEX_SANDBOX_NETWORK_DISABLED, PATHEXT, DriverData, FIG_TERM, PAGER, EFC_9668_3789132940, CODEX_PERMISSION_PROFILE, ProgramData, ProgramW6432, PROCESS_LAUNCHED_BY_CW, HOMEPATH, LC_ALL, PROCESSOR_IDENTIFIER, ProgramFiles, PUBLIC, LESS, windir, LC_CTYPE, CODEX_SESSION_ID, CODEX_MANAGED_PACKAGE_ROOT, LOCALAPPDATA, IntelliJ IDEA, USERDOMAIN, FPS_BROWSER_APP_PROFILE_STRING, LOGONSERVER, JAVA_HOME, PROMPT, TERM, LANG, OneDrive, =C:, APPDATA, GRADLE_USER_HOME, CODEX_THREAD_ID, NO_COLOR, CODEX_CI, CommonProgramFiles, GIT_CONFIG_KEY_1, Path, GIT_CONFIG_KEY_0, EFC_9668_2775293581, OS, COMPUTERNAME, EFC_9668_2283032206, PROCESSOR_REVISION, PROCESS_LAUNCHED_BY_Q, CommonProgramW6432, ComSpec, TERMINAL_EMULATOR, PSExecutionPolicyPreference, EFC_9668_1592913036, SystemRoot, TEMP, HOMEDRIVE, USERPROFILE, TMP, CommonProgramFiles(x86), NUMBER_OF_PROCESSORS]
2026-09-07T17:57:57.407+0900 [INFO] [org.gradle.launcher.daemon.server.exec.LogAndCheckHealth] Starting 3rd build in daemon [uptime: 49 mins 56.596 secs, performance: 100%, GC rate: 0.00/s, heap usage: 0% of 512 MiB, non-heap usage: 17% of 384 MiB]
2026-09-07T17:57:57.407+0900 [DEBUG] [org.gradle.launcher.daemon.server.exec.ExecuteBuild] The daemon has started executing the build.
2026-09-07T17:57:57.407+0900 [DEBUG] [org.gradle.launcher.daemon.server.exec.ExecuteBuild] Executing build with daemon context: DefaultDaemonContext[uid=8a07ae1f-4c8c-440a-9732-f36dc3bc5f9b,javaHome=C:\Users\SSAFY\.jdks\temurin-21.0.12.1,javaVersion=21,javaVendor=Eclipse Adoptium,daemonRegistryDir=C:\Users\SSAFY\Desktop\스터디\travel\.gradle-user\daemon,pid=26436,idleTimeout=10800000,priority=NORMAL,applyInstrumentationAgent=true,nativeServicesMode=ENABLED,daemonOpts=-XX:MaxMetaspaceSize=384m,-XX:+HeapDumpOnOutOfMemoryError,-Xms256m,-Xmx512m,-Dfile.encoding=UTF-8,-Duser.country=KR,-Duser.language=ko,-Duser.variant]

FAILURE: Build failed with an exception.

* What went wrong:
Execution failed for task ':compileTestJava' (registered by plugin class 'org.gradle.api.plugins.JavaBasePlugin').
> Could not resolve all files for configuration ':testCompileClasspath'.
   > Could not resolve org.springframework.boot:spring-boot-starter-validation-test:4.1.1.
     Required by:
         root project 'travel'
      > Repository MavenRepo is disabled due to earlier error below:
         > Could not resolve org.springframework.boot:spring-boot-starter-validation-test:4.1.1.
            > Could not get resource 'https://repo.maven.apache.org/maven2/org/springframework/boot/spring-boot-starter-validation-test/4.1.1/spring-boot-starter-validation-test-4.1.1.pom'.
               > Could not GET 'https://repo.maven.apache.org/maven2/org/springframework/boot/spring-boot-starter-validation-test/4.1.1/spring-boot-starter-validation-test-4.1.1.pom'.
                  > Got socket exception during request. It might be caused by SSL misconfiguration
                     > Permission denied: getsockopt
> There is 1 more failure with an identical cause.

* Try:
> Run with --stacktrace option to get the stack trace.
> Run with --info or --debug option to get more log output.
> Run with --scan to get full insights from a Build Scan (powered by Develocity).
> Get more help at https://help.gradle.org.

BUILD FAILED in 14s
3 actionable tasks: 2 executed, 1 up-to-date
2026-09-07T17:58:02.093+0900 [DEBUG] [org.gradle.launcher.daemon.server.exec.ExecuteBuild] The daemon has finished executing the build.
2026-09-07T17:58:02.109+0900 [DEBUG] [org.gradle.launcher.daemon.server.DaemonStateCoordinator] daemon is running. Sleeping until state changes.
2026-09-07T17:58:02.109+0900 [DEBUG] [org.gradle.launcher.daemon.server.DaemonStateCoordinator] Command execution: finished waiting for DaemonCommandExecution[command = Build{id=9b8ae2cf-268c-42ce-92f3-0b611a2fbc63, currentDir=C:\Users\SSAFY\Desktop\스터디\travel}, connection = DefaultDaemonConnection: socket connection from /127.0.0.1:64058 to /127.0.0.1:50431]. Result org.gradle.launcher.daemon.server.DaemonStateCoordinator@574f0c04 with state Busy
2026-09-07T17:58:02.109+0900 [DEBUG] [org.gradle.launcher.daemon.server.DaemonStateCoordinator] Command execution: completed DaemonCommandExecution[command = Build{id=9b8ae2cf-268c-42ce-92f3-0b611a2fbc63, currentDir=C:\Users\SSAFY\Desktop\스터디\travel}, connection = DefaultDaemonConnection: socket connection from /127.0.0.1:64058 to /127.0.0.1:50431]
2026-09-07T17:58:02.109+0900 [DEBUG] [org.gradle.launcher.daemon.server.DaemonStateCoordinator] resetting idle timer
2026-09-07T17:58:02.110+0900 [INFO] [org.gradle.launcher.daemon.server.DaemonRegistryUpdater] Marking the daemon as idle, address: [5094c520-8571-4bb8-800e-a8e7b8aea0e8 port:64058, addresses:[localhost/127.0.0.1]]
2026-09-07T17:58:02.110+0900 [DEBUG] [org.gradle.launcher.daemon.registry.PersistentDaemonRegistry] Marking busy by address: [5094c520-8571-4bb8-800e-a8e7b8aea0e8 port:64058, addresses:[localhost/127.0.0.1]]
2026-09-07T17:58:02.110+0900 [DEBUG] [org.gradle.cache.internal.DefaultFileLockManager] Waiting to acquire exclusive lock on daemon addresses registry.
2026-09-07T17:58:02.110+0900 [DEBUG] [org.gradle.cache.internal.DefaultFileLockManager] Lock acquired on daemon addresses registry.
2026-09-07T17:58:02.111+0900 [DEBUG] [org.gradle.cache.internal.DefaultFileLockManager] Releasing lock on daemon addresses registry.
2026-09-07T17:58:02.111+0900 [DEBUG] [org.gradle.launcher.daemon.server.DaemonStateCoordinator] daemon is running. Sleeping until state changes.
2026-09-07T17:58:02.111+0900 [DEBUG] [org.gradle.launcher.daemon.server.exec.ReturnResult] Daemon is dispatching the build result: Success[value=org.gradle.launcher.exec.BuildActionResult@71ee6ccd]
2026-09-07T17:58:02.111+0900 [DEBUG] [org.gradle.launcher.daemon.server.SynchronizedDispatchConnection] thread 271: dispatching Success[value=org.gradle.launcher.exec.BuildActionResult@71ee6ccd]
2026-09-07T17:58:02.112+0900 [DEBUG] [org.gradle.launcher.daemon.server.DefaultIncomingConnectionHandler] Finishing executing command: Build{id=9b8ae2cf-268c-42ce-92f3-0b611a2fbc63, currentDir=C:\Users\SSAFY\Desktop\스터디\travel}
2026-09-07T17:58:02.112+0900 [DEBUG] [org.gradle.launcher.daemon.server.exec.CleanUpVirtualFileSystemAfterBuild] Cleaning virtual file system after build finished
2026-09-07T17:58:02.131+0900 [DEBUG] [org.gradle.launcher.daemon.server.SynchronizedDispatchConnection] thread 272: received class org.gradle.launcher.daemon.protocol.CloseInput
2026-09-07T17:58:02.131+0900 [DEBUG] [org.gradle.launcher.daemon.server.DefaultDaemonConnection] thread 272: Received IO message from client: org.gradle.launcher.daemon.protocol.CloseInput@3f3e7326
2026-09-07T17:58:02.131+0900 [DEBUG] [org.gradle.launcher.daemon.server.SynchronizedDispatchConnection] thread 272: received class org.gradle.launcher.daemon.protocol.Finished
2026-09-07T17:58:02.131+0900 [DEBUG] [org.gradle.launcher.daemon.server.DefaultDaemonConnection] thread 272: Received non-IO message from client: org.gradle.launcher.daemon.protocol.Finished@31f98ab1
2026-09-07T17:58:02.131+0900 [DEBUG] [org.gradle.launcher.daemon.server.DefaultIncomingConnectionHandler] Received finished message: org.gradle.launcher.daemon.protocol.Finished@31f98ab1
2026-09-07T17:58:02.131+0900 [DEBUG] [org.gradle.launcher.daemon.server.SynchronizedDispatchConnection] thread 271: stopping connection
2026-09-07T17:58:02.132+0900 [DEBUG] [org.gradle.internal.remote.internal.inet.SocketConnection] Discarding EOFException: java.io.EOFException
2026-09-07T17:58:02.132+0900 [DEBUG] [org.gradle.launcher.daemon.server.SynchronizedDispatchConnection] thread 272: received null
2026-09-07T17:58:02.132+0900 [DEBUG] [org.gradle.launcher.daemon.server.DefaultDaemonConnection] thread 272: Received end-of-input from client.
2026-09-07T17:58:02.132+0900 [DEBUG] [org.gradle.launcher.daemon.server.SynchronizedDispatchConnection] thread 271: stopping connection
2026-09-07T17:58:08.949+0900 [DEBUG] [org.gradle.launcher.daemon.server.Daemon] Starting periodic daemon health check.
2026-09-07T17:58:08.950+0900 [DEBUG] [org.gradle.cache.internal.DefaultFileLockManager] Waiting to acquire shared lock on daemon addresses registry.
2026-09-07T17:58:08.950+0900 [DEBUG] [org.gradle.cache.internal.DefaultFileLockManager] Lock acquired on daemon addresses registry.
2026-09-07T17:58:08.951+0900 [DEBUG] [org.gradle.cache.internal.DefaultFileLockManager] Releasing lock on daemon addresses registry.
2026-09-07T17:58:08.952+0900 [DEBUG] [org.gradle.cache.internal.DefaultFileLockManager] Waiting to acquire shared lock on daemon addresses registry.
2026-09-07T17:58:08.952+0900 [DEBUG] [org.gradle.cache.internal.DefaultFileLockManager] Lock acquired on daemon addresses registry.
2026-09-07T17:58:08.952+0900 [DEBUG] [org.gradle.cache.internal.DefaultFileLockManager] Releasing lock on daemon addresses registry.
2026-09-07T17:58:08.952+0900 [DEBUG] [org.gradle.launcher.daemon.server.Daemon] Finished periodic daemon health check.
2026-09-07T17:58:18.951+0900 [DEBUG] [org.gradle.launcher.daemon.server.Daemon] Starting periodic daemon health check.
2026-09-07T17:58:18.952+0900 [DEBUG] [org.gradle.cache.internal.DefaultFileLockManager] Waiting to acquire shared lock on daemon addresses registry.
2026-09-07T17:58:18.952+0900 [DEBUG] [org.gradle.cache.internal.DefaultFileLockManager] Lock acquired on daemon addresses registry.
2026-09-07T17:58:18.952+0900 [DEBUG] [org.gradle.cache.internal.DefaultFileLockManager] Releasing lock on daemon addresses registry.
2026-09-07T17:58:18.953+0900 [DEBUG] [org.gradle.cache.internal.DefaultFileLockManager] Waiting to acquire shared lock on daemon addresses registry.
2026-09-07T17:58:18.954+0900 [DEBUG] [org.gradle.cache.internal.DefaultFileLockManager] Lock acquired on daemon addresses registry.
2026-09-07T17:58:18.954+0900 [DEBUG] [org.gradle.cache.internal.DefaultFileLockManager] Releasing lock on daemon addresses registry.
2026-09-07T17:58:18.954+0900 [DEBUG] [org.gradle.launcher.daemon.server.Daemon] Finished periodic daemon health check.
2026-09-07T17:58:28.940+0900 [DEBUG] [org.gradle.launcher.daemon.server.Daemon] Starting periodic daemon health check.
2026-09-07T17:58:28.941+0900 [DEBUG] [org.gradle.cache.internal.DefaultFileLockManager] Waiting to acquire shared lock on daemon addresses registry.
2026-09-07T17:58:28.941+0900 [DEBUG] [org.gradle.cache.internal.DefaultFileLockManager] Lock acquired on daemon addresses registry.
2026-09-07T17:58:28.941+0900 [DEBUG] [org.gradle.cache.internal.DefaultFileLockManager] Releasing lock on daemon addresses registry.
2026-09-07T17:58:28.943+0900 [DEBUG] [org.gradle.cache.internal.DefaultFileLockManager] Waiting to acquire shared lock on daemon addresses registry.
2026-09-07T17:58:28.943+0900 [DEBUG] [org.gradle.cache.internal.DefaultFileLockManager] Lock acquired on daemon addresses registry.
2026-09-07T17:58:28.943+0900 [DEBUG] [org.gradle.cache.internal.DefaultFileLockManager] Releasing lock on daemon addresses registry.
2026-09-07T17:58:28.943+0900 [DEBUG] [org.gradle.launcher.daemon.server.Daemon] Finished periodic daemon health check.
2026-09-07T17:58:38.747+0900 [DEBUG] [org.gradle.internal.remote.internal.inet.TcpIncomingConnector] Accepted connection from /127.0.0.1:50666 to /127.0.0.1:64058.
2026-09-07T17:58:38.772+0900 [DEBUG] [org.gradle.launcher.daemon.server.SynchronizedDispatchConnection] thread 350: received class org.gradle.launcher.daemon.protocol.Build
2026-09-07T17:58:38.772+0900 [DEBUG] [org.gradle.launcher.daemon.server.DefaultDaemonConnection] thread 350: Received non-IO message from client: Build{id=27777c30-9321-421c-8186-f19d4d06aefe, currentDir=C:\Users\SSAFY\Desktop\스터디\travel}
2026-09-07T17:58:38.772+0900 [INFO] [org.gradle.launcher.daemon.server.DefaultIncomingConnectionHandler] Received command: Build{id=27777c30-9321-421c-8186-f19d4d06aefe, currentDir=C:\Users\SSAFY\Desktop\스터디\travel}.
2026-09-07T17:58:38.772+0900 [DEBUG] [org.gradle.launcher.daemon.server.DefaultIncomingConnectionHandler] Starting executing command: Build{id=27777c30-9321-421c-8186-f19d4d06aefe, currentDir=C:\Users\SSAFY\Desktop\스터디\travel} with connection: socket connection from /127.0.0.1:64058 to /127.0.0.1:50666.
2026-09-07T17:58:38.773+0900 [DEBUG] [org.gradle.launcher.daemon.server.DaemonStateCoordinator] Command execution: started DaemonCommandExecution[command = Build{id=27777c30-9321-421c-8186-f19d4d06aefe, currentDir=C:\Users\SSAFY\Desktop\스터디\travel}, connection = DefaultDaemonConnection: socket connection from /127.0.0.1:64058 to /127.0.0.1:50666] after 0.61105 minutes of idle
2026-09-07T17:58:38.773+0900 [INFO] [org.gradle.launcher.daemon.server.DaemonRegistryUpdater] Marking the daemon as busy, address: [5094c520-8571-4bb8-800e-a8e7b8aea0e8 port:64058, addresses:[localhost/127.0.0.1]]
2026-09-07T17:58:38.773+0900 [DEBUG] [org.gradle.launcher.daemon.registry.PersistentDaemonRegistry] Marking busy by address: [5094c520-8571-4bb8-800e-a8e7b8aea0e8 port:64058, addresses:[localhost/127.0.0.1]]
2026-09-07T17:58:38.773+0900 [DEBUG] [org.gradle.cache.internal.DefaultFileLockManager] Waiting to acquire exclusive lock on daemon addresses registry.
2026-09-07T17:58:38.773+0900 [DEBUG] [org.gradle.cache.internal.DefaultFileLockManager] Lock acquired on daemon addresses registry.
2026-09-07T17:58:38.774+0900 [DEBUG] [org.gradle.cache.internal.DefaultFileLockManager] Releasing lock on daemon addresses registry.
2026-09-07T17:58:38.774+0900 [DEBUG] [org.gradle.launcher.daemon.server.DaemonStateCoordinator] resetting idle timer
2026-09-07T17:58:38.774+0900 [DEBUG] [org.gradle.launcher.daemon.server.DaemonStateCoordinator] daemon is running. Sleeping until state changes.
2026-09-07T17:58:38.774+0900 [INFO] [org.gradle.launcher.daemon.server.exec.StartBuildOrRespondWithBusy] Daemon is about to start building Build{id=27777c30-9321-421c-8186-f19d4d06aefe, currentDir=C:\Users\SSAFY\Desktop\스터디\travel}. Dispatching build started information...
2026-09-07T17:58:38.774+0900 [DEBUG] [org.gradle.launcher.daemon.server.SynchronizedDispatchConnection] thread 274: dispatching org.gradle.launcher.daemon.protocol.BuildStarted@4daa6653
2026-09-07T17:58:38.774+0900 [DEBUG] [org.gradle.launcher.daemon.server.exec.LogToClient] About to start relaying all logs to the client via the connection.
2026-09-07T17:58:38.774+0900 [INFO] [org.gradle.launcher.daemon.server.exec.LogToClient] The client will now receive all logging from the daemon (pid: 26436). The daemon log file: C:\Users\SSAFY\Desktop\스터디\travel\.gradle-user\daemon\9.7.1\daemon-26436.out.log
2026-09-07T17:58:38.774+0900 [DEBUG] [org.gradle.launcher.daemon.server.exec.ApplyClientEnvironmentVariables] Configuring env variables: [USERDOMAIN_ROAMINGPROFILE, PROCESSOR_LEVEL, INTELLIJ_TERMINAL_COMMAND_BLOCKS_REWORKED, GIT_PAGER, SESSIONNAME, ALLUSERSPROFILE, PROCESSOR_ARCHITECTURE, EFC_9668_1262719628, PSModulePath, SystemDrive, EFC_9668_4126798990, GH_PAGER, COLORTERM, USERNAME, ProgramFiles(x86), CODEX_MANAGED_BY_NPM, FPS_BROWSER_USER_PROFILE_STRING, CODEX_SANDBOX_NETWORK_DISABLED, PATHEXT, DriverData, FIG_TERM, PAGER, EFC_9668_3789132940, CODEX_PERMISSION_PROFILE, ProgramData, ProgramW6432, PROCESS_LAUNCHED_BY_CW, HOMEPATH, LC_ALL, PROCESSOR_IDENTIFIER, ProgramFiles, PUBLIC, windir, LC_CTYPE, CODEX_SESSION_ID, CODEX_MANAGED_PACKAGE_ROOT, LOCALAPPDATA, IntelliJ IDEA, USERDOMAIN, FPS_BROWSER_APP_PROFILE_STRING, LOGONSERVER, JAVA_HOME, PROMPT, TERM, LANG, OneDrive, =C:, APPDATA, GRADLE_USER_HOME, CODEX_THREAD_ID, NO_COLOR, CODEX_CI, CommonProgramFiles, Path, EFC_9668_2775293581, OS, COMPUTERNAME, EFC_9668_2283032206, PROCESSOR_REVISION, PROCESS_LAUNCHED_BY_Q, CommonProgramW6432, ComSpec, TERMINAL_EMULATOR, PSExecutionPolicyPreference, EFC_9668_1592913036, SystemRoot, TEMP, HOMEDRIVE, USERPROFILE, TMP, CommonProgramFiles(x86), NUMBER_OF_PROCESSORS]
2026-09-07T17:58:38.775+0900 [INFO] [org.gradle.launcher.daemon.server.exec.LogAndCheckHealth] Starting 4th build in daemon [uptime: 50 mins 37.965 secs, performance: 100%, GC rate: 0.00/s, heap usage: 0% of 512 MiB, non-heap usage: 17% of 384 MiB]
2026-09-07T17:58:38.775+0900 [DEBUG] [org.gradle.launcher.daemon.server.exec.ExecuteBuild] The daemon has started executing the build.
2026-09-07T17:58:38.775+0900 [DEBUG] [org.gradle.launcher.daemon.server.exec.ExecuteBuild] Executing build with daemon context: DefaultDaemonContext[uid=8a07ae1f-4c8c-440a-9732-f36dc3bc5f9b,javaHome=C:\Users\SSAFY\.jdks\temurin-21.0.12.1,javaVersion=21,javaVendor=Eclipse Adoptium,daemonRegistryDir=C:\Users\SSAFY\Desktop\스터디\travel\.gradle-user\daemon,pid=26436,idleTimeout=10800000,priority=NORMAL,applyInstrumentationAgent=true,nativeServicesMode=ENABLED,daemonOpts=-XX:MaxMetaspaceSize=384m,-XX:+HeapDumpOnOutOfMemoryError,-Xms256m,-Xmx512m,-Dfile.encoding=UTF-8,-Duser.country=KR,-Duser.language=ko,-Duser.variant]

FAILURE: Build failed with an exception.

* What went wrong:
Execution failed for task ':compileTestJava' (registered by plugin class 'org.gradle.api.plugins.JavaBasePlugin').
> Could not resolve all files for configuration ':testCompileClasspath'.
   > Could not resolve org.springframework.boot:spring-boot-starter-validation-test:4.1.1.
     Required by:
         root project 'travel'
      > Repository MavenRepo is disabled due to earlier error below:
         > Could not resolve org.springframework.boot:spring-boot-starter-validation-test:4.1.1.
            > Could not get resource 'https://repo.maven.apache.org/maven2/org/springframework/boot/spring-boot-starter-validation-test/4.1.1/spring-boot-starter-validation-test-4.1.1.pom'.
               > Could not GET 'https://repo.maven.apache.org/maven2/org/springframework/boot/spring-boot-starter-validation-test/4.1.1/spring-boot-starter-validation-test-4.1.1.pom'.
                  > Got socket exception during request. It might be caused by SSL misconfiguration
                     > Permission denied: getsockopt
> There is 1 more failure with an identical cause.

* Try:
> Run with --stacktrace option to get the stack trace.
> Run with --info or --debug option to get more log output.
> Run with --scan to get full insights from a Build Scan (powered by Develocity).
> Get more help at https://help.gradle.org.

BUILD FAILED in 3s
3 actionable tasks: 1 executed, 2 up-to-date
2026-09-07T17:58:42.117+0900 [DEBUG] [org.gradle.launcher.daemon.server.exec.ExecuteBuild] The daemon has finished executing the build.
2026-09-07T17:58:42.134+0900 [DEBUG] [org.gradle.launcher.daemon.server.DaemonStateCoordinator] daemon is running. Sleeping until state changes.
2026-09-07T17:58:42.134+0900 [DEBUG] [org.gradle.launcher.daemon.server.DaemonStateCoordinator] Command execution: finished waiting for DaemonCommandExecution[command = Build{id=27777c30-9321-421c-8186-f19d4d06aefe, currentDir=C:\Users\SSAFY\Desktop\스터디\travel}, connection = DefaultDaemonConnection: socket connection from /127.0.0.1:64058 to /127.0.0.1:50666]. Result org.gradle.launcher.daemon.server.DaemonStateCoordinator@574f0c04 with state Busy
2026-09-07T17:58:42.134+0900 [DEBUG] [org.gradle.launcher.daemon.server.DaemonStateCoordinator] Command execution: completed DaemonCommandExecution[command = Build{id=27777c30-9321-421c-8186-f19d4d06aefe, currentDir=C:\Users\SSAFY\Desktop\스터디\travel}, connection = DefaultDaemonConnection: socket connection from /127.0.0.1:64058 to /127.0.0.1:50666]
2026-09-07T17:58:42.134+0900 [DEBUG] [org.gradle.launcher.daemon.server.DaemonStateCoordinator] resetting idle timer
2026-09-07T17:58:42.134+0900 [INFO] [org.gradle.launcher.daemon.server.DaemonRegistryUpdater] Marking the daemon as idle, address: [5094c520-8571-4bb8-800e-a8e7b8aea0e8 port:64058, addresses:[localhost/127.0.0.1]]
2026-09-07T17:58:42.134+0900 [DEBUG] [org.gradle.launcher.daemon.registry.PersistentDaemonRegistry] Marking busy by address: [5094c520-8571-4bb8-800e-a8e7b8aea0e8 port:64058, addresses:[localhost/127.0.0.1]]
2026-09-07T17:58:42.134+0900 [DEBUG] [org.gradle.cache.internal.DefaultFileLockManager] Waiting to acquire exclusive lock on daemon addresses registry.
2026-09-07T17:58:42.134+0900 [DEBUG] [org.gradle.cache.internal.DefaultFileLockManager] Lock acquired on daemon addresses registry.
2026-09-07T17:58:42.135+0900 [DEBUG] [org.gradle.cache.internal.DefaultFileLockManager] Releasing lock on daemon addresses registry.
2026-09-07T17:58:42.135+0900 [DEBUG] [org.gradle.launcher.daemon.server.exec.ReturnResult] Daemon is dispatching the build result: Success[value=org.gradle.launcher.exec.BuildActionResult@147457f6]
2026-09-07T17:58:42.135+0900 [DEBUG] [org.gradle.launcher.daemon.server.SynchronizedDispatchConnection] thread 271: dispatching Success[value=org.gradle.launcher.exec.BuildActionResult@147457f6]
2026-09-07T17:58:42.135+0900 [DEBUG] [org.gradle.launcher.daemon.server.DaemonStateCoordinator] daemon is running. Sleeping until state changes.
2026-09-07T17:58:42.136+0900 [DEBUG] [org.gradle.launcher.daemon.server.exec.CleanUpVirtualFileSystemAfterBuild] Cleaning virtual file system after build finished
2026-09-07T17:58:42.136+0900 [DEBUG] [org.gradle.launcher.daemon.server.DefaultIncomingConnectionHandler] Finishing executing command: Build{id=27777c30-9321-421c-8186-f19d4d06aefe, currentDir=C:\Users\SSAFY\Desktop\스터디\travel}
2026-09-07T17:58:42.155+0900 [DEBUG] [org.gradle.launcher.daemon.server.SynchronizedDispatchConnection] thread 350: received class org.gradle.launcher.daemon.protocol.CloseInput
2026-09-07T17:58:42.155+0900 [DEBUG] [org.gradle.launcher.daemon.server.DefaultDaemonConnection] thread 350: Received IO message from client: org.gradle.launcher.daemon.protocol.CloseInput@1f1f5ff9
2026-09-07T17:58:42.155+0900 [DEBUG] [org.gradle.launcher.daemon.server.SynchronizedDispatchConnection] thread 350: received class org.gradle.launcher.daemon.protocol.Finished
2026-09-07T17:58:42.155+0900 [DEBUG] [org.gradle.launcher.daemon.server.DefaultDaemonConnection] thread 350: Received non-IO message from client: org.gradle.launcher.daemon.protocol.Finished@11d8a26a
2026-09-07T17:58:42.156+0900 [DEBUG] [org.gradle.launcher.daemon.server.DefaultIncomingConnectionHandler] Received finished message: org.gradle.launcher.daemon.protocol.Finished@11d8a26a
2026-09-07T17:58:42.156+0900 [DEBUG] [org.gradle.launcher.daemon.server.SynchronizedDispatchConnection] thread 271: stopping connection
2026-09-07T17:58:42.156+0900 [DEBUG] [org.gradle.internal.remote.internal.inet.SocketConnection] Discarding EOFException: java.io.EOFException
2026-09-07T17:58:42.156+0900 [DEBUG] [org.gradle.launcher.daemon.server.SynchronizedDispatchConnection] thread 350: received null
2026-09-07T17:58:42.156+0900 [DEBUG] [org.gradle.launcher.daemon.server.DefaultDaemonConnection] thread 350: Received end-of-input from client.
2026-09-07T17:58:42.156+0900 [DEBUG] [org.gradle.launcher.daemon.server.SynchronizedDispatchConnection] thread 271: stopping connection
2026-09-07T17:58:48.946+0900 [DEBUG] [org.gradle.launcher.daemon.server.Daemon] Starting periodic daemon health check.
2026-09-07T17:58:48.947+0900 [DEBUG] [org.gradle.cache.internal.DefaultFileLockManager] Waiting to acquire shared lock on daemon addresses registry.
2026-09-07T17:58:48.947+0900 [DEBUG] [org.gradle.cache.internal.DefaultFileLockManager] Lock acquired on daemon addresses registry.
2026-09-07T17:58:48.947+0900 [DEBUG] [org.gradle.cache.internal.DefaultFileLockManager] Releasing lock on daemon addresses registry.
2026-09-07T17:58:48.948+0900 [DEBUG] [org.gradle.cache.internal.DefaultFileLockManager] Waiting to acquire shared lock on daemon addresses registry.
2026-09-07T17:58:48.949+0900 [DEBUG] [org.gradle.cache.internal.DefaultFileLockManager] Lock acquired on daemon addresses registry.
2026-09-07T17:58:48.949+0900 [DEBUG] [org.gradle.cache.internal.DefaultFileLockManager] Releasing lock on daemon addresses registry.
2026-09-07T17:58:48.949+0900 [DEBUG] [org.gradle.launcher.daemon.server.Daemon] Finished periodic daemon health check.
2026-09-07T17:58:58.943+0900 [DEBUG] [org.gradle.launcher.daemon.server.Daemon] Starting periodic daemon health check.
2026-09-07T17:58:58.944+0900 [DEBUG] [org.gradle.cache.internal.DefaultFileLockManager] Waiting to acquire shared lock on daemon addresses registry.
2026-09-07T17:58:58.944+0900 [DEBUG] [org.gradle.cache.internal.DefaultFileLockManager] Lock acquired on daemon addresses registry.
2026-09-07T17:58:58.945+0900 [DEBUG] [org.gradle.cache.internal.DefaultFileLockManager] Releasing lock on daemon addresses registry.
2026-09-07T17:58:58.946+0900 [DEBUG] [org.gradle.cache.internal.DefaultFileLockManager] Waiting to acquire shared lock on daemon addresses registry.
2026-09-07T17:58:58.946+0900 [DEBUG] [org.gradle.cache.internal.DefaultFileLockManager] Lock acquired on daemon addresses registry.
2026-09-07T17:58:58.947+0900 [DEBUG] [org.gradle.cache.internal.DefaultFileLockManager] Releasing lock on daemon addresses registry.
2026-09-07T17:58:58.947+0900 [DEBUG] [org.gradle.launcher.daemon.server.Daemon] Finished periodic daemon health check.
2026-09-07T17:59:08.952+0900 [DEBUG] [org.gradle.launcher.daemon.server.Daemon] Starting periodic daemon health check.
2026-09-07T17:59:08.952+0900 [DEBUG] [org.gradle.cache.internal.DefaultFileLockManager] Waiting to acquire shared lock on daemon addresses registry.
2026-09-07T17:59:08.953+0900 [DEBUG] [org.gradle.cache.internal.DefaultFileLockManager] Lock acquired on daemon addresses registry.
2026-09-07T17:59:08.953+0900 [DEBUG] [org.gradle.cache.internal.DefaultFileLockManager] Releasing lock on daemon addresses registry.
2026-09-07T17:59:08.954+0900 [DEBUG] [org.gradle.cache.internal.DefaultFileLockManager] Waiting to acquire shared lock on daemon addresses registry.
2026-09-07T17:59:08.954+0900 [DEBUG] [org.gradle.cache.internal.DefaultFileLockManager] Lock acquired on daemon addresses registry.
2026-09-07T17:59:08.955+0900 [DEBUG] [org.gradle.cache.internal.DefaultFileLockManager] Releasing lock on daemon addresses registry.
2026-09-07T17:59:08.955+0900 [DEBUG] [org.gradle.launcher.daemon.server.Daemon] Finished periodic daemon health check.
2026-09-07T17:59:18.937+0900 [DEBUG] [org.gradle.launcher.daemon.server.Daemon] Starting periodic daemon health check.
2026-09-07T17:59:18.937+0900 [DEBUG] [org.gradle.cache.internal.DefaultFileLockManager] Waiting to acquire shared lock on daemon addresses registry.
2026-09-07T17:59:18.937+0900 [DEBUG] [org.gradle.cache.internal.DefaultFileLockManager] Lock acquired on daemon addresses registry.
2026-09-07T17:59:18.938+0900 [DEBUG] [org.gradle.cache.internal.DefaultFileLockManager] Releasing lock on daemon addresses registry.
2026-09-07T17:59:18.938+0900 [DEBUG] [org.gradle.cache.internal.DefaultFileLockManager] Waiting to acquire shared lock on daemon addresses registry.
2026-09-07T17:59:18.938+0900 [DEBUG] [org.gradle.cache.internal.DefaultFileLockManager] Lock acquired on daemon addresses registry.
2026-09-07T17:59:18.939+0900 [DEBUG] [org.gradle.cache.internal.DefaultFileLockManager] Releasing lock on daemon addresses registry.
2026-09-07T17:59:18.939+0900 [DEBUG] [org.gradle.launcher.daemon.server.Daemon] Finished periodic daemon health check.
2026-09-07T17:59:28.938+0900 [DEBUG] [org.gradle.launcher.daemon.server.Daemon] Starting periodic daemon health check.
2026-09-07T17:59:28.940+0900 [DEBUG] [org.gradle.cache.internal.DefaultFileLockManager] Waiting to acquire shared lock on daemon addresses registry.
2026-09-07T17:59:28.940+0900 [DEBUG] [org.gradle.cache.internal.DefaultFileLockManager] Lock acquired on daemon addresses registry.
2026-09-07T17:59:28.940+0900 [DEBUG] [org.gradle.cache.internal.DefaultFileLockManager] Releasing lock on daemon addresses registry.
2026-09-07T17:59:28.942+0900 [DEBUG] [org.gradle.cache.internal.DefaultFileLockManager] Waiting to acquire shared lock on daemon addresses registry.
2026-09-07T17:59:28.942+0900 [DEBUG] [org.gradle.cache.internal.DefaultFileLockManager] Lock acquired on daemon addresses registry.
2026-09-07T17:59:28.942+0900 [DEBUG] [org.gradle.cache.internal.DefaultFileLockManager] Releasing lock on daemon addresses registry.
2026-09-07T17:59:28.942+0900 [DEBUG] [org.gradle.launcher.daemon.server.Daemon] Finished periodic daemon health check.
2026-09-07T17:59:38.938+0900 [DEBUG] [org.gradle.launcher.daemon.server.Daemon] Starting periodic daemon health check.
2026-09-07T17:59:38.939+0900 [DEBUG] [org.gradle.cache.internal.DefaultFileLockManager] Waiting to acquire shared lock on daemon addresses registry.
2026-09-07T17:59:38.940+0900 [DEBUG] [org.gradle.cache.internal.DefaultFileLockManager] Lock acquired on daemon addresses registry.
2026-09-07T17:59:38.940+0900 [DEBUG] [org.gradle.cache.internal.DefaultFileLockManager] Releasing lock on daemon addresses registry.
2026-09-07T17:59:38.941+0900 [DEBUG] [org.gradle.cache.internal.DefaultFileLockManager] Waiting to acquire shared lock on daemon addresses registry.
2026-09-07T17:59:38.941+0900 [DEBUG] [org.gradle.cache.internal.DefaultFileLockManager] Lock acquired on daemon addresses registry.
2026-09-07T17:59:38.941+0900 [DEBUG] [org.gradle.cache.internal.DefaultFileLockManager] Releasing lock on daemon addresses registry.
2026-09-07T17:59:38.942+0900 [DEBUG] [org.gradle.launcher.daemon.server.Daemon] Finished periodic daemon health check.
2026-09-07T17:59:48.945+0900 [DEBUG] [org.gradle.launcher.daemon.server.Daemon] Starting periodic daemon health check.
2026-09-07T17:59:48.946+0900 [DEBUG] [org.gradle.cache.internal.DefaultFileLockManager] Waiting to acquire shared lock on daemon addresses registry.
2026-09-07T17:59:48.946+0900 [DEBUG] [org.gradle.cache.internal.DefaultFileLockManager] Lock acquired on daemon addresses registry.
2026-09-07T17:59:48.946+0900 [DEBUG] [org.gradle.cache.internal.DefaultFileLockManager] Releasing lock on daemon addresses registry.
2026-09-07T17:59:48.947+0900 [DEBUG] [org.gradle.cache.internal.DefaultFileLockManager] Waiting to acquire shared lock on daemon addresses registry.
2026-09-07T17:59:48.947+0900 [DEBUG] [org.gradle.cache.internal.DefaultFileLockManager] Lock acquired on daemon addresses registry.
2026-09-07T17:59:48.947+0900 [DEBUG] [org.gradle.cache.internal.DefaultFileLockManager] Releasing lock on daemon addresses registry.
2026-09-07T17:59:48.948+0900 [DEBUG] [org.gradle.launcher.daemon.server.Daemon] Finished periodic daemon health check.
2026-09-07T17:59:58.938+0900 [DEBUG] [org.gradle.launcher.daemon.server.Daemon] Starting periodic daemon health check.
2026-09-07T17:59:58.939+0900 [DEBUG] [org.gradle.cache.internal.DefaultFileLockManager] Waiting to acquire shared lock on daemon addresses registry.
2026-09-07T17:59:58.939+0900 [DEBUG] [org.gradle.cache.internal.DefaultFileLockManager] Lock acquired on daemon addresses registry.
2026-09-07T17:59:58.939+0900 [DEBUG] [org.gradle.cache.internal.DefaultFileLockManager] Releasing lock on daemon addresses registry.
2026-09-07T17:59:58.941+0900 [DEBUG] [org.gradle.cache.internal.DefaultFileLockManager] Waiting to acquire shared lock on daemon addresses registry.
2026-09-07T17:59:58.941+0900 [DEBUG] [org.gradle.cache.internal.DefaultFileLockManager] Lock acquired on daemon addresses registry.
2026-09-07T17:59:58.941+0900 [DEBUG] [org.gradle.cache.internal.DefaultFileLockManager] Releasing lock on daemon addresses registry.
2026-09-07T17:59:58.942+0900 [DEBUG] [org.gradle.launcher.daemon.server.Daemon] Finished periodic daemon health check.
2026-09-07T18:00:08.947+0900 [DEBUG] [org.gradle.launcher.daemon.server.Daemon] Starting periodic daemon health check.
2026-09-07T18:00:08.948+0900 [DEBUG] [org.gradle.cache.internal.DefaultFileLockManager] Waiting to acquire shared lock on daemon addresses registry.
2026-09-07T18:00:08.948+0900 [DEBUG] [org.gradle.cache.internal.DefaultFileLockManager] Lock acquired on daemon addresses registry.
2026-09-07T18:00:08.949+0900 [DEBUG] [org.gradle.cache.internal.DefaultFileLockManager] Releasing lock on daemon addresses registry.
2026-09-07T18:00:08.950+0900 [DEBUG] [org.gradle.cache.internal.DefaultFileLockManager] Waiting to acquire shared lock on daemon addresses registry.
2026-09-07T18:00:08.951+0900 [DEBUG] [org.gradle.cache.internal.DefaultFileLockManager] Lock acquired on daemon addresses registry.
2026-09-07T18:00:08.951+0900 [DEBUG] [org.gradle.cache.internal.DefaultFileLockManager] Releasing lock on daemon addresses registry.
2026-09-07T18:00:08.951+0900 [DEBUG] [org.gradle.launcher.daemon.server.Daemon] Finished periodic daemon health check.
